y_true,y_pred
187000.0,151637.86
140000.0,135108.36
63000.0,72573.055
178000.0,174063.48
62000.0,84860.53
120000.0,148135.3
53000.0,97735.914
139000.0,184518.1
70000.0,67605.08
145000.0,136985.64
130000.0,158709.28
157900.0,148387.36
350000.0,252938.05
139900.0,170265.58
275000.0,265071.53
260000.0,244013.67
270000.0,272928.34
335000.0,303839.9
69900.0,71617.16
215000.0,134210.05
105000.0,181489.25
149900.0,153803.33
90000.0,105273.26
295000.0,267616.12
109900.0,125559.01
255000.0,216965.17
112000.0,104337.02
79600.0,85032.61
239000.0,185014.84
120000.0,145130.03
121000.0,143908.23
175000.0,160027.84
115000.0,111720.98
185000.0,151262.72
65000.0,80969.22
135000.0,169227.4
220000.0,245079.58
239000.0,272473.38
90500.0,76556.516
390000.0,223996.62
240000.0,210295.12
220000.0,203254.3
95000.0,71755.0
88000.0,117210.86
249000.0,355157.47
185000.0,214628.05
280000.0,419723.28
135000.0,153625.47
92000.0,85013.87
680000.0,549196.06
750000.0,617423.56
660000.0,627538.5
119000.0,126277.93
160000.0,133452.6
109900.0,91868.55
169000.0,114323.195
165000.0,123162.21
395000.0,375631.9
195000.0,251126.16
75000.0,81543.37
439000.0,390230.4
65000.0,67704.95
198000.0,274475.3
275000.0,318661.0
235000.0,156794.17
275000.0,227840.34
168000.0,144894.38
109000.0,99017.17
174999.0,181491.06
85000.0,119421.0
1400000.0,981827.0
102182.0,103459.914
105000.0,90698.74
70000.0,106745.836
115000.0,128140.65
159000.0,325888.88
350000.0,330904.66
89900.0,84971.28
45000.0,91479.79
89900.0,95928.586
120000.0,103975.06
99000.0,106085.15
350000.0,321559.6
87000.0,100002.76
125000.0,108355.63
199900.0,359442.7
60000.0,171778.8
123000.0,147260.3
91000.0,136018.28
80000.0,124491.11
109000.0,110875.2
118000.0,135126.02
114990.0,132907.97
280000.0,336648.06
107968.0,107362.42
49000.0,99173.34
160000.0,154150.62
148000.0,123048.52
225000.0,282074.88
109000.0,147260.3
170000.0,156904.66
149000.0,102732.375
195000.0,213031.38
369000.0,308325.78
87000.0,110927.77
165000.0,211192.61
175000.0,206885.11
650000.0,555335.56
219900.0,255068.95
144420.0,125304.03
260000.0,219807.0
94000.0,96160.28
137000.0,184144.89
139900.0,113231.58
230000.0,284219.9
55000.0,58173.805
510000.0,475074.6
95000.0,101753.69
80000.0,57133.18
88000.0,104443.57
298000.0,226456.48
105000.0,126295.24
88425.0,128174.41
328000.0,286294.75
350000.0,494523.0
95000.0,157214.25
120000.0,134129.31
178000.0,166184.22
330000.0,292606.75
210000.0,295534.6
139000.0,120420.49
360000.0,199148.02
182000.0,154150.62
600000.0,618017.3
89900.0,114780.58
124100.0,148376.83
144000.0,218839.31
245000.0,496120.4
215000.0,154594.03
128000.0,141533.5
107000.0,108558.61
320000.0,294420.97
123000.0,148682.23
168000.0,153448.33
169000.0,124593.91
83745.0,78918.555
147500.0,190050.73
70000.0,93601.61
105000.0,115950.35
1300000.0,912961.7
449000.0,428793.53
114000.0,101909.83
85000.0,112471.46
149000.0,141235.23
126500.0,144569.38
87000.0,103388.19
210000.0,198597.47
100000.0,103995.54
180000.0,697510.56
71500.0,98690.21
340000.0,334251.25
124300.0,119570.03
139000.0,213731.44
108000.0,84678.93
145900.0,148303.12
85000.0,94500.83
105000.0,107799.38
79000.0,107942.984
125000.0,179206.55
150000.0,145522.56
379000.0,683571.75
259000.0,247930.05
799000.0,1040905.5
137413.0,154995.73
164900.0,126582.64
153400.0,131764.73
64000.0,126444.74
349900.0,343903.94
249900.0,193943.27
142500.0,161899.39
130000.0,139354.6
68400.0,147148.3
65000.0,70699.37
110000.0,108355.63
110000.0,110171.48
178000.0,207312.25
95000.0,100054.34
340000.0,240924.77
42000.0,65878.89
145000.0,145825.14
93000.0,91829.63
129000.0,111147.375
675000.0,627723.94
315900.0,203087.81
200000.0,330904.66
125000.0,134175.6
115000.0,117079.805
52000.0,64714.027
85000.0,109578.484
63000.0,81501.875
129000.0,120769.56
125000.0,115880.28
78000.0,59584.074
349000.0,256779.89
295000.0,284220.66
209000.0,302826.56
470000.0,561565.8
72000.0,90698.74
469900.0,366289.5
92000.0,106189.36
229900.0,257913.27
260000.0,203456.0
79500.0,135235.8
78000.0,88711.6
1452000.0,763343.3
89000.0,91320.72
105000.0,118339.28
320000.0,418152.06
308195.0,190373.27
355000.0,370255.03
99000.0,137649.47
129795.0,129197.42
399000.0,367004.62
231569.0,186052.38
445000.0,276047.97
115000.0,106134.55
210000.0,188121.22
149900.0,177350.0
430000.0,456681.22
139000.0,132361.22
65000.0,52606.13
75000.0,64714.027
270000.0,258177.03
187000.0,175499.45
84900.0,85285.35
125000.0,108798.47
158000.0,256899.56
205000.0,178223.33
349000.0,295414.22
80000.0,59359.133
110000.0,84270.71
235000.0,196339.81
117000.0,116754.95
118000.0,102850.71
99000.0,125379.68
285000.0,314422.75
145000.0,163823.7
215000.0,205656.14
190000.0,314691.75
123000.0,106134.55
142000.0,156133.12
90900.0,114131.734
88000.0,66801.086
132000.0,104186.63
75000.0,119048.49
99000.0,102069.85
218000.0,172407.61
320000.0,406152.84
1200000.0,969178.44
68900.0,100054.34
348000.0,272771.34
1190000.0,535236.5
74000.0,114789.2
169900.0,205769.89
390000.0,343310.1
135000.0,194201.86
72535.0,107517.39
74500.0,57133.18
107500.0,118186.19
184705.0,146677.56
420000.0,514044.22
34980.0,80259.09
130000.0,134676.31
210000.0,133262.72
234800.0,270498.38
111230.0,99585.04
89000.0,88571.81
360000.0,328868.0
165000.0,149007.75
100000.0,132011.3
105000.0,109190.46
40000.0,52852.02
280000.0,206756.69
159000.0,210312.19
92000.0,100023.125
87000.0,136434.31
92000.0,130140.6
185000.0,171197.1
720000.0,599672.44
54000.0,72072.336
96000.0,72867.79
75000.0,92569.27
69000.0,64634.496
120000.0,106870.22
118000.0,101427.3
145000.0,115880.28
180000.0,191663.34
119513.0,110196.43
89000.0,144967.78
195000.0,126295.24
118500.0,96378.46
259000.0,206149.64
650000.0,897255.5
59000.0,103593.64
520000.0,219356.72
188000.0,213508.34
155000.0,148387.36
125000.0,133666.69
490000.0,432388.94
115000.0,129243.33
490000.0,475612.03
85000.0,109265.1
87000.0,77008.09
69800.0,104061.016
115000.0,140171.0
102500.0,108467.56
87863.0,125398.97
220000.0,179407.2
198000.0,237770.94
235000.0,257739.28
135000.0,271504.53
260000.0,191713.77
109900.0,122215.42
90000.0,58580.19
118000.0,200304.14
380000.0,585572.06
89000.0,110193.76
336500.0,307342.7
104892.0,105827.53
179000.0,199232.77
99999.0,121580.04
260000.0,218045.05
270000.0,281638.97
65000.0,92947.87
175000.0,203257.34
74000.0,91498.22
134900.0,145748.3
595000.0,314950.94
128900.0,114201.34
249103.0,292712.75
160000.0,193483.52
109000.0,105311.78
120000.0,136570.45
84900.0,85351.65
320000.0,319576.28
403000.0,278686.88
349000.0,274513.88
395000.0,420654.53
95000.0,98763.92
175000.0,157028.19
155000.0,138120.6
82800.0,82834.164
195000.0,205656.14
139000.0,226940.47
65000.0,73011.56
159900.0,169899.67
259000.0,383792.84
950000.0,710988.9
195000.0,186792.39
220000.0,399087.12
170000.0,158416.45
148000.0,169474.64
193000.0,174065.39
193000.0,136408.72
140000.0,133485.89
69900.0,68228.71
129600.0,125148.16
69000.0,78628.336
160000.0,159675.11
195000.0,272472.97
185000.0,223405.66
160000.0,128720.45
214900.0,332215.03
145000.0,171907.77
205000.0,266412.56
78000.0,99160.375
400000.0,406556.34
250000.0,161476.39
227000.0,347737.88
185000.0,274642.6
74482.0,73959.26
245000.0,202004.72
79000.0,149892.12
80300.0,58141.082
69000.0,135235.8
270000.0,219586.1
62000.0,85613.82
79000.0,107212.164
269000.0,270061.22
117000.0,166317.92
95840.0,88890.61
72000.0,84105.08
250000.0,203916.73
240000.0,282727.84
107000.0,97422.06
97500.0,96451.445
465000.0,534474.9
182700.0,149353.72
125000.0,119476.23
255000.0,237892.5
85000.0,96201.18
125000.0,115382.11
107000.0,186052.38
199900.0,144680.12
490000.0,264796.4
182000.0,164226.39
440000.0,445565.5
400000.0,838442.1
279700.0,307372.06
68000.0,72385.766
125000.0,114223.66
79000.0,77109.305
188000.0,134949.36
395000.0,343903.94
85000.0,100040.97
499000.0,343903.94
350000.0,276924.9
105000.0,132507.16
85000.0,94827.91
620000.0,366151.16
105900.0,88571.81
219800.0,177689.89
59000.0,72227.93
72000.0,93937.88
125000.0,133262.72
125000.0,123408.78
1500000.0,894298.0
129000.0,123162.21
83000.0,116364.16
74500.0,94699.56
80784.0,76487.36
118000.0,128140.65
340000.0,320782.34
95000.0,221648.2
203632.0,173694.6
139000.0,169418.38
82000.0,107517.39
120000.0,146313.78
72000.0,88571.81
435000.0,310341.34
475000.0,570141.4
110000.0,104186.63
135000.0,140113.2
370000.0,373546.53
140000.0,212330.67
49500.0,88116.04
155000.0,111692.61
290000.0,265565.88
920000.0,912961.7
138000.0,120437.78
213000.0,175730.6
95000.0,107869.27
107000.0,104865.27
119900.0,116754.95
99000.0,90316.36
69000.0,90003.51
193900.0,169474.64
89000.0,103640.69
75000.0,82995.86
100000.0,124171.22
215000.0,233814.8
149000.0,119924.484
67500.0,144465.8
129000.0,158606.42
110000.0,135002.27
107000.0,89728.85
224000.0,160627.1
64900.0,92714.57
99000.0,106542.16
395000.0,593906.6
290000.0,444159.9
65000.0,84194.37
268000.0,255387.83
115000.0,121618.34
155000.0,115643.24
83000.0,84194.37
125000.0,121580.04
179000.0,162609.58
148000.0,158607.72
200000.0,182314.8
45000.0,113961.08
78000.0,77603.414
97000.0,68528.42
79000.0,103017.72
98500.0,90326.77
145000.0,170301.44
68700.0,135291.27
58500.0,67620.83
225000.0,142733.22
950000.0,710988.9
240000.0,192570.53
350000.0,242367.14
66000.0,82992.85
127900.0,148852.55
99000.0,136628.6
163200.0,153435.86
325000.0,281154.66
158000.0,211471.88
160000.0,113135.484
110000.0,207693.36
45000.0,58091.984
262000.0,220227.08
69900.0,66051.5
290000.0,336288.72
405000.0,415870.16
92000.0,77081.805
89900.0,101071.586
185000.0,159613.7
125000.0,141829.69
230000.0,244837.23
380000.0,440139.06
175000.0,163215.64
150000.0,148591.83
216000.0,253711.45
64000.0,99500.4
98000.0,74004.75
239000.0,352612.12
125000.0,241466.34
109000.0,105273.26
108100.0,120470.64
210000.0,290398.1
320000.0,533641.0
130000.0,105156.67
359900.0,409134.88
195000.0,192956.2
119900.0,125718.445
250000.0,336648.06
190000.0,199441.22
295000.0,381208.94
128900.0,113231.58
680000.0,726794.7
229500.0,255103.98
120000.0,301618.28
105000.0,107051.63
300000.0,253481.89
318000.0,282194.8
69500.0,72758.03
395000.0,343903.94
73000.0,182048.98
400000.0,308325.78
76000.0,93663.75
239000.0,193368.02
64765.0,108355.63
72000.0,124783.55
110000.0,123288.164
65000.0,63673.69
1300000.0,839729.4
73000.0,81144.8
850000.0,912961.7
148000.0,233765.12
76000.0,99419.33
76000.0,101470.01
340000.0,245938.73
164000.0,222652.16
150000.0,216045.69
72500.0,110042.13
150000.0,156664.08
110000.0,201295.42
260000.0,176487.6
164900.0,202443.03
260000.0,255103.98
78000.0,100728.51
167000.0,196346.17
70000.0,69983.09
171000.0,137553.44
229500.0,197964.83
264000.0,196510.84
99950.0,103646.99
62000.0,60731.63
55000.0,67378.45
149500.0,163778.0
490000.0,379190.7
245000.0,183559.03
280000.0,498300.97
155000.0,158978.48
180000.0,154094.02
179000.0,175443.62
98000.0,115027.19
390000.0,300122.22
285000.0,359109.9
59000.0,73885.55
260000.0,317588.4
325000.0,376844.2
115000.0,123482.49
440000.0,287016.7
190000.0,110605.87
250000.0,277614.06
215000.0,145373.56
185000.0,245397.38
315000.0,302950.2
230000.0,200434.95
255000.0,293562.0
68000.0,115836.305
134000.0,189911.28
195000.0,206818.05
400000.0,421846.7
339000.0,484941.9
205000.0,311398.53
189000.0,189630.72
69000.0,136688.16
255000.0,222332.05
579000.0,309504.53
117200.0,147938.22
79900.0,109361.41
99000.0,98780.34
99000.0,150891.38
750000.0,710833.75
139500.0,95792.53
125000.0,171702.88
77000.0,86881.914
295000.0,242367.14
74900.0,101157.9
62000.0,78554.625
44000.0,55532.766
99000.0,94488.234
54900.0,52551.637
140000.0,150182.05
110000.0,141662.4
89000.0,141938.73
93000.0,86696.016
160000.0,147340.03
249000.0,209104.86
69000.0,82215.42
52000.0,88645.52
70000.0,77301.85
53000.0,87766.03
79900.0,76685.77
79000.0,63318.93
110000.0,104896.61
65000.0,72573.055
198000.0,274303.7
50000.0,67451.9
669000.0,876402.1
115000.0,116452.09
128000.0,142218.08
109900.0,73751.32
223500.0,145748.3
121500.0,115254.6
135000.0,180419.94
65000.0,104636.77
69000.0,87218.68
187680.0,184712.88
86306.0,108355.63
350000.0,267616.12
115000.0,125559.01
114426.0,113509.72
150000.0,107280.9
110000.0,109265.1
97460.0,79564.13
70000.0,121892.055
119000.0,99473.63
49500.0,90449.4
49000.0,90449.4
1250000.0,1025079.0
58000.0,92714.57
220000.0,172753.53
85200.0,71425.92
99000.0,139576.89
145000.0,251236.66
105000.0,118386.36
156000.0,133295.25
35000.0,49753.09
69000.0,119001.695
980000.0,767067.4
195000.0,299075.12
89000.0,90463.95
220000.0,146579.94
139000.0,110053.17
290000.0,144680.12
65000.0,72573.055
148381.0,133045.92
140000.0,133102.3
164500.0,213347.31
87800.0,169418.38
189900.0,143638.52
135000.0,118148.85
820000.0,707024.94
145000.0,156848.36
174000.0,227948.4
298000.0,281478.0
89000.0,88110.63
120000.0,128168.984
380000.0,383866.53
131400.0,157800.44
216000.0,168072.38
425000.0,576997.06
110000.0,111891.39
69500.0,93352.3
155000.0,205030.56
120000.0,142733.22
145000.0,138871.1
255000.0,260780.95
138000.0,160921.39
78000.0,78197.87
259000.0,267697.97
140000.0,90893.17
720000.0,364073.6
146100.0,132907.97
124000.0,143401.58
450000.0,493523.22
65000.0,58506.484
125000.0,275571.12
169000.0,159768.73
76000.0,86855.14
112000.0,110875.2
245000.0,240325.3
249000.0,177472.67
227000.0,131874.66
139000.0,201598.69
310000.0,249034.98
165000.0,220963.9
50500.0,74925.055
210000.0,238203.23
95000.0,110873.94
67000.0,73905.125
105000.0,118818.914
420000.0,343903.94
135000.0,99500.4
146000.0,169598.33
250000.0,254372.8
260400.0,301389.9
180000.0,139206.33
134000.0,137207.06
270000.0,232495.94
130000.0,338478.34
255000.0,204843.56
92000.0,122400.57
170000.0,319075.3
105000.0,94419.59
170000.0,271026.8
69000.0,136688.16
50217.0,145225.19
99500.0,117666.49
119000.0,105391.31
159000.0,209303.95
84900.0,63122.656
339900.0,513983.88
305000.0,279891.03
145000.0,154526.08
105000.0,114730.62
77000.0,103450.4
440000.0,466057.25
250000.0,277594.88
650000.0,371369.53
480000.0,397902.9
72000.0,85756.0
569000.0,694499.0
59000.0,150394.34
113000.0,127918.86
110000.0,112716.02
298000.0,225926.3
295000.0,219323.25
165000.0,204748.45
200000.0,220204.8
146000.0,108505.89
165000.0,159173.17
159000.0,128605.016
320000.0,265565.88
110000.0,116754.95
330000.0,375001.5
110000.0,147986.38
154900.0,134816.34
69000.0,75031.93
109900.0,117014.664
239000.0,237412.73
220000.0,301645.28
28000.0,120551.29
130000.0,155787.11
1500000.0,1005749.3
430000.0,442866.16
249000.0,285524.0
119900.0,139939.19
79900.0,88571.81
110000.0,133811.12
168000.0,159517.12
149000.0,163680.47
250000.0,302048.3
750000.0,432327.2
320000.0,324807.53
89900.0,126092.05
85000.0,99206.305
109000.0,152504.88
680000.0,574806.9
117325.0,181582.67
670000.0,705704.6
74000.0,86560.58
150000.0,216680.7
320000.0,319576.28
65000.0,101253.375
139000.0,149152.33
105000.0,107869.27
115000.0,156807.22
180000.0,141235.23
570000.0,300010.06
140000.0,136336.27
240000.0,255114.53
215000.0,210069.8
160000.0,170005.33
139000.0,154150.62
420000.0,240325.3
140000.0,150339.06
490000.0,491576.78
260000.0,350209.97
105900.0,108596.164
132000.0,127995.61
77282.0,87134.37
115000.0,115980.164
235000.0,177179.78
269000.0,270061.22
125000.0,106907.26
260000.0,192739.4
217000.0,188017.61
109000.0,146282.31
150000.0,108435.89
270000.0,362756.66
118000.0,107395.1
159000.0,274667.97
105000.0,201257.8
430000.0,197261.03
109800.0,133313.66
75000.0,87373.49
160000.0,235425.67
427000.0,454949.16
130000.0,157904.56
76000.0,68980.27
93000.0,233814.8
160000.0,230848.73
169000.0,240609.44
105000.0,104250.71
520000.0,615852.06
120000.0,96454.555
100000.0,109291.39
208000.0,240325.3
116000.0,154150.62
230000.0,274831.88
560000.0,516867.66
498000.0,833455.44
164800.0,143638.52
75000.0,110199.65
500000.0,504183.88
201343.0,175669.94
120000.0,200806.56
149000.0,132118.75
63000.0,135235.8
515000.0,876273.56
78000.0,64773.207
110000.0,150875.42
134999.0,188788.48
85000.0,110199.65
89000.0,97963.95
750000.0,879725.4
430000.0,248018.44
110000.0,111720.98
135000.0,113596.91
118800.0,126295.24
295000.0,430948.06
81900.0,68980.27
159900.0,162998.6
299000.0,282001.2
128900.0,103284.57
114000.0,139981.22
120000.0,106774.8
140000.0,108467.56
242000.0,295285.78
106000.0,240703.25
195000.0,211558.67
192000.0,288854.44
209000.0,210777.64
159000.0,181022.89
147000.0,159762.45
118000.0,112948.53
259000.0,231495.56
400000.0,313161.34
123000.0,120551.29
185000.0,248835.94
64900.0,70232.484
180000.0,171248.3
290000.0,182359.44
114900.0,140765.31
99500.0,107051.63
125000.0,166277.72
53900.0,82535.125
120000.0,121503.54
147898.0,202516.14
200000.0,264515.1
222000.0,366151.16
139000.0,237536.75
190000.0,115826.7
179500.0,242348.23
95000.0,94847.9
130000.0,145654.92
160000.0,138706.48
150000.0,220824.19
99800.0,108239.25
85000.0,103670.31
79000.0,104830.95
150000.0,163589.42
145000.0,103969.21
63000.0,53394.863
1100000.0,740587.06
220000.0,200426.73
104000.0,103640.69
89000.0,84616.87
125000.0,126809.734
550000.0,326116.2
249000.0,254369.22
430000.0,284047.4
83476.0,166837.72
72000.0,74795.9
185000.0,191525.39
100000.0,117895.27
109000.0,105280.64
165000.0,179347.58
660000.0,370287.8
235000.0,280813.88
980000.0,894298.0
147600.0,125559.01
153000.0,118186.19
60000.0,63179.863
139000.0,191395.6
149000.0,181853.78
85000.0,103418.89
350000.0,241390.23
179000.0,185993.9
120000.0,87291.2
124900.0,114675.445
135000.0,147519.28
137000.0,154274.1
295000.0,333590.22
63000.0,50158.375
79900.0,133672.95
415000.0,582690.0
390000.0,228577.03
199000.0,240325.3
170000.0,190874.31
175000.0,142999.84
115000.0,92142.46
68000.0,59113.242
235000.0,131533.17
93000.0,108488.75
69000.0,53080.76
135000.0,97116.555
62000.0,79700.43
134000.0,117957.35
99000.0,124097.51
96800.0,119793.49
330000.0,365452.44
89500.0,68946.586
170000.0,191395.6
118000.0,116525.805
397800.0,328220.28
155000.0,146313.39
138000.0,171545.0
195000.0,228950.92
80000.0,77154.85
189900.0,164575.81
165000.0,158539.25
137000.0,115980.164
86000.0,110875.2
189000.0,169474.64
62000.0,88587.086
347000.0,287228.88
142000.0,125148.16
140000.0,166646.23
56000.0,68427.99
100000.0,66849.28
278000.0,205128.69
92000.0,91280.984
85000.0,97851.97
69900.0,94699.56
179900.0,143638.52
130000.0,140801.27
130000.0,108214.83
118938.0,149691.44
580000.0,320691.28
178000.0,138916.86
99000.0,111393.53
220000.0,204843.56
175000.0,175822.03
335000.0,348122.72
159000.0,286234.78
84000.0,113452.69
117779.0,147811.64
375000.0,201805.1
194000.0,120326.08
165000.0,172709.73
170000.0,202004.72
124900.0,124936.195
65000.0,68290.14
141883.0,149169.53
360000.0,325888.88
220000.0,198801.1
75000.0,104722.89
190000.0,245593.52
590000.0,626076.25
128000.0,154672.0
163160.0,118339.28
109725.0,135855.38
85000.0,178265.7
250000.0,192739.4
248000.0,248768.88
220000.0,213844.16
275000.0,269942.7
399000.0,386406.53
105000.0,121447.35
52000.0,67452.164
148000.0,188251.2
80000.0,91755.92
173000.0,172291.78
210000.0,160814.88
72500.0,74564.32
215000.0,219366.12
560000.0,341126.97
179258.0,131203.53
670000.0,715391.94
160000.0,127845.15
280000.0,245079.58
220000.0,272288.0
98000.0,97899.38
210000.0,159617.39
98000.0,123078.125
159900.0,221828.84
89000.0,131358.2
85000.0,76082.91
259000.0,326042.5
94000.0,133369.14
116000.0,116826.01
220000.0,165222.84
435000.0,420104.88
275000.0,345261.53
145000.0,170268.22
168900.0,223131.84
77000.0,88170.64
159000.0,82113.71
600000.0,570786.5
134900.0,145436.9
260000.0,242367.14
430000.0,197261.03
119000.0,132821.05
42000.0,61887.234
790000.0,562101.75
790000.0,608656.44
100000.0,102494.484
89999.0,101046.36
111234.0,99585.04
260000.0,286294.75
39900.0,52852.02
90000.0,140059.48
215000.0,194553.62
70000.0,98690.21
225000.0,185392.94
49000.0,71257.55
35800.0,52551.637
185000.0,262052.23
65000.0,93937.88
138000.0,154274.1
33500.0,91336.66
105000.0,233814.8
155000.0,362006.0
320000.0,280690.53
101500.0,133811.12
160000.0,144697.44
75000.0,94356.414
375000.0,270572.06
125000.0,106308.65
168000.0,122776.234
120000.0,113595.49
140000.0,144697.44
108000.0,117744.98
85000.0,100796.63
193000.0,299075.12
120000.0,148110.89
85000.0,70879.41
125000.0,146052.11
179000.0,117922.914
149000.0,145373.56
99500.0,100023.125
200000.0,200806.56
99000.0,116301.195
85000.0,92807.24
103000.0,132234.73
129000.0,179935.27
109500.0,109553.05
90000.0,129430.22
138000.0,108533.93
115000.0,108309.42
135000.0,158927.16
350000.0,272771.34
134000.0,190593.4
183000.0,240999.05
275000.0,197561.44
398000.0,524496.3
100000.0,151286.81
135000.0,150394.34
345000.0,432327.2
215000.0,119570.03
230000.0,270498.38
120000.0,118439.04
195000.0,170301.44
120000.0,126461.47
118000.0,129749.22
780000.0,698804.75
99000.0,94453.27
120000.0,211553.95
349900.0,360729.16
780000.0,507969.47
75000.0,94282.7
210000.0,265363.7
110000.0,91074.52
295000.0,244814.81
900000.0,683571.75
117000.0,173282.33
287000.0,211558.67
270000.0,258177.03
110000.0,99561.34
129900.0,175668.47
189000.0,157991.36
125000.0,153994.22
89900.0,107942.984
195000.0,180031.31
130000.0,83368.99
230000.0,251639.75
69000.0,87138.48
110000.0,128047.87
320000.0,369567.3
288000.0,253711.45
109000.0,118988.336
145559.0,194201.86
290000.0,269942.7
115000.0,108467.56
225000.0,216121.89
465000.0,336648.06
51900.0,52606.13
82000.0,85770.83
120000.0,128047.87
183000.0,225112.8
109900.0,76569.66
95000.0,98908.48
510000.0,353455.38
81000.0,88663.53
135000.0,110004.2
550000.0,603792.94
148000.0,96115.83
110000.0,110171.48
135000.0,120238.06
89000.0,125304.03
160000.0,172813.97
83000.0,98656.83
975000.0,499796.44
300000.0,203087.81
165000.0,146677.56
115000.0,198540.95
150000.0,136230.25
115000.0,119570.03
102000.0,96426.65
160000.0,138512.22
110000.0,114714.305
173313.0,211243.98
170000.0,235226.11
142000.0,172636.03
116000.0,97972.586
239000.0,363614.16
120000.0,169130.77
77900.0,97548.55
130000.0,126006.375
200000.0,160553.39
178000.0,181291.64
320000.0,315336.3
105000.0,120032.61
123000.0,122926.7
110000.0,121521.7
104000.0,136985.64
82000.0,112231.77
540000.0,568841.6
105000.0,95273.766
280000.0,183515.14
164900.0,161904.12
920000.0,981827.0
207000.0,223759.62
470000.0,488922.97
169000.0,178932.17
140000.0,209095.77
248000.0,242367.14
135000.0,139760.17
175000.0,145333.23
765000.0,649516.3
129900.0,249089.95
68900.0,72286.445
128000.0,117973.3
92900.0,91541.805
77900.0,109778.8
185000.0,157229.73
115000.0,106041.75
595000.0,565054.6
110000.0,143401.58
140000.0,115027.19
39000.0,48097.98
255000.0,222069.7
595000.0,475149.62
260000.0,206857.23
149500.0,173623.67
138000.0,174531.25
90500.0,151784.27
64500.0,95603.24
230000.0,247848.66
284900.0,302768.22
168000.0,166183.12
99000.0,122442.35
135000.0,121580.04
130000.0,96426.89
85000.0,185671.48
680000.0,979359.7
68000.0,79637.31
70000.0,77998.11
210000.0,136408.72
95000.0,90449.4
105000.0,104722.89
380000.0,381690.03
170000.0,151697.69
397000.0,443899.34
144000.0,205724.64
129900.0,100105.984
210000.0,267201.47
185000.0,159675.11
795000.0,635278.44
82000.0,88663.734
260000.0,292612.4
259000.0,218149.39
198000.0,202031.95
89000.0,116425.51
415000.0,520968.03
88000.0,88166.234
81000.0,81008.89
108000.0,147176.62
189000.0,275239.7
370000.0,226665.36
115000.0,147097.23
325000.0,339520.53
349000.0,370369.94
62000.0,86596.26
69000.0,87941.61
380000.0,181928.97
73900.0,80928.41
72000.0,106085.15
165000.0,113014.7
140000.0,103940.34
169900.0,191391.44
129500.0,138946.98
83000.0,72617.414
265000.0,298965.2
380000.0,226665.36
75000.0,107922.7
112900.0,115651.45
115000.0,122630.195
68000.0,164225.42
52000.0,90449.4
217000.0,195636.12
195000.0,171031.0
299000.0,283062.1
142000.0,142620.69
83000.0,111828.37
150000.0,179935.27
120000.0,113686.03
87000.0,89340.445
105000.0,133153.23
119000.0,104574.16
119900.0,128646.74
185000.0,225004.81
199900.0,197292.08
162000.0,163007.2
240000.0,170340.06
99000.0,101909.83
320000.0,246609.36
385000.0,240605.52
179000.0,163457.7
78000.0,66812.1
365000.0,336648.06
55000.0,71739.04
392000.0,315336.3
101500.0,133178.94
116000.0,160888.1
63000.0,129066.805
120000.0,102406.82
208000.0,190845.17
67000.0,69487.266
475000.0,515846.53
212000.0,345261.53
199000.0,210562.94
179000.0,187961.19
178000.0,141114.73
119900.0,218871.11
139000.0,115623.99
339000.0,226665.36
107000.0,119236.836
74000.0,80153.02
248000.0,317662.1
170000.0,186819.45
295000.0,190588.22
144400.0,142474.67
210000.0,307342.7
149939.0,125398.97
240000.0,210768.98
110000.0,147019.78
465000.0,660306.94
250000.0,123254.375
130000.0,175449.0
99500.0,124311.8
479900.0,360107.34
80000.0,97808.89
85000.0,81916.59
190000.0,522651.72
820000.0,741421.1
1250000.0,900435.06
128000.0,118386.36
120000.0,139422.61
85000.0,77549.984
79900.0,96731.94
125000.0,133811.12
89000.0,112433.98
92000.0,117574.5
235000.0,202126.53
335014.0,216358.2
99000.0,74641.37
790000.0,749101.2
125000.0,139939.19
580000.0,535236.5
78000.0,96016.51
110000.0,111711.11
600000.0,412269.47
240000.0,274831.88
77000.0,97588.91
110000.0,110385.54
275500.0,204994.11
149000.0,154995.73
295000.0,244378.81
110000.0,122630.195
77000.0,114626.83
43530.0,54283.72
249000.0,379999.6
205000.0,213325.33
110000.0,114691.98
118900.0,115836.305
102000.0,102494.484
110000.0,102732.375
760000.0,533641.0
285000.0,294150.22
245000.0,176665.3
89000.0,83731.77
128000.0,134949.36
111720.0,128359.86
99000.0,124569.47
123100.0,132079.2
59999.0,70096.555
110000.0,146659.6
420000.0,374363.8
79000.0,90449.4
129900.0,106033.44
349000.0,355279.84
100000.0,80012.64
545000.0,457006.8
159000.0,166277.72
73000.0,150595.34
215000.0,168026.39
67000.0,60805.336
229000.0,262836.75
810000.0,541952.5
250000.0,427879.8
105000.0,119135.86
169000.0,184679.2
67000.0,86094.875
98000.0,125005.555
265000.0,210954.42
100000.0,86567.98
77000.0,56709.38
370000.0,421846.7
64765.0,99160.375
175000.0,218148.44
255000.0,284094.03
138000.0,140803.98
215000.0,138080.7
75000.0,126889.57
200000.0,225004.81
129000.0,138798.4
245000.0,215033.75
189500.0,169492.1
89000.0,95671.91
130000.0,97028.1
86900.0,90245.05
88300.0,102603.39
119900.0,125718.445
250000.0,302950.2
75000.0,119915.016
155000.0,179935.27
153000.0,148461.06
72000.0,72573.055
198000.0,237830.98
845000.0,554696.2
550000.0,602809.2
298000.0,195390.55
225000.0,227556.95
170000.0,161905.42
160000.0,148935.84
72000.0,63973.312
470000.0,629346.56
85833.0,77941.62
80000.0,198480.28
315000.0,310712.8
380000.0,324189.53
107300.0,132079.2
118000.0,104722.89
85000.0,66446.47
256000.0,671736.6
68000.0,105311.78
135000.0,107254.94
133000.0,133262.72
109900.0,145627.25
145000.0,161471.67
224000.0,218370.88
315000.0,366151.16
225000.0,216811.08
66900.0,79023.66
119800.0,104186.63
249000.0,364159.3
52225.0,85484.15
65000.0,78554.625
186000.0,191663.34
157000.0,160027.84
79000.0,85027.586
95000.0,111849.4
270000.0,234861.7
195000.0,274831.88
109900.0,112649.26
239000.0,344385.88
144900.0,167317.77
285000.0,316035.66
109900.0,116754.95
159990.0,133369.14
480000.0,386406.53
73000.0,104901.48
64500.0,64228.13
420000.0,483751.7
120000.0,118259.9
255000.0,156794.17
490000.0,461223.0
99000.0,153320.75
149000.0,126442.57
85000.0,118386.36
69900.0,119623.09
285000.0,349307.25
170000.0,152846.62
128000.0,195502.77
1350000.0,344824.4
112000.0,198797.47
285000.0,930210.94
650000.0,741421.1
79000.0,93861.32
185000.0,218884.84
52000.0,97925.68
147000.0,166728.75
199000.0,399083.97
84900.0,147722.84
670200.0,537284.1
156000.0,141376.31
1450000.0,981827.0
1050000.0,234629.02
350000.0,383866.53
500000.0,410868.25
220000.0,351158.16
110000.0,145206.45
220000.0,239720.08
94900.0,84659.195
148000.0,163215.64
95000.0,87759.125
99000.0,141055.33
239000.0,352612.12
219000.0,228430.36
380000.0,187697.88
58000.0,65560.51
165000.0,205030.56
288000.0,326644.6
239000.0,243715.89
138000.0,140102.4
90000.0,149695.6
170000.0,226575.47
165000.0,246846.8
270000.0,295042.47
172000.0,127918.86
183000.0,199148.62
130000.0,147641.16
320000.0,158640.73
118000.0,125295.97
48371.0,72562.13
200000.0,155069.44
87000.0,90795.805
275000.0,339260.62
68000.0,60803.094
94000.0,113274.07
420000.0,482114.78
295000.0,777995.7
134000.0,141235.23
680000.0,793227.1
199000.0,141235.23
72000.0,95743.164
108000.0,101460.625
79000.0,84286.93
93000.0,99644.66
120000.0,122607.05
185000.0,189529.36
68000.0,90017.08
202500.0,168072.38
110000.0,119570.03
127000.0,141946.42
170000.0,146677.56
920000.0,578553.4
360000.0,317866.62
1000000.0,1008865.94
195000.0,191874.3
370000.0,369548.47
370000.0,308325.78
90000.0,99689.5
155000.0,141334.19
520000.0,439634.44
650000.0,675267.25
79000.0,106439.83
84000.0,107295.03
155000.0,163134.88
129000.0,174211.48
129900.0,152880.03
68000.0,91030.305
119000.0,201586.33
128500.0,143564.81
129000.0,133666.69
290000.0,338540.34
130000.0,211211.27
520000.0,323000.4
185000.0,257390.61
175000.0,202004.72
42000.0,67378.45
211236.0,299252.34
83000.0,93974.85
51675.0,58611.39
165000.0,126976.414
250000.0,281154.66
97200.0,103086.35
49000.0,68528.42
175000.0,163007.2
155000.0,233814.8
600000.0,365415.94
117600.0,144227.97
369000.0,360451.16
239000.0,321731.66
69900.0,105569.07
49900.0,52679.836
100000.0,162657.03
88000.0,89167.766
56000.0,164225.42
185000.0,159675.11
60000.0,63853.207
110000.0,109809.89
43000.0,54184.383
250000.0,206149.64
120000.0,107869.27
85800.0,105827.53
233000.0,218545.58
420000.0,396602.7
139000.0,170501.73
180000.0,133144.16
130000.0,129907.25
176000.0,147974.88
149000.0,173933.3
75000.0,104865.27
260000.0,170870.08
125000.0,94460.875
1100000.0,414786.2
64765.0,99160.375
490000.0,391337.9
348000.0,287079.84
82000.0,84740.77
75000.0,109125.12
195000.0,229399.84
230000.0,232683.36
58400.0,80606.07
68000.0,94637.05
88000.0,98870.67
89865.0,113097.836
85000.0,122709.41
46900.0,52679.836
73000.0,99160.375
128000.0,73751.32
215000.0,168072.38
115000.0,74369.91
82000.0,81161.54
95000.0,97003.305
115000.0,103642.99
108000.0,111412.76
95000.0,108129.664
119000.0,134519.69
75000.0,103156.02
72000.0,87523.6
139000.0,180159.3
920000.0,977929.44
280000.0,155255.69
205000.0,213842.11
87000.0,98690.21
279000.0,208395.92
83000.0,99133.734
400000.0,269332.78
57000.0,72940.97
48000.0,85383.46
95000.0,95500.484
60000.0,58672.92
179000.0,277415.44
123000.0,96847.47
125000.0,147340.03
240000.0,371168.47
71000.0,102862.97
125000.0,138902.19
128000.0,114924.51
179000.0,181431.6
53000.0,94447.734
315000.0,295534.6
270000.0,245079.58
95000.0,95723.23
135000.0,112271.72
560000.0,513358.28
75914.0,108384.516
250000.0,249781.88
96000.0,98530.516
152000.0,179089.22
460000.0,404793.25
180000.0,181399.14
350000.0,314292.22
225000.0,289917.34
108000.0,151488.53
219000.0,237996.6
185000.0,166522.39
115000.0,144695.3
139990.0,224663.61
88000.0,69983.09
265000.0,330904.66
125000.0,141884.42
72000.0,79084.49
225000.0,343633.25
90000.0,91868.55
275000.0,320299.1
135000.0,128985.49
249000.0,252608.67
695000.0,564705.0
84000.0,93118.766
70000.0,83030.375
205000.0,265979.7
398000.0,585572.06
145000.0,150394.34
125000.0,143292.92
71000.0,85504.305
82000.0,116820.484
81000.0,100204.27
69800.0,73209.26
265000.0,325888.88
275000.0,266140.47
200000.0,164092.44
128000.0,131838.44
109000.0,121423.805
89000.0,85477.31
300000.0,326466.1
100418.0,106140.11
108000.0,98591.84
69000.0,136688.16
750000.0,536126.3
105000.0,84105.08
125000.0,86898.91
99900.0,96822.25
309000.0,329373.62
119900.0,132785.1
480000.0,215414.5
295000.0,285939.28
570000.0,528738.7
110000.0,116374.12
128900.0,133811.12
148000.0,128644.086
163000.0,125247.48
315000.0,495533.72
1480000.0,986253.06
76000.0,104605.98
97000.0,122464.01
66000.0,107412.67
99000.0,111390.93
185000.0,149367.22
280000.0,302048.3
98000.0,110171.48
59000.0,92565.43
128900.0,123612.65
59900.0,68528.42
1300000.0,721780.0
128000.0,89708.03
79900.0,66446.47
85000.0,94985.33
59000.0,58185.062
125000.0,113679.1
85000.0,72573.055
105900.0,88571.81
74000.0,82192.13
77000.0,89392.58
78000.0,108963.32
210000.0,266781.28
139500.0,103450.4
105000.0,102806.086
50000.0,51395.914
72000.0,99381.73
235000.0,138974.11
75000.0,82329.98
460000.0,445632.44
159000.0,191395.6
120000.0,154191.95
180000.0,284937.47
110000.0,97718.02
139900.0,221511.38
100000.0,140054.92
280000.0,178155.7
139900.0,111032.07
99000.0,99217.13
1150000.0,918298.06
195000.0,288826.25
89000.0,103642.99
1300000.0,844410.94
180000.0,179935.27
75000.0,98322.984
120000.0,197173.27
98000.0,202932.4
245000.0,171256.4
55000.0,85516.484
199000.0,144680.12
90000.0,101460.625
230000.0,259131.88
650000.0,475074.6
115000.0,100605.04
158000.0,205225.33
110000.0,140081.14
640000.0,560357.4
99900.0,123558.305
115960.0,100023.125
140000.0,119738.17
178000.0,206818.05
265000.0,252775.28
95000.0,131072.61
495000.0,439634.44
55000.0,52551.637
160000.0,154150.62
98000.0,101874.25
149000.0,122776.234
159000.0,258596.88
630000.0,531314.2
87000.0,71956.68
125000.0,148387.36
89000.0,93039.625
225000.0,279348.03
650000.0,354960.66
220000.0,172597.69
403000.0,534816.4
75000.0,88571.81
298000.0,400541.47
87000.0,103156.02
65000.0,89139.7
209314.0,186686.75
245000.0,248018.44
128500.0,145225.19
57000.0,94000.97
187000.0,221330.6
147000.0,181062.38
54600.0,56905.688
134000.0,128359.86
135000.0,157697.2
160000.0,102644.3
54900.0,87143.47
95000.0,116826.01
72000.0,104622.66
95000.0,108475.43
80000.0,85844.54
82500.0,96766.83
190350.0,137207.06
75000.0,75105.64
69000.0,136688.16
139000.0,140177.81
47000.0,58081.883
249900.0,214031.36
94900.0,97430.695
240000.0,374278.34
85000.0,103452.46
118000.0,111412.76
61500.0,80153.02
56400.0,93438.83
275000.0,247696.7
109999.0,142224.6
115000.0,124097.51
78900.0,69983.09
130000.0,137059.7
160000.0,111271.63
249000.0,243004.97
370000.0,371168.47
350000.0,343650.6
250000.0,384490.4
125800.0,143670.44
90000.0,80428.48
375000.0,325888.88
115000.0,160853.69
140000.0,154094.02
335000.0,309290.03
235000.0,254372.8
110000.0,172830.44
99000.0,107110.0
299000.0,447355.25
134000.0,180925.53
570000.0,366151.16
450000.0,242367.14
387000.0,370287.8
175000.0,195385.83
90000.0,95470.6
150000.0,114372.67
68000.0,126153.95
179000.0,168379.33
150000.0,128720.45
112000.0,128178.305
143000.0,151536.69
105000.0,108950.555
134500.0,135978.94
78000.0,63982.234
65000.0,101071.586
75000.0,133536.55
53900.0,157214.25
200000.0,173032.88
71900.0,101198.21
59900.0,59113.242
235000.0,357826.0
155000.0,231671.67
115000.0,119616.35
170000.0,125538.85
61000.0,94165.77
170000.0,118186.19
135000.0,183139.36
70000.0,68900.69
63000.0,86322.65
99900.0,199239.22
360000.0,357456.03
122000.0,101985.54
270000.0,171279.2
62000.0,124297.47
820000.0,383792.84
146000.0,130187.18
390000.0,235425.67
77000.0,95928.586
110000.0,86608.96
170000.0,246920.5
47000.0,61887.234
285000.0,308449.6
125000.0,126582.64
149000.0,133526.3
124000.0,130496.02
90300.0,79255.53
135000.0,155709.97
54400.0,97856.375
49900.0,67226.69
259000.0,267697.97
120000.0,123254.375
29370.0,112857.98
178000.0,152650.69
149000.0,146659.6
735000.0,455442.25
150000.0,146052.11
75000.0,72052.64
149000.0,166277.72
96000.0,108467.56
72000.0,97098.555
395000.0,243415.67
98500.0,83210.67
175000.0,134219.61
102000.0,121793.22
149000.0,149613.67
100000.0,104539.836
100000.0,117957.35
289900.0,289178.97
177000.0,169053.86
145000.0,141145.33
236000.0,202620.72
107000.0,108632.32
113900.0,115685.27
109900.0,166181.86
85000.0,112669.38
155000.0,136389.62
110000.0,92017.53
98000.0,117082.97
92000.0,119135.86
122000.0,137891.78
249000.0,260738.97
110000.0,115175.016
75000.0,94447.734
329000.0,325090.38
90000.0,107517.39
230000.0,254941.6
450000.0,575173.6
68500.0,66145.734
100000.0,94652.26
245000.0,325888.88
76000.0,78554.625
270000.0,251673.95
170000.0,133178.94
650000.0,386406.53
259000.0,198015.83
135000.0,104917.28
190000.0,168504.17
99500.0,96585.21
230000.0,183672.39
220500.0,182795.31
170000.0,138831.81
348000.0,334847.53
79000.0,105103.18
98000.0,83831.09
240000.0,228880.84
59000.0,76463.625
490000.0,563043.94
225000.0,220419.31
115000.0,116822.95
113000.0,147699.11
950000.0,371168.47
140000.0,124714.266
280000.0,197104.42
140000.0,105827.53
149000.0,149507.98
330000.0,423379.06
98000.0,143441.42
294500.0,226665.36
119500.0,144671.88
170000.0,146659.6
390000.0,308325.78
370000.0,440773.1
639000.0,456681.22
73500.0,99507.234
400000.0,442488.84
190000.0,271026.8
339000.0,335807.06
88000.0,96016.51
93000.0,140682.81
165000.0,139376.5
380000.0,361743.16
33600.0,52943.94
153000.0,146671.03
202000.0,153054.34
79900.0,85613.82
155000.0,122689.28
114000.0,101766.016
176000.0,196616.98
92000.0,95039.57
100000.0,94965.86
69000.0,58081.883
165000.0,205650.94
109000.0,126324.086
206700.0,161790.31
153800.0,119476.23
75000.0,79700.43
153400.0,148303.12
175000.0,189548.52
194900.0,195502.77
129900.0,131230.72
119000.0,131938.72
120000.0,131283.64
62000.0,84197.0
135000.0,129935.055
73000.0,97430.695
72000.0,121708.0
112000.0,146387.75
59000.0,96011.914
243000.0,204023.61
212000.0,345261.53
149900.0,168128.64
200000.0,260405.95
159000.0,142733.22
280000.0,249781.88
125000.0,180708.44
200000.0,203529.7
58000.0,93537.12
95000.0,94976.86
155000.0,231437.94
144000.0,156908.25
98226.0,147641.16
44000.0,55851.844
439000.0,351840.75
89000.0,128572.914
75000.0,86855.14
70000.0,59125.59
152472.0,133404.02
107000.0,136202.86
245000.0,302898.12
249000.0,271026.8
143000.0,151286.81
270000.0,292553.1
225000.0,193411.95
120000.0,115953.99
82000.0,98360.48
114230.0,103814.1
240000.0,299001.44
84900.0,121380.46
140000.0,151118.44
100000.0,117698.3
65000.0,103919.0
139000.0,141164.83
220000.0,200426.73
163000.0,180085.6
57800.0,52551.637
135000.0,134519.69
165000.0,231436.42
148000.0,104250.71
129000.0,123254.375
180000.0,193411.95
179000.0,258073.44
130824.0,142733.22
72000.0,88515.76
98000.0,94827.91
265000.0,185469.94
149900.0,156328.89
250000.0,361258.44
75000.0,131255.62
97500.0,54420.14
110262.0,126582.64
215000.0,245227.62
328909.0,394354.88
159000.0,160701.86
140000.0,176846.34
109999.0,216875.3
157500.0,105156.67
55000.0,67052.55
94900.0,107225.92
110000.0,162029.64
128000.0,174442.25
139000.0,112716.02
264900.0,287954.97
120000.0,114862.77
450000.0,890640.4
64000.0,93134.086
140000.0,115714.664
290000.0,294592.7
79500.0,84450.234
205000.0,176665.3
130000.0,116754.95
120000.0,112611.55
74500.0,79671.016
220000.0,340553.62
140000.0,171871.72
760000.0,510376.28
159000.0,183106.44
420000.0,365026.34
99000.0,141164.83
299000.0,338478.34
96600.0,102875.625
360000.0,352367.1
95000.0,150460.11
149900.0,126080.086
105000.0,107961.195
200000.0,236858.4
126500.0,128316.66
58000.0,56463.49
360000.0,357456.03
89000.0,116754.95
144000.0,186728.8
74000.0,82834.164
398000.0,712895.1
49900.0,67452.164
115000.0,145667.8
110000.0,123408.78
98000.0,150284.4
82000.0,103450.4
195000.0,203254.3
280000.0,231747.0
129000.0,110160.35
79900.0,101635.64
330000.0,353739.1
98000.0,92359.39
139000.0,141235.23
235000.0,388801.38
320000.0,333775.2
169000.0,133178.94
110000.0,111384.81
65000.0,90598.13
227400.0,206988.53
425000.0,355344.97
85000.0,101386.4
220000.0,230169.55
1100000.0,881880.94
89000.0,114623.3
108000.0,120207.57
155000.0,151434.5
234500.0,233193.89
269000.0,231996.7
92000.0,116946.38
175000.0,186650.38
134925.0,134754.12
215000.0,211253.94
69500.0,166946.3
55000.0,65176.37
115000.0,118867.664
108000.0,123408.78
590000.0,414786.2
100000.0,96162.11
100000.0,103861.08
46900.0,72569.68
142500.0,111491.695
150450.0,171536.16
169765.0,151588.4
215000.0,209303.95
258000.0,329373.62
151800.0,138655.25
198000.0,172939.19
109900.0,122979.91
181000.0,178252.48
126000.0,120891.4
95000.0,138604.06
122000.0,136628.6
1400000.0,810405.3
169000.0,143579.0
69900.0,100362.734
114500.0,121413.49
40000.0,52551.637
160000.0,159467.05
290000.0,326783.12
44000.0,68900.69
95000.0,101460.625
138500.0,157214.25
115000.0,85819.83
89000.0,112295.96
300000.0,337992.34
259000.0,229089.31
69000.0,175273.69
235000.0,196346.17
280000.0,369199.6
139000.0,105347.234
850000.0,807738.25
300000.0,357192.5
78000.0,91052.234
88000.0,82965.8
110000.0,123417.33
229500.0,219366.12
119000.0,66307.39
130000.0,152706.56
65000.0,95940.29
180000.0,192922.33
130468.0,144680.12
155000.0,265277.9
100000.0,72573.055
230000.0,315378.03
136200.0,140177.81
84900.0,113135.484
88000.0,102733.875
245000.0,228430.36
425000.0,544432.3
260000.0,188173.12
595000.0,379999.6
400000.0,293995.53
170000.0,186032.6
110000.0,101470.01
160000.0,154150.62
89000.0,112468.414
334000.0,252732.5
185000.0,203310.58
279000.0,377866.0
550000.0,593906.6
350000.0,366215.8
128500.0,137485.52
234000.0,243004.97
125000.0,158416.45
205000.0,222873.12
63166.0,90405.25
179000.0,183046.64
399000.0,293658.9
75000.0,84793.484
125000.0,150144.34
145000.0,157892.05
140000.0,103005.87
115000.0,127452.42
95000.0,107804.68
320000.0,217025.08
170000.0,138461.55
134000.0,158950.8
260000.0,287079.84
200000.0,194201.86
330000.0,314372.22
110000.0,139157.2
79900.0,82834.164
235000.0,202031.95
259000.0,218149.39
87000.0,85032.61
145924.0,154150.62
148000.0,145295.81
215000.0,252621.3
198000.0,155338.6
290000.0,196346.17
99900.0,164735.47
98000.0,92877.81
90000.0,107254.94
105000.0,97296.06
165000.0,226456.48
165000.0,184766.9
165000.0,255861.33
95218.0,103604.44
1365000.0,302048.3
280000.0,242367.14
298000.0,251863.89
199000.0,267524.78
220000.0,160627.1
350000.0,281902.25
115000.0,101098.914
145000.0,232255.64
83700.0,136354.4
145000.0,125718.445
189000.0,177353.14
125000.0,124986.54
82500.0,97786.73
500000.0,411733.5
128000.0,123031.336
165000.0,144680.12
69000.0,119748.51
147500.0,157778.22
105000.0,102711.08
110000.0,209106.69
109200.0,120739.836
118500.0,96378.46
183900.0,254172.94
200000.0,242207.84
130000.0,128140.65
110000.0,132234.73
108000.0,137212.23
100000.0,164223.5
99000.0,139499.98
748000.0,454516.88
85000.0,62421.5
76050.0,85351.65
188500.0,125472.68
80000.0,85891.96
139000.0,137207.06
115000.0,125483.25
165000.0,104543.72
145000.0,158503.42
90000.0,128140.65
60000.0,94827.91
84000.0,89340.445
229800.0,248018.44
79500.0,135235.8
260000.0,213638.2
192000.0,183759.77
69900.0,88912.15
152000.0,142474.67
349000.0,202722.86
49800.0,77228.56
167000.0,369576.53
84000.0,105016.6
256000.0,249175.94
282000.0,347737.88
50000.0,56463.49
180000.0,141145.33
235000.0,336688.3
165000.0,99528.54
63000.0,93192.48
65000.0,52551.637
238000.0,332215.03
170000.0,172071.44
330000.0,167716.77
248000.0,160756.06
64000.0,63622.707
76000.0,112944.19
159000.0,149954.23
795000.0,767675.9
280000.0,365526.12
110000.0,326958.16
181000.0,139223.05
249900.0,218552.62
160000.0,160122.36
110000.0,181816.19
95000.0,136976.53
61500.0,88097.74
149900.0,251236.66
470000.0,721663.3
239000.0,225197.67
118000.0,142999.84
89000.0,170554.28
237800.0,324379.12
143000.0,151286.81
135000.0,180808.3
180000.0,198025.84
380000.0,264796.4
570000.0,488922.97
105000.0,112546.04
180000.0,260902.7
320000.0,308706.06
156000.0,120907.51
109000.0,97548.55
72000.0,99644.66
80000.0,111637.4
245000.0,219356.72
62900.0,74641.37
238000.0,147974.88
85000.0,93969.55
139000.0,219356.72
215000.0,284937.47
239000.0,219439.83
369000.0,428793.53
240000.0,169988.81
185000.0,199293.19
110000.0,112789.734
140000.0,174531.25
60000.0,182930.12
115000.0,85820.23
109900.0,97116.555
280000.0,289178.97
74900.0,116452.09
79800.0,104901.95
125000.0,127190.05
95000.0,132410.02
110925.0,108908.86
72500.0,100605.04
260000.0,229089.31
289000.0,393353.38
240000.0,213031.38
398000.0,461223.0
120000.0,252170.47
135000.0,165692.6
85000.0,100384.35
99900.0,148360.48
230000.0,264939.4
164200.0,236675.36
349000.0,383866.53
93000.0,103127.01
199000.0,172311.31
69000.0,82207.836
88000.0,112074.17
133000.0,106555.87
315000.0,364159.3
75000.0,120310.625
50000.0,52852.02
62000.0,81660.45
110000.0,82146.85
230000.0,252108.34
170000.0,198480.28
270000.0,318879.72
96336.0,99473.63
129000.0,124642.016
75000.0,115767.53
128000.0,133452.44
117869.0,112995.19
130000.0,139288.1
99000.0,109778.8
170000.0,178802.06
420000.0,272216.75
880000.0,371168.47
123000.0,109809.89
460000.0,235425.67
215000.0,186650.38
75000.0,74004.75
55500.0,117735.19
65000.0,109201.65
310000.0,180008.97
398000.0,433891.8
99500.0,99424.51
110000.0,117922.914
79000.0,90924.15
119000.0,129361.33
200000.0,236987.78
310000.0,172636.03
235000.0,305966.28
110000.0,104186.63
349000.0,468337.2
75000.0,63259.754
109000.0,132507.16
158000.0,198658.12
105000.0,146671.03
125000.0,97479.25
175000.0,107918.89
84000.0,96585.21
465000.0,391416.06
93678.0,71889.945
150000.0,164509.36
150000.0,180461.58
75000.0,90374.06
174000.0,140081.14
180000.0,228205.42
73000.0,131255.62
160000.0,183705.25
225000.0,154995.73
165000.0,160732.16
168000.0,220419.31
229500.0,205322.23
120000.0,179232.47
545000.0,624451.3
75000.0,84440.55
155000.0,189548.52
540000.0,340671.06
520000.0,648834.2
420000.0,303694.8
97000.0,113171.805
49500.0,88116.04
106800.0,100458.93
110000.0,137623.31
695000.0,394354.88
300000.0,195502.77
230000.0,169474.64
500000.0,626055.5
349000.0,188349.9
98900.0,109742.28
430000.0,397681.6
250000.0,210563.88
89000.0,100754.5
389900.0,371168.47
750000.0,981827.0
139000.0,194912.33
175000.0,166250.81
69000.0,94238.73
64000.0,72940.97
184000.0,386406.53
178000.0,177228.31
117000.0,114481.68
78000.0,82457.664
78250.0,83136.96
320000.0,275245.22
110000.0,120238.06
179000.0,220824.19
126000.0,221299.66
105500.0,107869.27
285000.0,406107.34
110000.0,139981.22
238000.0,283338.38
105000.0,121180.2
59900.0,65600.664
199000.0,136758.25
290000.0,139384.69
125000.0,162333.89
80000.0,69152.45
129000.0,119616.35
147000.0,225089.53
201200.0,225112.8
87000.0,89340.445
170000.0,232255.64
193000.0,164575.81
390000.0,364159.3
140000.0,176997.47
250000.0,233225.53
200000.0,161194.02
199000.0,265363.7
176000.0,222122.58
59000.0,87103.64
180000.0,238098.38
210000.0,153642.16
85000.0,82412.77
56900.0,90523.11
95000.0,128148.2
124500.0,142733.22
240000.0,217383.2
148000.0,160627.1
97000.0,145099.38
66000.0,61641.344
259000.0,190373.27
219000.0,219356.72
74550.0,88426.87
110000.0,145373.56
370000.0,513644.8
58000.0,72219.64
210000.0,163134.88
128000.0,118011.13
250000.0,211143.66
170000.0,305966.28
352000.0,301034.75
51500.0,114711.9
128900.0,161899.39
189000.0,197618.03
69000.0,97404.04
130000.0,157803.25
235000.0,265565.88
80000.0,109672.875
100600.0,112500.81
185000.0,245887.38
48900.0,77943.14
144900.0,229641.9
58000.0,226929.14
446556.0,411733.5
98500.0,105473.22
200000.0,184321.67
395000.0,570514.94
95000.0,87910.24
144000.0,228577.03
229000.0,253637.75
85000.0,110927.77
79000.0,103919.51
198000.0,178631.12
140000.0,338478.34
289000.0,242354.89
245000.0,172709.73
105000.0,127557.97
154900.0,136037.06
160000.0,138512.22
189000.0,202263.31
220000.0,272473.38
285000.0,345261.53
89000.0,84867.195
82000.0,96011.914
125000.0,91100.984
550000.0,429795.03
360000.0,308875.84
120000.0,220419.31
220000.0,174831.33
170000.0,183426.77
85000.0,129895.81
80000.0,98991.68
69000.0,118178.19
219000.0,190446.97
65000.0,77716.38
350000.0,299667.0
100000.0,119092.85
89000.0,89655.14
77000.0,86010.1
218000.0,189268.78
64000.0,61214.613
275000.0,201738.17
99000.0,81834.586
330000.0,138673.02
315000.0,278737.44
495000.0,198827.58
160000.0,174455.9
180000.0,142733.22
150000.0,161291.39
105600.0,100277.984
107000.0,108335.36
330000.0,385323.9
105000.0,214628.05
420000.0,289919.6
112000.0,128359.86
229000.0,363603.88
99000.0,110809.875
220000.0,295604.72
730000.0,851459.1
90000.0,81003.39
83766.0,126393.34
79500.0,135235.8
145000.0,144680.12
210000.0,252224.86
110000.0,118460.07
55000.0,65600.664
105000.0,133401.69
157000.0,230514.7
120000.0,117772.01
79000.0,103388.19
118000.0,119395.875
139000.0,171555.56
69000.0,77603.414
539000.0,257726.67
182000.0,194201.86
87000.0,151829.44
83000.0,93810.625
120000.0,91868.55
163000.0,146904.05
262000.0,187437.62
350000.0,345261.53
159000.0,168072.38
598000.0,417771.7
151000.0,123482.49
188000.0,214583.6
670000.0,397681.6
410000.0,325988.84
360000.0,218262.72
98000.0,143355.67
299000.0,234062.94
115000.0,106780.09
114500.0,101909.83
1150000.0,974354.7
99000.0,141164.83
115000.0,157408.78
670000.0,913872.0
179000.0,171485.06
219000.0,254960.31
176726.0,164149.25
169000.0,184144.89
99000.0,102603.39
72000.0,120568.59
105000.0,129899.33
290000.0,366151.16
47000.0,61586.855
85000.0,92153.0
119000.0,184329.61
147000.0,139087.83
160000.0,217626.16
76000.0,68429.1
132000.0,111891.39
170000.0,153970.28
129000.0,188251.2
290000.0,155228.83
99500.0,106491.66
85000.0,103156.02
95000.0,95131.18
115000.0,99990.414
115000.0,124390.74
122000.0,213256.44
245000.0,207101.23
105000.0,101470.01
112500.0,118186.19
85000.0,135998.52
260000.0,254597.27
188000.0,191663.34
240000.0,307917.66
140000.0,145654.92
146188.0,134667.75
230000.0,278977.7
130000.0,140054.92
139500.0,118386.36
230000.0,228577.03
164000.0,204748.45
72000.0,79006.42
215000.0,177270.62
100000.0,140048.9
93000.0,127702.0
99999.0,150875.42
345000.0,665860.9
140000.0,153435.86
340000.0,327650.97
155000.0,269332.78
395000.0,691046.3
550000.0,428072.94
120000.0,113687.414
250000.0,571060.75
89000.0,117079.805
83000.0,98870.67
170000.0,171536.16
110000.0,134949.36
73000.0,200377.84
200000.0,209254.64
450000.0,346333.5
199000.0,172417.31
159000.0,140608.66
175000.0,245330.86
99000.0,107529.55
235000.0,265845.66
110000.0,133451.0
160000.0,218370.88
250000.0,200806.56
200000.0,159341.2
69900.0,93452.06
295000.0,251803.05
155000.0,142931.34
70000.0,97503.32
137500.0,207829.11
129000.0,142399.67
89000.0,115175.016
359000.0,271035.3
275000.0,237612.92
150000.0,219754.48
56000.0,54420.14
133219.0,212330.67
66000.0,91994.4
85000.0,148173.44
127000.0,141946.42
79628.0,72072.336
78000.0,93537.12
175000.0,239550.06
586600.0,397821.6
76700.0,77252.3
110000.0,121580.04
156000.0,238872.38
175000.0,219523.06
120000.0,124171.22
78000.0,81834.586
385000.0,391895.4
128000.0,103466.375
72000.0,108385.14
249000.0,475257.62
78000.0,97786.73
155000.0,168453.03
124287.0,133262.72
158700.0,113389.64
79000.0,68282.32
95000.0,96804.76
160000.0,160122.36
93500.0,109750.914
75000.0,86696.016
235000.0,308325.78
245000.0,181125.69
135000.0,130154.07
115000.0,101613.14
195000.0,251639.75
79000.0,100466.24
560000.0,454463.5
169500.0,128174.41
189000.0,125387.55
145000.0,115571.28
165000.0,142620.69
225000.0,206818.05
195000.0,163712.84
160000.0,194956.55
105000.0,111005.91
79900.0,109656.97
390000.0,370369.94
120000.0,148675.62
97900.0,117014.664
333000.0,258177.03
159000.0,236365.0
850000.0,479946.0
119000.0,138990.56
134000.0,147340.03
183000.0,154150.62
405000.0,362941.66
69000.0,93326.13
140000.0,170339.28
145000.0,155436.27
120000.0,121617.49
160000.0,132785.1
65000.0,89312.15
89900.0,245554.88
171800.0,132417.61
120000.0,142889.81
165000.0,255476.86
318437.0,336498.88
490000.0,445050.06
79500.0,82143.51
89000.0,108558.61
65000.0,65600.664
75000.0,97114.586
567000.0,549084.94
1100000.0,767824.94
107000.0,101543.72
178000.0,162632.39
125000.0,157496.62
178000.0,180322.52
129500.0,89241.48
595000.0,361925.8
235000.0,245961.08
190000.0,168400.69
176000.0,128359.86
248000.0,329373.62
176000.0,258596.88
310000.0,274579.66
99999.0,108666.42
89000.0,91377.42
147900.0,144871.5
109000.0,127753.05
265000.0,280018.06
250000.0,202004.72
72000.0,87373.49
76000.0,83961.7
179000.0,160027.84
212000.0,345261.53
119000.0,202389.75
217748.0,193284.34
80000.0,65600.664
518000.0,389144.38
129000.0,181859.78
115000.0,125177.016
133000.0,169418.38
134000.0,89340.445
110000.0,106272.97
160000.0,183106.44
70000.0,87867.9
82600.0,126582.64
159580.0,178230.38
125000.0,143908.23
295000.0,600613.94
150000.0,133451.0
97200.0,119064.01
220000.0,298135.1
315000.0,386406.53
75000.0,133527.89
95000.0,134645.45
210000.0,281638.97
226000.0,280813.88
130000.0,191663.34
58000.0,93182.79
208000.0,190845.17
169000.0,145667.8
138000.0,178369.16
61000.0,81803.234
800000.0,573215.8
130000.0,265487.4
535000.0,478055.84
175000.0,178469.38
110000.0,146671.03
168000.0,209303.95
120000.0,97585.48
150000.0,247498.0
260000.0,289178.97
130000.0,121503.54
145000.0,133075.88
78000.0,108435.89
175000.0,156642.6
250000.0,217584.16
175000.0,193485.5
170000.0,129495.24
165000.0,204477.28
75000.0,110541.32
145000.0,142046.64
179900.0,225701.25
60000.0,102603.15
335000.0,486988.53
605000.0,360530.53
73000.0,73733.11
249000.0,216558.67
110000.0,125553.54
85000.0,86747.21
85000.0,164185.88
57000.0,52551.637
135000.0,111491.695
225000.0,321731.66
145000.0,163007.2
105000.0,101640.055
850000.0,479946.0
122000.0,104041.45
80000.0,113899.086
142000.0,112322.28
790000.0,713461.06
140000.0,127022.445
225000.0,256779.89
139000.0,155338.6
75000.0,113984.555
75000.0,70618.08
42000.0,53017.65
158000.0,123482.49
150000.0,161967.88
550000.0,787800.5
395000.0,328220.28
495000.0,557505.25
130000.0,103924.19
300000.0,380073.28
42000.0,118894.92
198500.0,206163.66
112000.0,136982.9
49900.0,58114.184
55000.0,75155.66
420000.0,498300.97
435000.0,671231.94
112000.0,170712.02
129500.0,103101.71
50000.0,67474.805
241600.0,238269.39
225000.0,224663.61
115000.0,113135.484
390000.0,412269.47
260000.0,181772.6
109000.0,133262.72
129600.0,118122.54
35000.0,105939.43
74000.0,91052.234
165000.0,229106.78
95000.0,169057.45
310000.0,259600.8
88000.0,96426.89
50000.0,95704.0
215000.0,158416.45
110000.0,92177.08
185000.0,181619.17
155000.0,164062.36
80000.0,78814.3
123000.0,101470.01
105000.0,108950.555
128000.0,151286.81
112000.0,125727.58
420000.0,385881.34
89900.0,83527.15
109000.0,279614.25
85000.0,105570.375
64000.0,76364.03
62000.0,67378.45
381885.0,364899.94
150000.0,215315.02
220000.0,187236.11
140000.0,119476.23
131000.0,166223.17
62000.0,95105.25
400000.0,341126.97
239000.0,179684.67
75000.0,79023.66
135000.0,117388.11
80500.0,77997.93
195000.0,152144.33
180000.0,176397.95
90000.0,129278.266
85000.0,90875.8
78000.0,73185.24
78000.0,75013.45
120000.0,125005.555
65000.0,64890.66
989000.0,221299.66
75000.0,90698.74
99000.0,107212.164
120000.0,102273.02
69000.0,92569.27
345000.0,489518.1
79679.0,102294.9
320000.0,264365.7
45000.0,48097.98
219999.0,190050.73
250000.0,213822.1
147000.0,121580.04
52000.0,56317.004
79000.0,78918.53
250000.0,501626.4
53000.0,70827.67
155000.0,145130.03
130000.0,107517.39
79900.0,98094.8
85200.0,88285.766
109900.0,104901.48
128000.0,159675.11
145000.0,150394.34
115000.0,165806.89
130000.0,356082.62
235000.0,254962.0
69900.0,79871.97
59500.0,67458.125
450000.0,450718.53
90000.0,129278.266
125000.0,140803.98
135000.0,141308.94
110000.0,96534.914
672000.0,322335.72
92950.0,119523.97
139000.0,169237.38
105000.0,112611.55
250000.0,181129.14
224500.0,149868.72
675000.0,682849.56
205000.0,159467.05
165000.0,158418.25
70000.0,78071.64
160000.0,186521.11
145000.0,288037.28
115000.0,136985.64
85000.0,90598.13
398000.0,362756.66
110000.0,127482.87
142000.0,140102.4
99000.0,106079.4
590000.0,325888.88
185000.0,146677.56
355000.0,324189.53
75000.0,69744.4
130000.0,108467.56
79900.0,108428.875
89000.0,109667.4
780000.0,621874.25
127000.0,131971.84
75000.0,107171.836
120000.0,141548.8
1250000.0,400971.12
90000.0,170712.02
70000.0,99500.4
130000.0,113595.49
187000.0,136408.72
55000.0,61218.773
190000.0,182793.03
188148.0,191033.4
250000.0,182485.47
95000.0,109291.39
140000.0,149839.17
425000.0,570514.94
125000.0,98763.92
85000.0,99107.71
45000.0,52551.637
190000.0,284219.9
125000.0,113670.62
120000.0,179935.27
235000.0,190050.73
145000.0,132417.61
98000.0,100927.69
102000.0,97028.484
59000.0,68364.67
149000.0,141235.23
215000.0,172116.95
218000.0,234211.86
110000.0,119672.71
140000.0,215506.84
139000.0,163782.64
195000.0,125524.27
173000.0,136408.72
286000.0,492020.0
69000.0,101181.82
257000.0,264796.4
135000.0,303312.0
140000.0,108558.61
255000.0,277097.84
530000.0,502897.6
345000.0,302950.2
310000.0,315027.97
130000.0,136226.27
88000.0,95796.94
350000.0,269375.75
135000.0,150460.11
200000.0,296313.84
235000.0,355573.4
95000.0,113595.49
79500.0,100689.96
230000.0,228613.89
148500.0,118186.19
78000.0,77252.3
85000.0,114236.41
112000.0,119578.664
75000.0,66150.82
139000.0,174211.48
258030.0,305808.7
52500.0,164223.5
125000.0,141946.42
215000.0,192230.11
91644.0,108355.63
220000.0,217123.11
135000.0,139486.03
45000.0,60080.13
70950.0,83488.625
420000.0,539126.4
37356.0,134333.1
90000.0,104813.91
79000.0,114490.305
118000.0,119578.664
89000.0,164678.45
52000.0,100054.34
119000.0,117698.3
122000.0,142655.5
99000.0,103642.99
113000.0,138034.94
130000.0,225834.45
179000.0,124642.016
395000.0,420654.53
89900.0,94197.64
420000.0,364159.3
89900.0,59787.07
79900.0,99412.56
104900.0,127848.79
348000.0,201738.17
340000.0,328220.28
199000.0,168932.1
285000.0,543495.56
139000.0,188091.31
100000.0,173757.27
110000.0,111134.97
70000.0,201257.8
980000.0,924821.2
96530.0,67539.32
105000.0,91541.805
115000.0,136674.23
650000.0,707814.8
219000.0,233006.67
420000.0,435394.34
80900.0,107961.195
62000.0,64390.43
120000.0,94105.85
825000.0,923816.56
400000.0,355285.12
249900.0,198961.08
135000.0,116937.0
249500.0,236485.28
287000.0,204651.88
199000.0,211176.39
210000.0,180139.06
80000.0,94847.9
175000.0,204843.56
79900.0,73668.93
170000.0,121308.99
129000.0,129935.055
109000.0,146282.31
79000.0,102187.62
175000.0,171650.69
229900.0,174442.25
140000.0,174531.25
279900.0,181062.38
80000.0,98639.76
332000.0,310507.97
108000.0,109036.77
230000.0,213144.34
189000.0,262690.3
229000.0,249034.98
193000.0,119476.23
108000.0,108335.36
240000.0,211017.7
155000.0,207253.52
115000.0,105473.22
165000.0,255861.33
85000.0,98870.67
159000.0,193228.84
590000.0,475074.6
125000.0,102068.56
470000.0,319354.4
175000.0,192679.56
209900.0,139123.73
79942.0,123639.12
108000.0,95747.72
400000.0,255355.02
108000.0,107468.81
163000.0,195090.52
98000.0,131476.33
53000.0,96904.79
148000.0,129066.805
360000.0,269332.78
75000.0,103866.63
198400.0,225112.8
183000.0,133262.72
129500.0,199905.39
149000.0,137791.4
120000.0,121580.04
59000.0,74897.62
125000.0,121535.25
320000.0,291991.62
147000.0,269582.1
780000.0,562229.5
160000.0,182793.03
79268.0,196781.94
290000.0,149135.47
99000.0,151829.44
238000.0,186819.45
87900.0,113987.01
250000.0,212846.25
110000.0,93118.766
77000.0,104912.96
129000.0,86846.92
119000.0,100225.64
183000.0,161291.39
99000.0,121503.54
79800.0,82497.5
125000.0,97028.1
460000.0,571400.4
64000.0,108950.01
240000.0,244214.2
95000.0,94380.45
97815.0,128174.41
100000.0,95928.586
85000.0,107869.27
280000.0,287079.84
148000.0,231437.94
128000.0,129973.04
62000.0,104687.92
198000.0,254347.33
139000.0,137941.81
65000.0,67539.32
105000.0,117368.65
1100000.0,800753.25
109000.0,119077.35
230000.0,209376.78
61200.0,99858.266
450000.0,411367.62
359000.0,359952.8
52000.0,64691.47
115000.0,109291.39
100000.0,148543.94
595000.0,388107.12
109900.0,99017.17
83000.0,211418.27
93000.0,123408.78
620000.0,360072.56
131000.0,120609.55
63500.0,93134.086
130000.0,158606.42
250000.0,286958.94
990000.0,414786.2
59000.0,68674.53
139000.0,115651.45
58000.0,76161.664
86800.0,113932.06
149000.0,174210.42
150000.0,153310.94
115000.0,94291.8
79500.0,115267.375
120000.0,105467.99
160000.0,150182.05
74500.0,78904.94
630000.0,501910.88
82000.0,209475.12
70000.0,78390.41
103000.0,118199.805
115000.0,212330.67
128000.0,129627.086
120000.0,96703.16
395000.0,364159.3
270000.0,258688.0
58100.0,85440.35
280000.0,258596.88
239000.0,280637.7
280000.0,392501.53
149900.0,149432.17
110000.0,120739.836
135000.0,116120.45
175000.0,138843.45
146000.0,195502.77
1300000.0,997636.06
69000.0,68528.42
98000.0,96773.875
212083.0,186686.75
77000.0,101130.53
213000.0,146677.56
65000.0,94066.24
349900.0,343903.94
73200.0,76495.945
130000.0,120465.766
93000.0,84678.93
155000.0,167688.42
116000.0,90351.96
450000.0,454974.12
110000.0,109541.984
124900.0,116125.01
120000.0,154150.62
116876.0,168094.39
215000.0,137649.47
139900.0,198797.47
74900.0,69210.68
155000.0,133707.48
66500.0,93142.95
186000.0,145131.22
105000.0,107703.33
120000.0,148814.7
120000.0,118259.9
380000.0,282001.2
65000.0,111271.63
160000.0,134645.45
229000.0,198486.88
95000.0,90449.4
229000.0,270498.38
108000.0,124097.51
85000.0,85800.63
175000.0,219925.88
77000.0,56709.38
69000.0,85360.88
187000.0,173694.6
85000.0,102004.336
210000.0,338897.4
240000.0,200434.95
129900.0,127904.945
125000.0,116754.95
340000.0,242367.14
1150000.0,517234.47
200000.0,235391.94
251100.0,211176.39
139000.0,128572.914
82000.0,163893.6
160000.0,259438.22
149900.0,179214.42
110000.0,107869.27
105000.0,114179.85
400000.0,414002.06
79000.0,92147.35
83000.0,85969.43
288900.0,239864.19
109000.0,132507.16
85000.0,101180.1
440000.0,352367.1
160000.0,130396.26
395000.0,457626.94
430000.0,178795.11
34980.0,80259.09
350000.0,541612.8
340000.0,315336.3
179000.0,162001.77
278000.0,271026.8
130000.0,142999.84
52000.0,63351.676
235000.0,286041.56
155000.0,135180.78
65000.0,63259.754
139000.0,151536.69
57000.0,56463.49
353800.0,289919.6
340000.0,282194.8
305000.0,386406.53
145000.0,140372.23
135000.0,140102.4
170000.0,132011.3
149000.0,189622.22
49000.0,70329.28
140000.0,117079.805
90000.0,97899.38
425000.0,499796.44
165000.0,161115.22
225000.0,170925.64
389000.0,222873.12
410000.0,316035.66
115000.0,212070.83
175000.0,165296.55
210000.0,181928.97
270000.0,222873.12
780000.0,812302.56
75000.0,88405.72
79000.0,143572.06
650000.0,867350.06
62000.0,97856.375
190000.0,158607.72
99000.0,119131.47
114500.0,152682.44
990000.0,930192.7
104900.0,116646.18
290000.0,244814.81
110000.0,117873.78
129000.0,139981.22
129000.0,141370.83
139800.0,191663.34
790000.0,683485.2
225000.0,316035.66
82000.0,103156.02
1090000.0,1042313.9
140000.0,134949.36
63000.0,86010.1
165000.0,105846.9
580000.0,343650.6
72000.0,64228.13
115000.0,111104.695
55000.0,98828.68
69000.0,136688.16
62000.0,58797.445
210000.0,171572.53
65000.0,59113.242
110000.0,114223.66
112000.0,113367.83
200000.0,211558.67
98000.0,127203.445
150000.0,121522.49
63000.0,75031.93
115000.0,98221.086
280000.0,298286.88
160000.0,180758.56
98000.0,129172.11
260000.0,273596.06
280000.0,324842.78
250000.0,303919.9
46000.0,52551.637
595000.0,316065.2
80000.0,90698.74
136000.0,128359.86
190000.0,232329.34
495000.0,463953.7
47500.0,61979.156
92000.0,108196.555
225000.0,175043.55
175000.0,152381.7
90000.0,103917.83
175000.0,118689.86
66000.0,87143.47
65000.0,70524.984
119000.0,129569.15
680000.0,912961.7
120000.0,130834.79
139900.0,130988.41
75000.0,106189.36
450000.0,683571.75
65000.0,136286.39
150000.0,151312.4
120000.0,197173.27
295000.0,338478.34
55000.0,63041.113
132000.0,144115.34
68000.0,79671.016
69500.0,90698.74
475000.0,593906.6
98000.0,99932.14
499000.0,533388.56
599000.0,471333.38
90000.0,112074.17
119000.0,160450.97
140000.0,143908.23
1290000.0,334493.97
147000.0,160986.19
67000.0,76553.01
125000.0,127198.69
83000.0,94982.65
330000.0,249760.67
189700.0,202707.72
103000.0,115836.305
82000.0,87523.6
139900.0,178073.27
290000.0,257188.8
162000.0,169474.64
155000.0,184419.2
74900.0,81834.586
85000.0,86606.67
108000.0,125052.22
89990.0,73869.695
449000.0,385492.97
59000.0,56813.766
1250000.0,972642.9
205000.0,264796.4
135000.0,109295.59
132000.0,164376.44
76000.0,106366.95
73000.0,59193.504
298000.0,425581.88
740000.0,455684.53
359000.0,458759.25
185000.0,176441.5
209900.0,159675.11
185000.0,213423.06
255000.0,195974.56
159000.0,126547.734
185000.0,161259.03
110000.0,125387.55
530000.0,492956.84
470000.0,318879.72
220000.0,226739.06
137280.0,104917.28
225000.0,206818.05
440000.0,532077.94
230000.0,177179.78
71500.0,99160.375
188000.0,149928.69
180000.0,161115.22
421000.0,439634.44
55000.0,85484.41
160000.0,198844.92
99000.0,118892.08
150000.0,134174.03
159000.0,150544.5
165000.0,220109.45
150000.0,111613.54
225000.0,227370.2
195000.0,207548.92
340000.0,389537.94
130000.0,114131.734
73000.0,85800.63
135000.0,145125.17
67500.0,66150.82
103931.0,125379.68
590000.0,797714.1
64900.0,77867.91
288000.0,262779.8
45000.0,62681.273
146000.0,193571.02
1000000.0,871740.9
72000.0,60731.63
85000.0,106140.11
187000.0,186650.38
358150.0,249034.98
175000.0,145333.23
174000.0,353801.22
89000.0,93118.766
127000.0,152247.69
130000.0,135002.67
860000.0,982272.5
73000.0,98690.21
79900.0,98690.21
74000.0,97991.305
155000.0,160921.39
137000.0,154274.1
125000.0,118754.44
280000.0,383792.84
119000.0,133330.31
448000.0,607755.0
149000.0,148782.0
275000.0,247904.28
199000.0,126723.7
34000.0,91336.66
85000.0,103652.32
900000.0,856460.56
48000.0,46750.797
160000.0,144310.9
340000.0,303028.16
700000.0,603690.8
760000.0,734791.44
148000.0,204639.28
195000.0,301618.28
384900.0,295414.22
271000.0,290123.16
790000.0,1016574.75
34980.0,80259.09
70078.0,63341.492
89900.0,96608.95
140000.0,133839.45
373000.0,303839.9
230000.0,141235.23
94000.0,82965.8
75000.0,93300.125
100000.0,137209.17
109900.0,110393.74
440000.0,297775.22
163000.0,142474.67
168000.0,128503.07
122000.0,153823.16
76700.0,83508.38
109000.0,125052.22
139501.0,144680.12
82000.0,101249.36
380000.0,308625.1
115000.0,200304.14
365000.0,252746.77
184000.0,172719.39
100000.0,134339.14
134000.0,138080.95
108000.0,124569.984
234000.0,172272.77
339000.0,185372.66
220000.0,173465.31
129500.0,166568.55
105000.0,121447.35
190000.0,190373.27
59900.0,97272.13
79000.0,78554.625
95000.0,120298.06
270036.0,385016.84
920000.0,871533.75
149000.0,150339.06
315000.0,288854.44
228000.0,326042.5
166400.0,118460.07
260000.0,302950.2
205000.0,227556.95
195000.0,222609.95
171800.0,132417.61
380000.0,280532.3
250000.0,256494.61
63000.0,88130.016
125000.0,112716.02
143000.0,119476.23
80000.0,92492.78
100000.0,221648.2
130000.0,151144.69
98000.0,97003.305
92000.0,97125.21
77000.0,110787.7
68500.0,98151.234
330000.0,346333.5
103000.0,83210.67
350000.0,301834.4
193000.0,136408.72
75000.0,93331.02
95000.0,94978.28
194000.0,132118.75
79000.0,98437.11
79000.0,61979.156
93000.0,94209.43
199000.0,211471.88
79000.0,108505.89
170000.0,174322.47
295000.0,239105.7
175000.0,159250.56
176159.0,146677.56
249000.0,247774.95
89500.0,127203.445
770000.0,584066.75
134000.0,111271.63
105000.0,168758.55
105000.0,106033.44
90000.0,108196.555
279000.0,241284.61
139000.0,161004.02
65000.0,72573.055
160000.0,128743.41
155000.0,125398.97
73000.0,204843.8
178000.0,122776.234
155000.0,119476.23
89000.0,103017.72
85000.0,169053.86
124000.0,113680.52
110000.0,100816.414
205000.0,188251.2
172000.0,214585.97
75000.0,107362.42
720000.0,762741.8
240000.0,290398.1
178000.0,237818.8
90000.0,85068.76
440000.0,244378.81
265000.0,225926.3
210000.0,186619.05
149000.0,131995.33
64000.0,113720.09
119000.0,118460.07
219000.0,392535.75
90000.0,93142.95
125000.0,111708.375
108000.0,125379.68
144000.0,188788.48
1148000.0,1051957.2
75000.0,82174.2
219000.0,233027.17
205000.0,176368.19
97750.0,118186.19
110000.0,112540.53
400000.0,215733.5
79000.0,79084.664
100000.0,94965.86
90000.0,103866.63
130000.0,146854.14
95000.0,102511.27
630000.0,535236.5
71000.0,100917.414
249000.0,201805.1
115000.0,212330.67
1400000.0,969178.44
220000.0,246512.2
190000.0,148184.6
500000.0,336666.9
770000.0,710833.75
345000.0,272227.9
350000.0,457766.06
182000.0,294872.47
289000.0,254692.11
195000.0,179214.42
128000.0,102603.39
105000.0,111271.63
125000.0,143170.64
125000.0,139884.84
339999.0,232380.17
119000.0,214585.97
89000.0,114789.2
199000.0,271311.06
69000.0,61129.67
135000.0,236108.36
93000.0,129172.11
315000.0,301568.22
350000.0,265565.88
575000.0,455684.53
570000.0,383792.84
74000.0,98991.68
1350000.0,387362.16
240000.0,203305.33
72000.0,93937.88
650000.0,520023.8
39700.0,59101.117
80000.0,98378.82
135000.0,123517.84
212000.0,160756.06
147500.0,148303.12
170000.0,203161.52
125000.0,171368.84
255000.0,386406.53
144900.0,99399.92
270000.0,186287.33
245000.0,183076.22
69000.0,103567.7
134000.0,158709.28
88000.0,98870.67
650000.0,750008.25
210000.0,302843.12
132000.0,125391.33
170000.0,136089.45
220000.0,280246.28
500000.0,269332.78
186533.0,158070.11
63000.0,69983.09
56000.0,66329.086
195000.0,238030.08
110000.0,124390.74
84000.0,90116.4
48500.0,71378.164
215000.0,277097.84
350000.0,419146.44
78534.0,116846.44
209299.0,182285.73
230000.0,158733.77
62990.0,176114.25
100000.0,103969.21
400000.0,454338.3
130000.0,148335.83
265000.0,189001.88
445000.0,328851.4
320000.0,290235.12
147500.0,119476.23
375000.0,471880.34
470000.0,461603.4
490000.0,336498.88
1100000.0,961706.1
119900.0,115685.27
60000.0,82329.98
169000.0,134339.14
195000.0,237250.47
629000.0,582251.8
95000.0,92371.52
380000.0,235425.67
179900.0,155082.53
120000.0,208157.78
69000.0,71078.195
85000.0,110875.2
146000.0,130294.68
330000.0,197964.83
300000.0,269232.9
200000.0,198480.28
93000.0,101470.01
240000.0,143401.58
159000.0,141308.94
125000.0,98064.11
265000.0,292606.75
73000.0,63095.6
279900.0,214031.36
212000.0,345261.53
92000.0,93118.766
180000.0,186819.45
105879.0,102901.7
82000.0,111454.195
45000.0,58111.18
120000.0,120739.836
230000.0,216019.06
435000.0,353384.3
85000.0,96160.28
125000.0,155210.56
85000.0,112231.77
330000.0,345261.53
75500.0,97067.01
120000.0,181119.58
145000.0,130396.26
53000.0,61641.344
199000.0,166743.19
131900.0,113584.9
115000.0,143579.0
175000.0,163080.9
66000.0,95940.88
139100.0,144680.12
285000.0,383513.97
510000.0,533388.56
175000.0,224127.78
109900.0,105111.805
172000.0,155018.81
156000.0,154027.27
475000.0,514891.62
78000.0,76413.65
110000.0,75407.78
186000.0,235891.39
170000.0,161475.9
97970.0,114566.68
680000.0,748250.6
98000.0,136896.72
630000.0,666421.2
79000.0,105467.99
118000.0,178425.12
84800.0,74090.94
150000.0,170265.58
1065000.0,871740.9
82500.0,63622.707
125000.0,149438.55
295000.0,240325.3
122500.0,145225.19
208000.0,175499.45
160000.0,186051.62
315000.0,248033.06
470000.0,318879.72
99000.0,94655.086
85000.0,112926.53
650000.0,510376.28
190000.0,199452.9
448800.0,338540.34
55000.0,87217.18
200000.0,153803.33
430000.0,380401.94
260000.0,278033.88
120000.0,124075.68
189000.0,202389.75
79000.0,63095.6
228000.0,234211.86
289000.0,224127.78
99000.0,85001.17
570000.0,510376.28
115000.0,106482.16
84500.0,93322.805
160000.0,155736.75
92000.0,91030.305
62000.0,162882.69
126000.0,111173.37
109000.0,102294.9
77900.0,79255.53
110000.0,121580.04
165000.0,181582.73
75050.0,84073.945
277300.0,241466.34
74900.0,91755.92
125000.0,124097.51
470000.0,320790.28
265000.0,191663.34
154000.0,175473.66
93000.0,115767.53
1300000.0,593906.6
105000.0,124319.68
220000.0,211558.67
77900.0,113811.28
159000.0,143355.67
102000.0,153320.75
99000.0,109975.99
70000.0,70843.65
208000.0,225290.34
1100000.0,949614.6
1000000.0,700174.4
115000.0,119190.63
173000.0,176791.4
245000.0,197994.86
390000.0,421846.7
125000.0,188276.2
139900.0,111032.07
950000.0,603648.06
105000.0,105783.47
89500.0,93934.68
59000.0,85819.83
179000.0,220897.89
359990.0,318879.72
145000.0,193201.53
129000.0,195316.84
79000.0,89655.14
110000.0,110292.734
298000.0,386406.53
349000.0,461972.7
360000.0,461031.4
320000.0,351606.75
85500.0,90154.92
160000.0,154418.84
290000.0,287725.66
83000.0,97177.484
145000.0,193368.02
299000.0,259566.34
80000.0,107942.984
239000.0,174211.48
104900.0,128047.87
300000.0,250313.48
110000.0,96614.76
290000.0,265565.88
355000.0,371168.47
110000.0,94773.27
160000.0,174396.17
339000.0,475612.03
75000.0,91309.11
79000.0,127198.69
130000.0,134676.31
73500.0,63259.754
700000.0,308325.78
58000.0,79558.99
43000.0,52551.637
139000.0,122401.83
109000.0,136815.06
90000.0,103418.89
146870.0,157800.44
105000.0,113589.64
149000.0,117996.625
270000.0,439634.44
43800.0,57115.598
750000.0,750475.25
105000.0,137387.58
160000.0,125559.01
112000.0,80429.67
139000.0,128047.87
236500.0,274831.88
124000.0,143376.12
60000.0,63095.6
170000.0,146539.34
590000.0,801331.4
155000.0,133301.53
92900.0,107212.164
110000.0,77997.93
43000.0,52943.94
69000.0,115504.22
164900.0,126582.64
130000.0,145545.38
199000.0,145233.5
179000.0,203824.03
350000.0,254978.78
85000.0,93045.96
119000.0,97116.555
182000.0,136985.64
169500.0,247904.28
150000.0,182461.89
50000.0,85923.086
74500.0,95671.91
539000.0,485817.56
749000.0,475074.6
68000.0,71666.375
98000.0,121567.93
33500.0,91336.66
92000.0,107869.27
92000.0,89910.55
265000.0,258580.25
560000.0,224521.9
90000.0,95446.555
137000.0,105827.53
99900.0,155990.1
125000.0,223374.67
70000.0,145153.4
380000.0,392303.72
118000.0,84678.93
375000.0,352367.1
138000.0,128174.41
130000.0,120835.945
76900.0,83831.09
119000.0,153236.36
169000.0,149367.22
78000.0,105878.02
140000.0,181619.17
415000.0,369589.1
66700.0,54023.62
90000.0,82135.29
175000.0,132387.14
63000.0,113367.31
130000.0,74224.21
245000.0,173453.64
185000.0,160756.06
290000.0,255818.23
265000.0,156642.6
165000.0,189529.36
102000.0,133262.72
205000.0,242571.19
164990.0,179202.19
80000.0,114690.555
69000.0,64714.027
85000.0,153514.89
45000.0,92428.21
115000.0,122329.81
390000.0,363711.94
101000.0,120337.62
150000.0,210012.23
84900.0,93243.695
970000.0,429795.03
116000.0,95050.39
168000.0,194201.86
69000.0,122215.42
370000.0,385017.66
58000.0,89784.85
375000.0,231040.14
249000.0,274100.44
120000.0,135903.06
218000.0,228495.9
200000.0,155502.36
140300.0,140581.61
83000.0,98870.67
90000.0,79564.13
70000.0,79671.016
75400.0,95105.25
76000.0,91100.984
237000.0,127598.75
250000.0,234737.88
74000.0,73246.2
105000.0,82215.42
102000.0,233814.8
95000.0,116754.95
80000.0,72940.97
88000.0,92171.46
108000.0,120891.74
130000.0,157198.67
189000.0,143579.0
116000.0,246159.8
139000.0,99858.266
198000.0,192829.69
70000.0,94066.24
126000.0,114172.72
190000.0,168072.38
97000.0,113820.08
115000.0,105827.53
91000.0,119783.82
950000.0,429795.03
210000.0,195385.83
68000.0,77954.01
350000.0,415943.84
93000.0,162668.17
500000.0,436549.8
750000.0,783042.9
70000.0,84105.08
75000.0,118339.28
190000.0,146313.78
1150000.0,800851.7
169000.0,209229.97
108000.0,132118.75
138000.0,89327.3
47000.0,129436.1
75000.0,99424.51
565000.0,346611.56
75000.0,93322.805
225000.0,231029.92
135000.0,112561.67
71000.0,54023.62
68900.0,63673.69
58000.0,105434.28
175000.0,131237.77
158000.0,181119.58
240000.0,232255.64
189000.0,237483.23
89500.0,104061.016
270000.0,194067.84
85000.0,88022.41
145000.0,135903.06
195000.0,179793.12
275000.0,181431.6
180000.0,151829.44
70000.0,77929.5
225000.0,240609.44
145000.0,133262.72
300000.0,275828.44
62000.0,82992.85
75000.0,95105.25
169000.0,132118.75
80000.0,118818.914
245000.0,287741.72
192000.0,140056.05
99900.0,103379.195
195000.0,220591.95
87000.0,84073.945
208000.0,184956.98
165000.0,144115.34
62000.0,68874.5
340000.0,336648.06
199000.0,206301.67
142500.0,406655.28
62500.0,81061.484
290000.0,285004.6
100000.0,98094.8
110000.0,87361.58
290000.0,336498.88
69000.0,88424.14
110158.0,142233.0
298000.0,233765.12
94000.0,107098.125
187000.0,173913.06
368000.0,323361.4
520000.0,593906.6
160000.0,324287.0
145000.0,156642.6
433300.0,654211.9
140000.0,152652.58
545000.0,646420.44
750000.0,705704.6
99900.0,84389.7
128000.0,150339.06
57900.0,52852.02
99990.0,114789.2
132700.0,119437.01
299000.0,226456.48
124864.0,152202.05
170000.0,211076.0
120000.0,103866.63
812000.0,366289.5
180000.0,288740.38
95000.0,121608.96
95000.0,132046.39
155000.0,200548.67
40000.0,80532.36
115000.0,95747.72
65000.0,64714.027
205000.0,188758.97
78000.0,120739.836
75000.0,103379.195
399000.0,348863.34
70000.0,93537.12
158000.0,173282.33
85000.0,76013.9
107000.0,176580.11
90000.0,108355.63
69990.0,61140.906
120000.0,133811.12
95000.0,108789.984
145000.0,81102.71
84900.0,101386.4
159000.0,112565.984
195000.0,236987.78
125000.0,187470.19
185000.0,133262.72
130000.0,204718.94
159900.0,238604.34
400000.0,359607.28
145000.0,166522.39
85000.0,114479.18
399000.0,564705.0
155000.0,104970.16
130000.0,166477.92
320000.0,274831.88
80000.0,128047.87
150000.0,159736.9
173900.0,148268.23
290000.0,249592.22
218000.0,194956.55
299900.0,214031.36
279900.0,214031.36
550000.0,647312.75
128000.0,132291.78
95000.0,79794.41
740000.0,564705.0
39900.0,53710.457
189000.0,165664.9
63000.0,100088.414
182000.0,225560.42
145000.0,121505.61
185000.0,167144.95
66000.0,70096.555
125000.0,105156.67
69000.0,103919.0
390000.0,200806.56
115000.0,235175.17
199900.0,198716.44
495000.0,483751.7
189000.0,169972.5
70700.0,71755.0
210000.0,222122.58
370000.0,386406.53
500000.0,508411.75
209000.0,195879.81
78500.0,64805.95
98000.0,113088.695
135000.0,191435.97
115000.0,136393.27
99000.0,89921.15
720000.0,787800.5
520000.0,308325.78
260000.0,183559.03
290000.0,252205.84
295000.0,254975.27
87200.0,96869.79
95000.0,67220.27
169000.0,139486.03
348000.0,272771.34
54900.0,52551.637
165000.0,114714.305
270000.0,235487.2
89000.0,101130.53
68000.0,75359.38
168000.0,94965.86
199000.0,176694.8
147500.0,158416.45
440000.0,274831.88
98000.0,103043.45
97000.0,79017.875
295000.0,247646.92
127000.0,147112.31
108000.0,105532.85
152000.0,162433.14
1100000.0,811998.44
80000.0,101427.3
128000.0,143376.12
350000.0,517084.84
55000.0,70524.984
460000.0,606793.75
68000.0,82135.29
210000.0,149755.48
85000.0,123012.0
240000.0,288345.47
85000.0,99503.97
237600.0,225926.3
252000.0,188814.84
285000.0,524300.0
109500.0,130154.07
170000.0,320691.28
452000.0,377394.75
220000.0,213217.86
69000.0,84707.6
105000.0,127557.97
131000.0,129322.6
90000.0,77252.3
115500.0,131069.61
123000.0,107196.555
130000.0,127190.05
53000.0,98745.58
99500.0,112857.98
570000.0,513358.28
150000.0,138916.86
125000.0,133223.28
122000.0,108876.3
88000.0,77790.09
250000.0,228416.47
139000.0,149456.89
208000.0,216101.2
300000.0,248033.06
220000.0,301145.6
79900.0,95105.25
135000.0,138990.56
159000.0,197544.33
750000.0,391886.03
135000.0,219810.16
500000.0,320043.5
192000.0,211726.62
99500.0,131358.2
120000.0,143662.78
235000.0,200456.64
200000.0,417748.3
54000.0,94526.984
110000.0,136777.66
105000.0,103866.63
265000.0,251639.75
335000.0,217810.55
129000.0,217193.03
86125.0,149691.44
280000.0,264446.62
95000.0,89655.14
149900.0,128496.02
118000.0,212213.83
70000.0,104523.53
85000.0,118186.19
240000.0,247709.06
95000.0,146671.03
116000.0,105266.36
76000.0,139981.22
160000.0,110004.28
415000.0,355514.44
130000.0,147386.16
300000.0,339260.62
270000.0,164302.73
160000.0,138907.42
280000.0,320043.5
109000.0,101713.72
60000.0,70524.984
219000.0,154150.62
365000.0,316028.75
160000.0,143638.52
199900.0,219843.77
120000.0,273119.9
140000.0,174531.25
1300000.0,593906.6
119999.0,147118.44
149500.0,229641.9
270000.0,298234.72
155000.0,128047.87
74562.0,84793.484
169000.0,233814.8
68000.0,54037.83
143000.0,160820.38
750000.0,528892.94
150000.0,140048.9
129000.0,108384.516
120000.0,142733.22
180000.0,176580.11
82800.0,82834.164
109999.0,130837.53
159900.0,210306.95
119743.0,111891.39
108000.0,115316.85
130000.0,154526.89
180000.0,198730.17
105000.0,95131.18
96500.0,113097.836
104000.0,94701.414
550000.0,256837.56
190000.0,145522.56
125000.0,129356.97
125000.0,138916.86
700000.0,599672.44
350000.0,359532.6
94000.0,131997.88
105000.0,131949.05
115000.0,119476.23
180000.0,207423.95
230000.0,147679.86
85000.0,99528.54
104000.0,119476.23
150000.0,132304.2
85000.0,76413.65
160000.0,131838.44
122000.0,126051.9
84900.0,126582.64
72900.0,105417.086
109000.0,126006.375
85000.0,81969.875
200000.0,155069.44
137000.0,116914.03
210000.0,265979.7
225000.0,183962.22
265000.0,307342.7
105900.0,88571.81
63900.0,65692.586
130000.0,146282.31
115000.0,119578.664
125000.0,118848.266
145000.0,189418.03
72000.0,84073.945
250000.0,219323.25
175000.0,243501.17
124988.0,142233.0
143900.0,143376.12
570000.0,617423.56
92000.0,83030.375
145000.0,140803.98
160000.0,128891.72
275000.0,183515.14
110000.0,135031.28
100000.0,140139.39
198000.0,236788.84
470000.0,450432.2
89000.0,99455.44
93000.0,123288.164
99500.0,133811.12
85000.0,84828.82
279000.0,436946.9
225000.0,281712.66
97000.0,120662.54
392000.0,621012.0
105000.0,119980.016
102000.0,109660.27
440000.0,536150.94
175000.0,152880.03
109000.0,197964.83
710000.0,581911.4
159600.0,159762.45
135000.0,165443.73
43000.0,58081.883
29500.0,115894.15
47000.0,68871.695
98000.0,164673.78
165000.0,118386.36
64000.0,92017.53
520000.0,439634.44
125000.0,109932.52
69500.0,208157.78
180000.0,196212.1
220000.0,204651.88
46000.0,55520.195
160000.0,257605.89
68000.0,67458.125
300000.0,273510.12
299500.0,232749.7
105000.0,119178.91
530000.0,443261.38
81000.0,144348.62
110000.0,103906.32
295000.0,187656.7
195000.0,196266.11
120000.0,128753.734
270000.0,315182.88
157000.0,144680.12
1350000.0,986253.06
108000.0,122983.06
280000.0,397388.8
420000.0,249311.05
49000.0,90449.4
90000.0,108355.63
159990.0,227503.0
185000.0,144680.12
49000.0,63259.754
128000.0,169193.4
53000.0,90795.805
110000.0,95273.766
75000.0,105307.04
265000.0,289857.44
499000.0,547671.94
198000.0,258877.44
139000.0,108309.42
95000.0,61140.906
155000.0,219754.48
155000.0,161193.95
280000.0,190345.69
175000.0,164576.53
125000.0,125148.16
270000.0,211793.72
68900.0,182242.44
94000.0,117293.83
169000.0,193943.27
95000.0,116754.95
132000.0,91991.52
39000.0,52551.637
249500.0,319576.28
41000.0,81583.01
420000.0,344779.72
89000.0,79931.35
139000.0,138451.39
180000.0,189903.78
112000.0,102371.16
220000.0,250047.83
79000.0,96011.914
134355.0,142227.19
82600.0,65768.266
1200000.0,1025846.0
365000.0,393857.4
105000.0,115565.836
154000.0,229641.9
218000.0,177942.84
120000.0,146052.11
49000.0,96847.47
125000.0,103642.99
67000.0,91336.66
420000.0,268816.1
82000.0,70618.08
280000.0,224663.61
69000.0,97991.305
145000.0,149892.12
64000.0,101250.63
315000.0,229399.84
115000.0,108467.56
149000.0,138843.45
148000.0,114372.67
199000.0,182793.03
140000.0,125185.48
225000.0,228589.47
276210.0,258177.03
699000.0,643450.25
900000.0,814265.56
115000.0,112810.33
490000.0,407395.8
87000.0,99731.05
379000.0,376567.12
110000.0,129084.51
175000.0,158416.45
89000.0,111412.76
145000.0,137503.17
400000.0,224349.81
60000.0,60698.05
720000.0,741027.94
84000.0,144050.38
170000.0,355092.28
448000.0,301496.0
158000.0,156642.6
120000.0,90449.4
249000.0,202321.45
105000.0,146387.75
460000.0,787800.5
145000.0,190731.53
110000.0,101543.72
89000.0,119783.82
370000.0,301618.28
48000.0,91336.66
172127.0,128359.86
119000.0,138122.8
189000.0,193201.53
152900.0,153970.28
190000.0,202389.75
1100000.0,911138.06
118000.0,101427.3
57500.0,67378.45
150000.0,133302.75
198000.0,169931.62
81000.0,99194.71
210000.0,206886.5
180000.0,288133.5
128000.0,98689.31
120000.0,115861.9
108000.0,148970.48
900000.0,967978.56
75000.0,80693.19
395000.0,270395.56
335000.0,215507.9
77000.0,83560.445
289000.0,190373.27
149900.0,128798.48
85000.0,85800.625
329900.0,475612.03
104900.0,104260.34
149500.0,148184.6
245000.0,412724.6
166200.0,138387.84
75000.0,94088.57
365000.0,336121.97
460000.0,575048.1
155000.0,278737.44
76000.0,95390.13
59900.0,54420.14
175000.0,183371.1
135000.0,164182.3
280000.0,251639.75
90000.0,59034.336
70000.0,92492.78
240000.0,169474.64
231500.0,193228.33
184900.0,215395.64
690000.0,648548.56
199500.0,256911.27
54002.0,119955.94
85000.0,98690.21
149500.0,180085.6
98000.0,124181.09
124500.0,96259.6
212000.0,261746.95
176000.0,157679.62
165000.0,204477.28
259000.0,239121.58
30000.0,54266.543
125000.0,123031.336
90000.0,109672.875
532000.0,661810.44
550000.0,535236.5
70000.0,85027.586
107839.0,115175.016
980000.0,375631.9
87000.0,96766.83
165000.0,215565.55
69000.0,94488.234
230000.0,161910.19
108000.0,112857.98
40000.0,52551.637
59000.0,57911.195
68000.0,115836.305
63000.0,75013.45
285000.0,246969.9
139000.0,143498.81
130000.0,156031.22
250000.0,254372.8
314900.0,332075.06
43200.0,61140.906
69700.0,85109.22
178500.0,206885.11
950000.0,447861.22
189000.0,154150.62
460000.0,770137.9
395000.0,429795.03
59000.0,86322.65
84686.0,77464.3
50000.0,97735.914
73000.0,66166.79
87000.0,183916.9
88000.0,125387.55
129000.0,149364.84
70600.0,94978.28
1500000.0,879725.4
259000.0,226456.48
131000.0,127871.37
93000.0,61140.906
80000.0,118097.08
285000.0,255861.33
96500.0,109098.766
119000.0,137207.06
690000.0,288997.16
223900.0,269848.53
199000.0,145387.73
190000.0,259540.8
109000.0,97786.73
135000.0,211243.98
129000.0,119006.195
219500.0,305419.75
148000.0,95443.53
265000.0,216019.06
69900.0,101909.83
88000.0,104186.63
590000.0,440164.1
132000.0,124379.83
299000.0,426051.66
180000.0,111319.73
46900.0,72569.68
95000.0,108355.63
169000.0,183106.44
223500.0,326958.16
61130.0,88116.04
175000.0,196346.17
274000.0,168146.08
149000.0,137207.06
85000.0,78754.53
132000.0,158416.45
650000.0,475074.6
535000.0,478338.16
99990.0,119570.03
400000.0,215733.5
220000.0,301618.28
162000.0,151022.47
93000.0,107254.94
185000.0,729315.6
78000.0,82504.51
178500.0,163712.84
130000.0,102733.875
144500.0,158416.45
37400.0,155028.69
330000.0,403674.12
235000.0,336688.3
300000.0,315962.56
155000.0,154094.02
598000.0,698804.75
225000.0,265222.2
165900.0,182507.36
180000.0,201738.17
79000.0,102554.63
195000.0,181659.73
90000.0,170908.77
137000.0,143095.67
350000.0,222789.9
106369.0,128174.41
105000.0,184331.58
179000.0,182526.36
80800.0,89340.445
155000.0,271956.0
68500.0,76013.9
120000.0,106654.56
135000.0,141533.5
69500.0,83831.09
148000.0,148372.66
113000.0,129291.06
68000.0,103866.63
83000.0,69983.09
129000.0,206849.3
150000.0,125246.44
130000.0,174249.95
160000.0,174065.39
890000.0,823712.06
48000.0,54875.3
125000.0,128807.1
69000.0,109201.65
150000.0,187546.12
259000.0,228126.44
275000.0,300373.0
88900.0,109201.65
199000.0,193902.08
115000.0,133527.89
224000.0,341738.34
75000.0,90550.51
108000.0,113215.93
380000.0,442488.84
250000.0,253661.1
160000.0,127082.33
79000.0,101996.14
130000.0,135309.5
169000.0,199505.6
330000.0,345335.22
127000.0,129495.24
200000.0,163671.53
99000.0,128911.78
150000.0,162167.39
350000.0,286219.97
132000.0,96766.83
82000.0,120619.48
690000.0,369409.7
295000.0,265979.7
790000.0,657048.8
174455.0,178525.78
190000.0,142227.19
35000.0,39980.19
190000.0,429795.03
269000.0,300132.34
150000.0,141259.34
130000.0,302947.9
94000.0,97028.1
105000.0,140700.81
450000.0,581651.5
219900.0,255068.95
760000.0,461223.0
194000.0,155338.6
103000.0,123558.305
117000.0,136503.48
78000.0,88758.414
395000.0,346007.75
105000.0,158606.42
45000.0,98192.266
145000.0,138129.22
76500.0,77929.5
79000.0,98862.08
155000.0,127294.2
160000.0,154672.0
75000.0,112948.53
81000.0,67756.68
490000.0,467089.34
205000.0,189087.95
70000.0,56409.0
145000.0,193892.36
279000.0,199887.84
89000.0,92807.24
89000.0,94380.45
69900.0,91309.11
228000.0,237818.8
71000.0,60803.094
125000.0,130396.26
255000.0,225872.4
112000.0,128473.3
69000.0,94791.91
65000.0,133518.69
130000.0,188173.12
350000.0,532077.94
155000.0,125727.58
108000.0,108558.61
384900.0,499796.44
117500.0,96920.35
124500.0,166277.72
542000.0,318879.72
153000.0,113595.49
165000.0,106585.22
87000.0,110414.08
735000.0,767167.9
219900.0,403444.66
155000.0,127049.98
190000.0,211243.98
229000.0,221351.8
55000.0,82560.26
129000.0,160921.39
220000.0,259017.95
175000.0,140822.88
135000.0,136628.6
220000.0,263268.16
590000.0,532175.94
77000.0,86547.91
210000.0,348107.6
210000.0,269316.6
67000.0,74215.51
450000.0,352562.88
70000.0,90698.74
83500.0,96338.73
92000.0,93322.805
255000.0,203131.03
142000.0,140102.4
138000.0,150716.94
130000.0,116754.95
64000.0,65920.9
50000.0,54174.25
47000.0,52943.94
149000.0,138961.89
125872.0,126582.64
105000.0,113019.17
67900.0,89851.17
85000.0,103640.69
380000.0,370287.8
595000.0,525166.1
159000.0,251236.66
250000.0,280428.03
89900.0,96426.89
138000.0,159105.64
415000.0,304946.34
80000.0,104896.61
95000.0,104722.89
340000.0,445369.72
160000.0,118892.45
72000.0,71700.48
310000.0,271311.06
250000.0,281060.8
170000.0,204047.52
105000.0,123012.0
102000.0,109264.17
66000.0,83831.09
290000.0,108666.42
155000.0,147865.53
130000.0,125379.68
72000.0,97428.18
87000.0,207966.34
96900.0,150460.11
244000.0,222069.7
193400.0,180758.56
64000.0,176794.55
264900.0,204187.03
350000.0,421911.94
360000.0,309710.88
160000.0,123408.78
169000.0,152391.33
90000.0,106341.84
50000.0,338478.34
66647.0,100890.125
188500.0,176169.39
450000.0,522065.25
75000.0,75105.64
89000.0,101613.14
245000.0,472345.53
87000.0,105307.04
390000.0,372971.0
109500.0,115676.64
350000.0,584287.1
87000.0,71080.625
58000.0,58245.47
110000.0,153448.33
900000.0,764147.6
85000.0,100450.57
140000.0,163780.53
190000.0,204477.28
89000.0,99412.56
159000.0,249034.98
82000.0,90803.195
550000.0,345476.6
178000.0,247774.95
85000.0,56801.3
135000.0,145225.19
131000.0,145225.19
120000.0,107926.89
135000.0,156195.97
58000.0,142791.23
165000.0,143579.0
194000.0,143376.12
75000.0,70998.41
160000.0,149503.98
160000.0,184144.89
170000.0,130974.664
1300000.0,550824.1
95000.0,126295.24
68000.0,81559.93
118000.0,113452.69
106000.0,116754.95
79000.0,124566.41
37327.0,52606.13
290000.0,444159.9
45000.0,80532.36
104000.0,125850.4
130000.0,154150.62
94000.0,117948.69
136000.0,124075.68
560000.0,685498.44
310000.0,498300.97
225000.0,233811.14
109000.0,109876.24
139139.0,133045.92
90000.0,101071.586
70000.0,78858.33
89000.0,79794.41
390000.0,698804.75
105000.0,112540.53
250000.0,303227.34
139000.0,105347.234
95000.0,102511.27
97000.0,104472.55
480000.0,371168.47
167000.0,135002.67
92000.0,87373.49
192000.0,147381.3
67285.0,91109.4
145000.0,138999.06
85000.0,88571.81
120000.0,145233.5
159000.0,178547.2
164900.0,143638.52
310000.0,516822.53
99500.0,126006.375
85000.0,91566.555
189500.0,205367.73
90000.0,110273.766
150000.0,146343.3
325000.0,475074.6
260000.0,202078.42
210000.0,222122.58
80000.0,92152.48
75000.0,59058.754
80000.0,99644.66
48000.0,56813.766
133000.0,162122.61
155000.0,250821.39
280000.0,237105.66
153500.0,197153.55
85000.0,117079.805
160000.0,171368.84
130000.0,232255.69
209000.0,249897.33
190000.0,272546.66
590000.0,831468.3
77000.0,97588.91
75900.0,99858.266
132000.0,158709.28
97112.0,119616.35
338000.0,262052.23
220000.0,187162.67
169000.0,203658.2
145000.0,118186.19
285000.0,311398.53
89000.0,128768.64
290000.0,260979.22
109000.0,130983.695
443000.0,301618.28
950000.0,1018976.25
65000.0,44576.89
141000.0,163778.0
165000.0,294437.03
293000.0,345108.7
140000.0,212504.22
85000.0,117403.32
289000.0,178369.16
159000.0,120891.74
750000.0,981827.0
103000.0,163577.05
64000.0,76013.9
214900.0,246050.8
110000.0,104970.16
170000.0,171281.69
132000.0,101613.14
550000.0,341934.6
250000.0,286958.94
105000.0,110875.2
72000.0,104901.48
127000.0,208157.78
245000.0,345289.44
270000.0,256580.8
195000.0,200304.14
95000.0,114092.32
259000.0,320299.1
149000.0,134401.27
120000.0,106268.13
93000.0,121755.93
350000.0,174961.8
290000.0,386406.53
179000.0,167272.27
200000.0,230832.0
358000.0,343903.94
189000.0,162208.42
110000.0,172719.39
149000.0,119437.01
61000.0,52551.637
158000.0,132785.1
89900.0,100076.47
195000.0,193015.6
110000.0,134401.27
33350.0,59524.848
197400.0,180758.56
175000.0,165664.9
90000.0,88123.086
59500.0,97856.375
190000.0,236365.0
54900.0,52551.637
135000.0,113670.62
225000.0,265732.75
191050.0,170225.31
204000.0,233758.66
365000.0,475074.6
279500.0,302251.62
188000.0,137207.06
112000.0,86554.95
106000.0,148715.7
85000.0,101071.586
290000.0,688466.7
360000.0,254960.31
245000.0,290190.1
197024.0,160921.39
139000.0,98870.67
54999.0,300766.3
97900.0,102371.16
90405.0,63927.75
390000.0,364353.34
125000.0,108355.63
160000.0,139981.22
119000.0,112948.53
130000.0,116937.0
159000.0,184356.64
169500.0,151179.47
149000.0,248762.23
315000.0,364159.3
210000.0,137207.06
85000.0,111891.39
489000.0,683571.75
72000.0,99381.73
89000.0,95483.836
289000.0,242354.89
259000.0,264796.4
160000.0,196821.03
155000.0,114492.97
980000.0,1013198.06
109000.0,135215.22
70950.0,83488.625
240000.0,269955.78
125000.0,157028.19
110000.0,112811.19
153000.0,201685.22
60000.0,95674.23
95000.0,105467.99
136105.0,118199.805
145000.0,105156.67
109900.0,146659.6
129000.0,195316.84
159000.0,140372.23
180000.0,179347.58
260000.0,302048.3
159000.0,131342.05
99000.0,84729.5
95000.0,104186.63
335000.0,253636.97
67150.0,84073.945
120000.0,150937.53
84000.0,90116.4
72000.0,91276.87
145000.0,160958.14
98000.0,70432.445
385000.0,352367.1
343000.0,352367.1
62225.0,98281.04
185000.0,218370.88
135000.0,143618.52
130000.0,147202.06
130000.0,130649.445
120000.0,203851.72
82000.0,90698.74
450000.0,257268.92
185000.0,294437.03
245000.0,233225.53
155000.0,168072.38
62730.0,79017.875
162000.0,290190.78
420000.0,336710.5
84000.0,72227.914
139000.0,148375.45
169000.0,134196.03
60000.0,120189.016
110000.0,117698.3
190000.0,158670.27
81900.0,117574.5
113600.0,140177.81
104000.0,117079.805
184000.0,225004.81
122000.0,127702.0
89999.0,160517.84
99000.0,81003.39
244300.0,215982.8
1100000.0,855109.56
275000.0,251639.75
530000.0,219439.83
125000.0,150394.34
182000.0,294872.47
159606.0,145253.23
98000.0,145700.95
58000.0,73645.93
46125.0,52606.13
130000.0,143786.06
325000.0,274831.88
84000.0,70472.19
59500.0,93610.83
99000.0,114547.625
290000.0,229399.84
450000.0,591294.44
244147.0,325888.88
618000.0,721663.3
449000.0,234080.02
129500.0,95485.08
68500.0,72290.12
122000.0,173765.67
219000.0,340326.2
109000.0,150891.38
105000.0,108876.3
95000.0,101470.01
304000.0,207859.64
370000.0,317866.62
90000.0,126153.95
255000.0,245191.73
560000.0,452884.25
66500.0,93142.95
129900.0,105311.78
430000.0,442488.84
350000.0,251360.77
130000.0,119570.03
125000.0,119909.15
110000.0,109750.914
42000.0,49405.1
88000.0,110875.2
132000.0,115175.016
245000.0,265437.38
190000.0,272288.0
190000.0,169057.45
98500.0,109750.914
138000.0,235891.39
149500.0,229641.9
99500.0,126092.05
89000.0,81559.93
81000.0,101427.3
165000.0,122957.32
240000.0,160627.1
138000.0,116486.28
215000.0,275245.22
265000.0,190993.7
156000.0,157408.78
550000.0,578553.4
150000.0,160921.39
375000.0,456681.22
350000.0,385143.12
85000.0,135812.1
249500.0,239177.16
380000.0,192897.86
155000.0,202166.88
159900.0,123444.13
485000.0,517084.84
190000.0,142227.19
138000.0,114694.27
79900.0,86870.48
170000.0,151611.8
74000.0,106213.39
90000.0,221299.66
450000.0,523461.2
82000.0,90698.74
42000.0,53882.42
220000.0,211446.58
170000.0,214031.36
108900.0,89107.68
315000.0,361971.1
99000.0,84701.375
320000.0,404793.25
95950.0,114566.68
148000.0,129975.67
210000.0,171536.16
99000.0,100225.64
153800.0,107517.39
75000.0,75996.016
230000.0,282813.88
149900.0,126080.086
360000.0,352367.1
210000.0,142399.67
100000.0,128047.87
42000.0,57115.598
1250000.0,912961.7
920000.0,894298.0
86000.0,100728.51
208000.0,165172.81
139000.0,124627.805
129900.0,125797.625
120000.0,129172.11
93500.0,125309.945
122900.0,104900.25
132000.0,109190.46
330000.0,296448.75
100000.0,101909.83
150000.0,171778.8
84000.0,129172.11
129000.0,127667.67
182000.0,194201.86
112000.0,78052.59
180000.0,187905.38
124900.0,123365.32
450000.0,518680.53
89900.0,178652.1
109000.0,164203.67
89000.0,61734.76
65000.0,174458.69
670000.0,423376.3
89000.0,104001.15
60000.0,92714.57
115000.0,107869.27
198000.0,197823.38
240000.0,331989.38
85000.0,104830.95
279900.0,214031.36
190000.0,214070.62
110000.0,143638.52
295000.0,274831.88
110000.0,116937.75
236000.0,153447.95
138000.0,158682.1
37500.0,53135.25
46500.0,123594.36
359000.0,259923.14
128000.0,114780.58
240000.0,356082.62
310000.0,246809.98
198000.0,92265.7
95000.0,91996.02
148000.0,133262.72
250000.0,314954.28
73000.0,78672.87
500000.0,508411.75
100000.0,98979.09
290000.0,166646.23
418000.0,324360.0
63406.0,86840.09
299000.0,373091.6
185000.0,130422.31
52000.0,99160.375
276210.0,258177.03
420000.0,462071.44
51000.0,90405.25
95000.0,95671.91
77900.0,83527.15
370000.0,373963.3
159000.0,169418.38
169999.0,156086.3
119900.0,94965.86
98000.0,98080.14
180000.0,239739.02
198000.0,151721.11
649000.0,364855.75
135000.0,148257.7
105000.0,118339.28
105000.0,61979.156
100000.0,109809.89
75000.0,75214.06
130000.0,113044.36
710000.0,376567.12
450000.0,682359.0
162000.0,177350.55
330000.0,326116.2
590000.0,601012.7
45000.0,117305.33
125000.0,122044.14
81000.0,100728.51
189000.0,130079.36
550000.0,628654.2
154000.0,126006.375
155000.0,144648.6
114000.0,103866.63
84900.0,94240.414
180000.0,147938.22
229000.0,225834.45
77328.0,101427.3
410000.0,308325.78
110000.0,123647.445
235000.0,161103.33
243000.0,218181.02
99000.0,142733.22
210000.0,247245.12
64000.0,87143.47
399000.0,285004.6
95000.0,154191.95
180000.0,178802.06
420000.0,311163.7
120000.0,156111.89
78000.0,93567.42
129000.0,121793.22
125000.0,131764.73
86500.0,109103.45
112000.0,113135.484
320000.0,372161.0
449500.0,376956.34
90000.0,132240.48
76000.0,80693.19
93900.0,102732.375
72000.0,90449.4
134000.0,134196.03
180719.0,182285.73
89900.0,115767.53
80000.0,134499.08
238000.0,214425.72
79000.0,111110.43
149000.0,221330.6
72000.0,102954.09
130000.0,141164.83
130000.0,113686.03
87600.0,80068.516
85000.0,84678.93
265000.0,318899.7
134900.0,134970.45
152000.0,123012.0
127999.0,126676.36
369000.0,308325.78
79000.0,86486.87
140000.0,130370.77
70000.0,103467.47
190000.0,190845.17
105000.0,107973.39
165000.0,130496.02
1250000.0,864019.2
115000.0,145667.8
150000.0,165803.78
690000.0,471333.38
305000.0,316205.9
245000.0,264796.4
590000.0,510376.28
75000.0,100728.51
201100.0,182795.31
55000.0,67032.36
365000.0,208435.8
950000.0,1018976.25
138250.0,114481.68
144000.0,136758.25
160000.0,120652.734
130500.0,132828.1
430000.0,233225.53
115000.0,122703.91
390000.0,253600.12
145000.0,130456.125
96000.0,114092.32
145000.0,109605.75
99795.0,201295.42
78000.0,88461.38
160000.0,160627.1
1300000.0,885886.5
190000.0,234115.34
158000.0,203257.34
548000.0,334969.0
98000.0,86094.875
69000.0,88097.74
100000.0,86567.98
950000.0,822237.44
110000.0,125379.68
740000.0,564705.0
82000.0,108355.63
155000.0,190257.9
111000.0,153625.47
239000.0,326042.5
115900.0,127190.05
79000.0,108558.61
320000.0,228205.42
212850.0,165342.23
1250000.0,1049570.8
185000.0,194542.05
144900.0,108558.61
150000.0,128646.74
114000.0,136336.27
172000.0,115826.7
120000.0,114223.66
89000.0,127358.3
74700.0,59058.754
160000.0,154150.62
220000.0,183493.02
39000.0,49753.09
125000.0,144680.12
130000.0,99017.17
279000.0,281281.2
200000.0,180386.28
410000.0,359168.16
330000.0,277594.88
249000.0,169474.64
550000.0,361743.16
468609.0,293424.47
85000.0,216812.78
210000.0,117574.5
119000.0,123558.305
83000.0,99412.56
120000.0,101071.586
370000.0,366453.94
278000.0,181125.69
189000.0,166231.97
91000.0,92152.57
1200000.0,906821.3
120435.0,104186.63
159000.0,171302.39
295000.0,272199.16
160000.0,141145.33
64800.0,94827.91
79500.0,63333.46
300000.0,311398.53
128000.0,107212.164
117000.0,133262.72
630000.0,562391.25
170000.0,147864.52
119900.0,144224.62
379000.0,293980.1
99000.0,101046.36
169900.0,297304.0
108000.0,110873.94
39000.0,48097.98
119500.0,135763.0
328000.0,318879.72
139000.0,136393.27
87000.0,64714.027
50000.0,107903.875
143000.0,194859.34
249000.0,359532.6
185000.0,268912.94
116000.0,108762.086
290000.0,442792.47
50000.0,72562.13
75000.0,75031.93
134000.0,134754.12
120000.0,126582.64
57000.0,79566.06
78000.0,95723.23
103000.0,92974.93
113000.0,125097.66
134000.0,137418.98
81890.0,60803.094
115000.0,102504.23
72000.0,200304.14
90000.0,119201.44
94500.0,93969.55
119000.0,162736.95
130000.0,119236.836
210000.0,142889.81
149000.0,141235.23
97320.0,163657.2
98950.0,208157.78
79000.0,69997.234
360000.0,221930.81
199000.0,233814.8
88000.0,103092.09
120000.0,105380.75
90000.0,100018.79
315000.0,233765.12
135000.0,165347.69
185000.0,164701.45
690000.0,806185.8
210000.0,193411.95
156000.0,210562.94
450000.0,311466.0
99500.0,113231.58
109900.0,133883.95
89900.0,111899.96
79000.0,85484.41
225000.0,166205.44
207000.0,241284.61
121900.0,103164.35
103283.0,128174.41
55000.0,52551.637
85000.0,86171.98
120000.0,114780.58
250000.0,200806.56
159900.0,166646.23
110000.0,142816.95
49900.0,65842.31
200000.0,154193.36
123000.0,151588.4
94999.0,115767.53
78000.0,81842.88
179258.0,138831.81
115000.0,110089.53
360000.0,317034.66
600000.0,629346.56
76000.0,94000.97
162000.0,158416.45
95000.0,112295.96
359000.0,478704.25
126000.0,141946.42
39900.0,67378.45
135000.0,169054.42
167360.0,140581.61
580000.0,912961.7
460000.0,294437.03
175000.0,207106.58
680000.0,512225.84
82900.0,90698.74
75000.0,101874.25
75000.0,88935.984
177000.0,305364.4
85000.0,133837.7
189000.0,258277.8
84000.0,65236.234
193000.0,258803.73
138000.0,95483.836
1100000.0,881880.94
196000.0,246846.8
115000.0,107869.27
130000.0,141579.45
505000.0,429795.03
105000.0,92359.39
130000.0,117831.86
350000.0,369811.66
1100000.0,817609.3
1250000.0,593906.6
119700.0,140177.81
278000.0,196510.84
132000.0,143537.02
59000.0,93931.75
63000.0,80380.33
89900.0,64714.027
83000.0,64033.97
129000.0,204843.56
258900.0,220591.95
100000.0,200377.84
88000.0,95796.94
40300.0,59101.117
98000.0,135002.67
185000.0,223481.11
179000.0,213765.62
600000.0,695511.9
399900.0,366289.5
171694.0,216722.16
300000.0,440139.06
219000.0,369170.4
80000.0,86499.84
169000.0,119135.86
218000.0,153448.33
353000.0,378012.78
183000.0,262758.38
490000.0,897255.5
88000.0,98870.67
72029.0,73014.68
160000.0,169115.92
49000.0,109541.984
280000.0,154280.23
215000.0,179584.81
140000.0,163789.2
470000.0,629346.56
110000.0,112115.87
147500.0,144680.12
250000.0,184766.9
245000.0,239505.84
160000.0,160122.36
99000.0,101066.16
139900.0,157206.14
139000.0,106812.305
138000.0,182285.73
160000.0,155613.6
59500.0,92569.27
250000.0,188246.83
245000.0,283791.84
250000.0,194735.83
310000.0,266383.5
130000.0,198480.28
325000.0,221930.81
161799.0,119286.97
83000.0,97177.484
170000.0,155278.62
140000.0,124075.68
150000.0,119437.01
84900.0,101586.055
82000.0,101686.85
400000.0,326228.25
270000.0,206274.02
55000.0,67539.32
105000.0,129154.42
164944.0,144680.12
45000.0,68429.1
280000.0,220689.69
65000.0,63259.754
212900.0,239250.86
71000.0,77154.85
179000.0,137207.06
77000.0,221648.2
275000.0,184529.64
160000.0,178802.06
270000.0,205237.95
124900.0,160318.73
205000.0,271217.8
65000.0,84241.42
83000.0,93046.67
155000.0,202078.42
170000.0,110875.2
135000.0,117435.97
157000.0,124075.68
90000.0,108558.61
84000.0,98968.414
232000.0,172417.31
170000.0,176791.4
205000.0,149169.53
70000.0,76746.695
520000.0,453482.8
95000.0,90003.51
145000.0,162545.88
260000.0,286522.66
115000.0,139828.33
82000.0,99200.266
135000.0,267025.75
440000.0,321559.6
360000.0,330404.53
125000.0,101172.625
790000.0,879725.4
135000.0,117957.35
105000.0,210126.8
78000.0,85677.27
120000.0,141829.69
110000.0,135072.56
119000.0,159105.64
320000.0,399151.28
88000.0,84105.08
400000.0,439634.44
82000.0,117487.89
43459.0,81575.96
58000.0,68228.71
285000.0,301034.75
175000.0,195879.81
155000.0,172830.44
110000.0,147340.03
120000.0,92117.47
260000.0,215314.73
127500.0,248033.06
148000.0,246483.72
113391.0,183076.22
65000.0,110873.94
195000.0,301034.75
160000.0,160623.33
216000.0,184321.67
120000.0,179679.25
69900.0,182242.44
89000.0,67756.68
117000.0,110255.555
239900.0,189895.33
380000.0,291009.75
85000.0,108558.61
165000.0,192839.8
65000.0,201295.42
138000.0,163216.8
279000.0,293094.53
85000.0,98870.67
469000.0,618017.3
275000.0,403907.7
140000.0,134796.81
450000.0,456681.22
70700.0,71755.0
325000.0,211793.72
99000.0,110969.36
250000.0,202975.23
225000.0,299001.44
118000.0,252746.77
675000.0,682849.56
81000.0,107869.27
128000.0,131476.33
350000.0,241390.23
160000.0,130260.89
110000.0,200304.14
720000.0,371378.84
190000.0,225320.81
230000.0,274831.88
79800.0,121848.914
87000.0,80628.44
100000.0,133602.06
77000.0,92492.78
129900.0,126582.64
325000.0,237897.78
115000.0,97699.65
109000.0,118867.664
450000.0,523461.2
430000.0,376847.06
105000.0,99093.9
155000.0,217574.67
115000.0,140325.6
50000.0,77301.85
112900.0,163216.8
79000.0,101253.375
62900.0,72562.13
175000.0,161374.83
670000.0,422038.94
750000.0,763343.3
70000.0,125832.586
175000.0,154150.62
115000.0,73751.32
84000.0,124297.47
66000.0,92287.125
79900.0,97422.49
125000.0,150642.88
45000.0,55774.766
157000.0,144680.12
155000.0,129369.39
78000.0,74090.94
105000.0,113000.24
99000.0,109932.52
410000.0,497382.47
65000.0,91868.55
258000.0,329373.62
144900.0,99399.92
145000.0,157708.8
157000.0,98538.17
380000.0,364159.3
89000.0,126964.34
94000.0,84855.28
44800.0,68310.19
340000.0,367592.4
417000.0,286711.84
55000.0,67907.58
120000.0,125559.01
159000.0,143638.52
119900.0,125008.836
65000.0,53080.76
119000.0,216154.31
290000.0,228126.44
260000.0,183115.16
210000.0,186361.03
89000.0,85463.47
99000.0,119616.35
155000.0,150294.38
498000.0,511336.62
239000.0,222122.58
245000.0,225112.8
115000.0,117189.15
90000.0,109778.8
85000.0,113000.24
350000.0,254978.78
58000.0,51321.207
295000.0,319846.1
650000.0,769275.6
82000.0,71573.52
155000.0,148110.89
280000.0,310046.03
990000.0,983785.75
129000.0,132410.02
79000.0,100722.39
100000.0,69983.09
137000.0,131568.25
62083.0,99160.375
285000.0,315182.88
100000.0,103182.625
79500.0,78063.95
59000.0,52551.637
99000.0,128751.65
154000.0,125472.68
175000.0,127622.15
120000.0,107333.23
57062.0,87193.19
90000.0,75555.34
185000.0,151588.4
298000.0,289722.72
185000.0,177114.58
215000.0,161592.38
149000.0,115041.97
63000.0,75155.66
85000.0,88400.96
200000.0,155069.44
50000.0,93610.83
245000.0,276787.75
420000.0,268816.1
149000.0,113522.305
80000.0,89655.14
225000.0,231029.92
139900.0,167965.88
88200.0,90698.74
69000.0,107869.27
144000.0,110171.48
120000.0,147352.56
93000.0,107378.23
94900.0,106189.36
159999.0,168718.55
110000.0,114482.08
278000.0,275274.5
89000.0,135986.17
370000.0,349307.25
145000.0,183139.36
159000.0,149342.9
250000.0,284094.03
164900.0,168015.56
165000.0,202584.95
126000.0,121503.54
135000.0,134401.27
990000.0,951748.2
359000.0,327650.97
149900.0,131644.23
123000.0,98925.99
449000.0,249108.69
485000.0,419496.8
144900.0,217291.2
218000.0,237467.45
66000.0,86486.87
58500.0,104174.86
79900.0,154468.33
150000.0,103188.01
87500.0,98395.305
349000.0,442866.16
212000.0,195957.17
135000.0,115382.11
360000.0,337992.34
58000.0,52551.637
49000.0,85106.32
76000.0,81920.04
93000.0,107378.23
108000.0,112231.77
770000.0,568339.0
66000.0,105467.234
93000.0,141232.53
110000.0,127022.445
99800.0,91781.54
1350000.0,986253.06
470000.0,421846.7
125000.0,108762.086
75000.0,72273.47
105000.0,97422.06
110000.0,66849.28
145000.0,177196.92
145713.0,166570.98
195000.0,138602.6
30000.0,88645.52
798000.0,475074.6
179000.0,175159.31
260000.0,192751.98
59800.0,75091.09
105000.0,133451.0
70000.0,100413.414
299900.0,365452.44
450000.0,408901.72
388000.0,348858.25
83000.0,77464.3
260000.0,186394.66
240000.0,299075.12
95000.0,91544.664
220000.0,301778.16
160000.0,272082.25
85000.0,137015.52
84000.0,89655.14
125000.0,110347.48
1400000.0,969178.44
210000.0,189328.97
120000.0,129495.44
530000.0,476120.9
118000.0,115530.04
235000.0,311398.53
165000.0,191663.34
145000.0,99718.37
59900.0,65600.664
120000.0,171778.8
79500.0,111891.39
120000.0,112706.62
115000.0,156765.98
295000.0,227572.42
295000.0,217454.25
165000.0,154150.62
63000.0,77716.38
158500.0,155736.75
289000.0,366151.16
179000.0,121580.04
200000.0,144680.12
210000.0,232518.64
110000.0,125667.41
97000.0,99412.56
44800.0,68310.19
85000.0,255903.3
890000.0,856460.56
190000.0,151697.69
96000.0,160333.11
182000.0,314954.28
240000.0,275274.5
98600.0,127452.42
330000.0,182708.62
80000.0,94821.72
319000.0,251639.75
150000.0,159862.88
42000.0,55605.953
79000.0,201331.5
53300.0,74925.055
499400.0,409538.97
188000.0,153236.62
114000.0,113318.07
325000.0,280764.22
110000.0,115161.81
110000.0,105467.99
97000.0,100362.734
78000.0,106268.13
98000.0,112453.21
159600.0,122026.695
52900.0,68657.52
85000.0,100054.34
79500.0,135235.8
219000.0,172813.97
310000.0,287725.66
155000.0,120384.336
127000.0,159049.48
119000.0,149224.38
65000.0,101008.63
118000.0,140102.4
121000.0,140171.0
79500.0,135235.8
260000.0,155255.69
370000.0,486988.53
80000.0,129701.09
76657.0,93810.625
239000.0,147641.16
280000.0,222652.16
159000.0,182123.58
159000.0,132907.97
390000.0,385645.03
498000.0,409403.47
104900.0,129154.42
318900.0,242354.89
280000.0,246159.22
264900.0,246704.25
99000.0,105827.53
150000.0,155036.14
110000.0,96766.83
990000.0,806856.0
85500.0,91676.195
628800.0,388405.22
255000.0,325547.97
208000.0,195124.78
260000.0,167967.88
89000.0,100144.47
149000.0,121660.195
375000.0,471895.5
235000.0,316035.66
88000.0,103940.34
130000.0,183336.33
96530.0,65866.414
250000.0,157212.55
159000.0,120739.836
80000.0,72216.41
85000.0,143807.3
370000.0,285460.28
136000.0,161333.56
160000.0,117539.125
105000.0,142116.38
570000.0,300010.06
430000.0,228205.42
167000.0,110414.08
209000.0,236858.4
360000.0,348858.25
119538.0,147811.64
295000.0,329373.62
110000.0,101267.445
373000.0,336648.06
100000.0,133666.69
117200.0,147938.22
189000.0,195385.83
176000.0,228714.67
119900.0,141271.52
90000.0,79208.445
98000.0,88571.81
123000.0,254459.88
350000.0,270572.06
470000.0,691332.44
85000.0,110199.65
87000.0,89340.445
219000.0,228080.27
140000.0,147340.03
75000.0,110004.2
57800.0,65600.664
164900.0,223374.67
130000.0,173750.83
370000.0,387122.34
278000.0,232329.34
180000.0,214425.72
199000.0,168015.56
86000.0,110875.2
115000.0,118339.28
350000.0,289178.97
128000.0,94827.91
95000.0,117435.97
124900.0,173544.66
245000.0,358897.84
72000.0,105630.2
1100000.0,985327.56
229000.0,180085.6
750000.0,325888.88
65000.0,94791.91
155000.0,203087.81
104900.0,128798.48
185000.0,198449.88
105000.0,127190.05
187000.0,257188.8
198000.0,169474.64
259900.0,194059.98
229000.0,278411.25
140000.0,121049.305
110000.0,93884.336
175000.0,165540.72
230000.0,200955.02
92000.0,96977.445
180000.0,140056.05
125000.0,156428.53
159000.0,178525.78
245000.0,211848.17
255000.0,198633.58
620000.0,342085.7
469000.0,345261.53
292000.0,420654.53
72500.0,88096.1
120000.0,137485.52
640000.0,418442.06
570000.0,513358.28
112500.0,112561.67
690000.0,912961.7
105000.0,158606.42
135000.0,102733.875
420000.0,344227.06
122825.0,125093.875
84000.0,114463.53
98000.0,89312.15
89000.0,105827.53
165000.0,278584.62
76500.0,78959.38
500000.0,360503.97
92000.0,111923.26
81200.0,77563.62
76500.0,102644.3
120000.0,121672.75
1050000.0,912961.7
108000.0,127845.15
160000.0,142697.39
89000.0,118339.28
253000.0,210409.5
295000.0,276052.22
82000.0,76161.664
89000.0,99932.14
168000.0,193201.53
215000.0,239143.06
165000.0,144680.12
63166.0,90405.25
78000.0,95434.89
235000.0,190588.22
85000.0,115316.85
145000.0,233811.14
88000.0,93195.125
85000.0,78858.33
120000.0,181619.17
150000.0,148257.7
549000.0,557505.25
115000.0,112500.81
85000.0,150875.42
59990.0,89860.5
45000.0,52606.13
340000.0,314908.47
295000.0,215982.8
550000.0,879725.4
145000.0,133383.89
65000.0,64879.656
105000.0,92302.47
349000.0,248476.11
164000.0,172759.77
64000.0,63095.6
256500.0,183672.39
460000.0,334814.5
95000.0,129356.97
85000.0,158422.77
200000.0,249311.05
110000.0,129356.97
290000.0,311987.12
88000.0,124628.42
90000.0,145852.27
100000.0,101690.125
82000.0,94919.83
92500.0,111891.39
145000.0,155430.45
420000.0,324842.78
125000.0,123440.945
89000.0,88110.63
1250000.0,1049570.8
62000.0,73258.65
34980.0,80259.09
118000.0,148564.56
270000.0,252786.39
87000.0,104722.89
156000.0,120907.51
215000.0,204639.28
198000.0,224600.61
150000.0,132570.53
74500.0,98763.92
224900.0,360801.6
130000.0,115980.164
72900.0,85491.195
230000.0,198801.1
155000.0,150182.05
149000.0,150340.92
199000.0,236589.23
290000.0,381208.94
160000.0,175542.25
158000.0,152089.86
69900.0,59442.254
120000.0,116467.43
167000.0,147723.11
69000.0,61887.234
110000.0,119616.35
110000.0,145225.19
159000.0,116754.95
330000.0,285070.78
122000.0,114621.336
114000.0,135031.28
89000.0,106366.95
235000.0,271312.7
69000.0,64714.027
101718.0,124390.74
145000.0,135082.45
199000.0,133811.12
240000.0,142733.22
70000.0,73413.51
185889.0,180085.6
83000.0,101470.01
135000.0,87484.58
120000.0,150999.83
105000.0,80012.64
68000.0,131255.62
65000.0,119783.82
108000.0,93602.17
149900.0,144838.42
83000.0,98870.67
57000.0,52551.637
105000.0,129935.055
195000.0,202389.75
91795.0,100570.25
105000.0,109437.04
900000.0,758934.06
74000.0,83218.4
385000.0,327650.97
92000.0,155548.88
134000.0,167504.67
690000.0,643194.94
82500.0,88454.71
249000.0,265732.75
430000.0,339843.25
109000.0,138916.86
235000.0,138673.02
140000.0,140816.75
139000.0,140177.81
195000.0,175542.25
189000.0,161905.42
400000.0,417953.28
79500.0,135235.8
148000.0,184144.89
149000.0,158606.42
68000.0,71414.79
179000.0,172210.9
250000.0,386809.0
179000.0,143579.0
81500.0,101427.3
980000.0,764310.2
475000.0,258277.8
338000.0,278737.44
315000.0,312857.2
110000.0,136819.31
110000.0,112857.98
85200.0,71425.92
100000.0,104337.02
120000.0,136570.45
108000.0,138999.06
59000.0,76463.625
125000.0,161066.92
73000.0,111036.72
122500.0,93969.55
270000.0,279527.6
85000.0,94985.33
120000.0,127022.445
115000.0,132361.22
140000.0,127022.445
155000.0,137998.11
139000.0,148876.58
365000.0,316072.53
165000.0,181489.25
106700.0,76013.9
600000.0,566638.75
150000.0,112825.81
550000.0,594130.4
170000.0,307000.25
85000.0,106927.02
690000.0,288997.16
88000.0,119924.484
540000.0,378617.06
220000.0,249034.98
219000.0,171253.83
150000.0,175445.78
321000.0,286143.0
200000.0,315301.25
388000.0,349014.03
145000.0,154328.2
75000.0,115598.25
139000.0,128359.86
185000.0,240383.97
105000.0,93602.17
1000000.0,871740.9
190000.0,146219.78
94000.0,138523.47
82000.0,103164.35
215000.0,188741.14
320000.0,368834.28
80000.0,97116.555
85000.0,56801.3
69900.0,85292.0
105000.0,109437.04
320000.0,292098.66
69000.0,136688.16
114500.0,106491.66
375000.0,421846.7
122058.0,140102.4
142000.0,148110.89
180000.0,142889.81
274500.0,228613.89
95000.0,101967.84
230000.0,258803.73
259000.0,197153.55
260000.0,249311.05
122000.0,118186.19
218000.0,205070.56
144000.0,118107.555
119500.0,121505.72
80000.0,125261.06
139000.0,162897.02
198000.0,169013.89
99900.0,126006.375
174000.0,247733.75
110000.0,152662.38
125000.0,159643.55
650000.0,591294.44
104000.0,179679.25
185000.0,149456.89
78000.0,148789.4
139900.0,155036.14
105000.0,99017.17
518000.0,337992.34
190000.0,172759.77
65000.0,95506.016
299000.0,228430.36
119000.0,142157.53
72000.0,74257.32
85000.0,92877.81
55000.0,150176.11
118000.0,142708.08
89000.0,102732.375
75000.0,90860.08
143350.0,157496.62
155000.0,205510.69
152000.0,147864.52
310000.0,514044.22
82860.0,92714.57
577000.0,591275.4
104000.0,119135.86
88000.0,76413.65
225000.0,172719.39
78000.0,178495.38
225000.0,254027.55
89900.0,111082.32
79500.0,135235.8
140087.0,128646.74
128000.0,130187.45
126000.0,129369.39
235000.0,189548.52
145000.0,144838.42
74000.0,95604.61
205000.0,269582.1
230000.0,151588.4
765000.0,299667.0
600000.0,578719.5
800000.0,443073.97
160000.0,223949.52
69900.0,104865.27
225000.0,343158.66
195000.0,146677.56
189000.0,234815.33
67000.0,82610.58
169900.0,198536.62
183000.0,235633.36
171000.0,134063.69
127559.0,139997.5
163000.0,218545.58
162000.0,149046.44
49000.0,72167.28
67500.0,136688.16
1050000.0,557505.25
100000.0,143436.36
135000.0,133811.12
63000.0,85101.3
450000.0,425366.44
118000.0,131764.73
244605.0,264363.22
116900.0,105111.805
83000.0,85800.625
66900.0,70524.984
110000.0,185514.28
90000.0,81320.805
44000.0,153514.89
525000.0,456681.22
130000.0,203851.72
95000.0,116486.28
132000.0,125148.16
47000.0,52852.02
192000.0,297304.0
82000.0,66446.47
79900.0,103940.34
220000.0,264948.34
135000.0,104250.71
69000.0,87143.47
159000.0,152391.33
425000.0,699476.6
86000.0,94827.91
208000.0,176791.4
160000.0,233876.33
39000.0,52551.637
86900.0,98155.04
58000.0,182148.25
212000.0,311657.66
159000.0,139981.22
490000.0,453315.72
180000.0,233225.53
150500.0,156794.17
150000.0,140081.14
95000.0,171485.06
55000.0,52925.727
80000.0,89478.15
190000.0,271652.53
395000.0,533714.75
127000.0,112926.53
230000.0,245232.78
1020000.0,848935.94
115000.0,132599.48
157000.0,170268.22
495000.0,548626.75
120000.0,105625.766
218310.0,154274.1
169850.0,133369.14
75000.0,107233.26
175000.0,236306.58
224900.0,171907.77
68500.0,100018.79
152000.0,185789.97
1200000.0,871740.9
212000.0,171536.16
250000.0,387373.25
1100000.0,961706.1
210000.0,222519.05
120000.0,107254.94
58500.0,77326.42
76000.0,67126.26
590000.0,371168.47
153600.0,120907.51
165000.0,209376.78
103000.0,117905.32
69000.0,97856.375
150000.0,118460.07
160000.0,182029.77
99900.0,143056.48
170000.0,133262.72
128000.0,122427.51
99000.0,151500.22
72000.0,106893.86
225000.0,265459.72
99000.0,103670.31
214000.0,252775.28
470000.0,397212.22
118000.0,146453.92
69900.0,68290.14
105000.0,139731.7
115000.0,94550.46
122000.0,136229.52
165000.0,169965.62
69000.0,82100.49
209000.0,271296.47
85000.0,80467.0
128000.0,118386.36
115000.0,131476.33
85000.0,88645.52
110000.0,104337.02
169000.0,174211.48
48256.0,88096.1
120000.0,106296.57
78000.0,80030.74
72000.0,88951.84
119900.0,109291.39
450000.0,373884.2
202000.0,160006.06
162000.0,155436.27
125000.0,136655.12
930000.0,464707.25
319000.0,222873.12
98500.0,106812.305
56900.0,61874.598
75000.0,108473.3
69000.0,136688.16
83000.0,119131.47
239900.0,219430.42
95000.0,107051.63
49000.0,151728.86
196000.0,184895.83
86500.0,121380.46
99500.0,102677.1
329000.0,320989.62
660000.0,583537.06
200000.0,200434.95
238000.0,128473.3
400000.0,329884.22
340000.0,271296.47
128552.0,148461.06
86000.0,75700.59
230000.0,302654.25
780000.0,454516.88
700000.0,318457.75
115000.0,118318.26
175000.0,142999.84
119000.0,109750.914
95000.0,112507.69
227000.0,228589.47
380000.0,192897.86
389000.0,279147.6
390000.0,534816.4
109900.0,103646.99
89500.0,100596.234
115000.0,111271.63
110000.0,139348.9
199000.0,257390.61
64500.0,63721.758
64000.0,89703.99
890000.0,912961.7
170000.0,176169.39
400000.0,279738.84
41330.0,81575.96
82000.0,81920.04
79900.0,80008.88
375000.0,325888.88
157000.0,130496.02
150000.0,158427.31
230000.0,202031.95
170000.0,169122.97
110000.0,97470.49
190000.0,341126.97
75000.0,115767.53
89900.0,114435.32
112000.0,121608.96
140000.0,153928.72
40000.0,64462.562
127900.0,148852.55
199900.0,284047.4
64000.0,90449.4
745000.0,688281.06
167000.0,140372.23
119000.0,201257.8
659900.0,535236.5
258000.0,218871.11
110000.0,100099.16
85000.0,88022.41
175000.0,135518.33
97500.0,89435.96
120000.0,211446.58
177500.0,105626.49
268000.0,300959.84
140000.0,189001.88
143000.0,211670.94
195000.0,193951.86
278000.0,320790.28
92000.0,112819.94
152000.0,133313.66
85000.0,57995.336
75000.0,100605.04
199000.0,220106.9
58000.0,89009.695
63319.0,57133.18
228000.0,246401.83
110000.0,101470.01
208000.0,216308.56
485000.0,576713.7
115000.0,112561.67
450000.0,338540.34
145000.0,166254.5
85600.0,109369.49
320000.0,312936.1
73000.0,65560.51
480000.0,345261.53
125000.0,143202.42
134276.0,103841.56
185000.0,186819.45
140000.0,174531.25
141000.0,163778.0
112000.0,119955.94
91500.0,75565.98
109000.0,94451.14
115000.0,108505.89
82900.0,102409.984
99900.0,194892.16
175000.0,264948.34
275000.0,332387.1
550000.0,593906.6
89000.0,107922.7
85000.0,74495.75
240000.0,188958.97
128000.0,141727.55
220000.0,199888.28
395000.0,420654.53
135000.0,124557.766
165000.0,179935.27
530000.0,342562.84
152000.0,133313.66
55471.0,78653.24
195000.0,296072.7
90000.0,101566.34
90000.0,105307.04
143000.0,198743.42
46000.0,182242.44
450000.0,318474.8
580000.0,575598.7
135000.0,160414.53
180000.0,222609.95
159000.0,138831.81
129000.0,114214.16
155000.0,192371.28
98000.0,110295.75
46000.0,54420.14
320000.0,224741.19
70000.0,101613.14
139000.0,130370.77
159000.0,154862.52
95000.0,104523.53
410000.0,286246.7
149900.0,195090.52
180000.0,119738.17
149000.0,216121.89
394000.0,406738.6
102000.0,133262.72
68200.0,97748.44
58000.0,168906.94
159000.0,158280.33
570000.0,510376.28
790000.0,911138.06
70656.0,88454.71
281000.0,251913.64
142000.0,126582.64
280000.0,291435.84
159500.0,139565.33
247000.0,224663.61
58000.0,100291.67
180000.0,195502.77
112000.0,200304.14
480000.0,222293.69
68000.0,161975.69
174000.0,247733.75
400000.0,289919.6
69900.0,75123.85
53000.0,69585.13
76000.0,92359.47
125000.0,92017.53
173000.0,210697.81
119500.0,141164.83
210000.0,205006.11
164627.0,144680.12
385000.0,328236.4
80000.0,107869.27
129000.0,104757.24
580000.0,568841.6
315000.0,314292.22
72000.0,55940.395
148000.0,131764.73
98000.0,103524.11
950000.0,605227.7
109000.0,114595.836
100000.0,230791.47
139000.0,122401.83
190000.0,208433.89
90000.0,95523.67
97200.0,119064.01
330000.0,325888.88
230000.0,298672.2
67500.0,68640.734
142000.0,136408.72
110000.0,104243.05
780000.0,767675.9
71172.0,119955.94
120000.0,114482.08
135000.0,172830.44
102000.0,99076.766
83000.0,61140.906
105000.0,103642.99
91000.0,136293.73
82999.0,112507.69
62500.0,68214.04
145000.0,153310.94
248000.0,155638.81
124900.0,108196.555
108000.0,140803.98
135000.0,170501.73
99500.0,94291.8
109000.0,132507.16
240000.0,350047.88
220000.0,317662.1
249000.0,241421.34
135000.0,124097.51
189000.0,186280.95
99000.0,130131.12
219000.0,269316.6
145000.0,161740.4
420000.0,411733.5
108000.0,104443.57
55000.0,61038.34
108500.0,210126.8
85000.0,103450.4
115000.0,100927.69
85000.0,90380.3
550000.0,233027.17
309000.0,154995.73
73000.0,134129.31
196000.0,102434.52
158000.0,322266.22
170000.0,304773.8
93000.0,104337.02
199000.0,125398.97
250000.0,209229.97
84900.0,131145.6
590000.0,581651.5
95000.0,115748.9
55000.0,54119.76
216000.0,215994.55
81500.0,85044.234
179900.0,147168.81
210000.0,185291.28
129000.0,140372.23
1400000.0,974161.9
83520.0,119793.49
110000.0,117528.05
177000.0,271296.47
80000.0,121308.99
110000.0,141256.67
195000.0,177179.78
63000.0,69226.9
220000.0,206982.86
79000.0,98968.414
119000.0,98639.76
149000.0,116351.164
211000.0,172291.78
121000.0,171368.84
405000.0,415870.16
138500.0,128572.914
450000.0,634860.4
255000.0,227333.52
249000.0,281832.84
99000.0,101996.14
81000.0,163702.66
165000.0,133211.62
430000.0,228205.42
90000.0,245554.88
330000.0,221031.84
58000.0,64741.477
80000.0,90535.234
300000.0,199232.77
117000.0,105156.67
61129.0,88116.04
698000.0,646571.75
175000.0,163729.31
78500.0,108355.63
105000.0,110912.08
410000.0,777414.0
143000.0,146554.2
110000.0,122874.01
99900.0,127556.64
105000.0,92779.695
110000.0,114547.625
130000.0,134401.27
169000.0,127474.48
298000.0,288025.34
169000.0,172161.66
127400.0,144680.12
94000.0,113135.484
83600.0,74057.36
149900.0,156737.78
165000.0,312486.3
150000.0,137929.48
180000.0,239310.0
105000.0,110004.2
145000.0,151279.81
125000.0,168400.69
39000.0,57466.22
145000.0,223605.58
73000.0,54174.25
99000.0,150716.94
120000.0,144967.78
165000.0,150790.64
189000.0,158416.45
270000.0,242354.89
175000.0,150215.55
100000.0,81298.92
120000.0,117687.91
64900.0,95671.91
83000.0,94209.43
190450.0,159173.17
137500.0,207829.11
109000.0,114780.58
279900.0,274831.88
346942.0,237612.92
259000.0,302898.12
70000.0,63259.754
230000.0,219396.95
180000.0,246565.25
295000.0,307342.7
1400000.0,1015398.9
110000.0,74887.47
137000.0,133262.72
415000.0,280184.88
150000.0,111537.26
180000.0,182314.8
40000.0,58111.18
239000.0,223747.47
55000.0,48826.004
105000.0,101031.09
199000.0,217056.3
79000.0,106134.55
145000.0,128168.984
250000.0,268833.56
130000.0,126582.64
229000.0,220544.42
245000.0,198925.27
78000.0,181975.28
78000.0,94424.836
187000.0,224663.61
998000.0,607755.0
150000.0,132044.17
295000.0,301618.28
128000.0,141164.83
64900.0,87143.47
110000.0,148376.83
89000.0,92304.71
152000.0,148143.7
87000.0,113175.18
128000.0,101985.54
300000.0,334251.25
98000.0,74456.49
133000.0,124706.43
300000.0,136226.27
155000.0,179257.61
141000.0,138831.81
192000.0,163727.89
263086.0,251639.75
200000.0,160921.39
120000.0,102804.75
88000.0,77603.414
112500.0,112561.67
95000.0,101470.01
80000.0,68906.56
110000.0,105273.26
150000.0,120559.02
169000.0,130616.81
48620.0,102494.484
205000.0,297945.53
112000.0,146313.78
89000.0,99126.555
320000.0,474235.7
61900.0,66129.42
120000.0,168758.55
77000.0,92304.71
399000.0,285232.78
75000.0,102470.9
155000.0,151683.53
99000.0,107869.27
389000.0,276944.1
650000.0,720048.7
170000.0,149928.69
125000.0,132584.67
115000.0,73359.02
115000.0,130187.18
174000.0,301034.75
209000.0,183115.16
119000.0,125398.97
39900.0,52852.02
235000.0,130370.77
285000.0,186819.45
84900.0,143682.52
145500.0,109965.79
95000.0,97429.11
220000.0,172597.69
235000.0,338948.8
215000.0,251803.05
75000.0,88127.71
115000.0,115953.99
150000.0,158606.42
180000.0,203254.3
1000000.0,699476.6
135000.0,185080.61
179000.0,158943.88
125000.0,137501.31
199900.0,143564.81
240000.0,264796.4
153000.0,156969.84
139000.0,141235.23
280000.0,304755.78
780000.0,890250.56
130000.0,166328.83
135000.0,109295.59
780000.0,784767.4
85000.0,106063.555
178677.0,154150.62
185882.0,173976.86
360000.0,236356.8
98000.0,124181.09
270000.0,241284.61
129000.0,129356.97
695000.0,694285.4
183000.0,137207.06
105000.0,172345.69
149000.0,127702.0
48000.0,94550.46
92000.0,141885.39
87000.0,97284.664
250000.0,216955.52
155000.0,142857.64
120000.0,118818.914
107000.0,117831.86
125000.0,111116.99
162000.0,209303.95
208000.0,184956.98
148000.0,166646.23
73450.0,73959.26
140000.0,191544.97
128000.0,135235.8
165000.0,169418.38
85000.0,72703.75
129000.0,91030.305
128000.0,163579.61
70000.0,100735.48
172000.0,148387.36
295000.0,210965.77
185000.0,157229.73
140000.0,101586.055
140000.0,171778.8
99000.0,90317.734
203000.0,166808.89
410000.0,421846.7
160000.0,136758.25
69000.0,107517.39
95000.0,120867.16
109000.0,166225.16
99408.0,122776.234
280000.0,228714.67
125000.0,115590.16
89500.0,75201.21
120000.0,153424.58
89000.0,119570.03
90000.0,93348.46
155000.0,209420.31
890000.0,976377.9
1350000.0,1005749.3
75000.0,61979.156
290000.0,249034.98
75000.0,97795.23
189645.0,174941.16
69000.0,99990.414
248000.0,237770.94
78000.0,148928.2
190000.0,152504.88
135000.0,181642.64
59500.0,90860.08
120000.0,105552.19
152000.0,193892.36
82000.0,72385.766
97000.0,88123.086
220000.0,210636.64
65000.0,101983.54
110000.0,139417.14
160000.0,153288.08
175000.0,93697.4
125000.0,154150.62
135000.0,156904.66
155000.0,106717.836
140000.0,155278.62
114999.0,144967.78
530000.0,780341.3
199000.0,264466.62
790000.0,986253.06
295000.0,255034.02
109900.0,136628.6
170000.0,163304.92
242000.0,274545.38
150000.0,125295.97
490000.0,499796.44
95000.0,98914.15
139000.0,154526.08
65000.0,68233.53
85000.0,54512.062
89000.0,151784.27
180000.0,144313.83
650000.0,834815.6
129000.0,129356.97
245000.0,208445.47
80000.0,147712.27
414000.0,342702.75
88000.0,139576.89
185000.0,216382.92
128000.0,107608.88
86000.0,101909.83
111500.0,169418.38
132000.0,137550.89
116000.0,142999.84
169999.0,156086.3
115000.0,151784.27
390000.0,422829.47
129500.0,85044.234
350000.0,289178.97
430000.0,397681.6
41000.0,56463.49
65000.0,84860.53
80000.0,70900.93
189000.0,180853.42
85000.0,93190.95
69900.0,72286.445
209000.0,227877.67
200000.0,209229.97
135000.0,203087.81
215000.0,281350.44
99900.0,127871.37
169000.0,171049.22
125000.0,121701.65
170000.0,130422.31
179500.0,167967.88
95000.0,129088.625
49000.0,98254.54
35960.0,114780.58
110000.0,106585.22
120000.0,106268.13
110000.0,140124.22
238000.0,308325.78
112000.0,113097.836
145000.0,100296.016
237000.0,236973.36
449000.0,376567.12
73000.0,103188.01
80000.0,110223.63
135000.0,108505.89
140000.0,85013.87
240696.0,265300.3
120000.0,128047.87
190000.0,176487.6
245000.0,257913.27
315000.0,272288.0
83000.0,97003.305
150000.0,154150.62
220000.0,236987.78
139000.0,152354.23
83000.0,90326.77
160000.0,154150.62
178000.0,152846.62
155000.0,168554.05
190000.0,137207.06
307500.0,242207.0
299000.0,269332.78
275000.0,325516.4
620000.0,525565.4
85000.0,91462.85
139900.0,155278.62
115000.0,149364.84
249900.0,248667.27
65000.0,75091.09
89000.0,95446.555
131500.0,155265.78
135000.0,123408.78
128000.0,100450.57
160000.0,137207.06
158000.0,177368.56
92000.0,111923.26
205000.0,180116.22
135000.0,135929.06
67000.0,104586.76
180000.0,164062.36
350000.0,252574.61
57000.0,84389.7
115000.0,109369.49
199000.0,169474.64
99000.0,111653.91
41340.0,90996.98
137000.0,156587.31
239000.0,325547.97
139000.0,125398.97
180000.0,284889.16
140000.0,127022.445
86000.0,111233.055
90000.0,94000.68
113700.0,108547.01
74990.0,84286.93
144000.0,132522.81
92000.0,110181.84
125000.0,141164.83
175000.0,158709.28
131000.0,188276.2
119000.0,127022.445
329000.0,271311.06
445000.0,494160.34
230000.0,205650.94
119900.0,116983.32
179900.0,131203.53
93900.0,124566.41
105000.0,109585.09
79000.0,91795.1
140000.0,128048.445
219000.0,216019.06
550000.0,254458.61
115000.0,106042.73
85000.0,62421.5
125000.0,162576.17
124000.0,213346.4
115000.0,139981.22
140000.0,99381.73
81500.0,79671.016
159000.0,142733.22
740000.0,741027.94
149000.0,125340.74
1400000.0,969178.44
445000.0,364159.3
74000.0,114435.32
121850.0,133262.72
130000.0,118460.07
150000.0,123162.21
95000.0,141031.81
89000.0,133301.53
102000.0,109742.28
87000.0,84616.87
120000.0,117079.805
115000.0,99217.13
299000.0,239383.7
120000.0,110181.84
750000.0,365526.12
290000.0,239143.06
41329.0,81575.96
107000.0,111855.91
74900.0,56813.766
150000.0,236580.1
169000.0,207431.86
65000.0,54420.14
165000.0,209394.36
139000.0,141164.83
149000.0,158231.78
89000.0,111923.26
99900.0,121345.07
72000.0,76959.61
89000.0,81320.805
110000.0,97028.1
130000.0,109660.27
99500.0,117841.43
240000.0,177501.94
66000.0,80532.36
230000.0,282740.2
68000.0,95390.13
194500.0,143638.52
68000.0,63941.973
170000.0,133301.53
153000.0,341126.97
57000.0,77030.89
160000.0,109095.555
72000.0,106227.48
138000.0,85820.23
96000.0,132608.2
215000.0,320691.28
330000.0,359658.16
130000.0,218591.14
195000.0,220106.9
170000.0,200434.95
160000.0,185691.6
90000.0,108789.984
82000.0,111653.91
110000.0,102294.9
180000.0,251639.75
99000.0,150948.45
89000.0,85360.88
730000.0,722798.56
195000.0,179214.42
125000.0,79564.13
105000.0,144680.12
78000.0,78197.87
127000.0,148286.52
620000.0,581651.5
140000.0,136226.27
395000.0,346333.5
184000.0,171778.8
71000.0,71755.0
285000.0,208287.2
130000.0,121873.57
380000.0,314959.38
74900.0,73544.42
120000.0,122501.22
54000.0,78849.68
110000.0,126582.64
160000.0,148682.23
78000.0,88684.7
270000.0,220316.19
123000.0,121580.04
255000.0,291081.1
183000.0,136408.72
88000.0,186904.08
325000.0,425808.12
240000.0,226343.34
114000.0,101766.016
110000.0,131221.33
297500.0,273766.75
129800.0,148852.55
85000.0,91434.23
82000.0,170712.02
129000.0,128807.1
149000.0,144680.12
159000.0,151948.7
95000.0,90409.77
189000.0,246683.06
398000.0,269942.7
670000.0,600218.7
116000.0,129935.055
370000.0,253661.1
104900.0,93195.125
112000.0,139206.33
298000.0,367592.4
108000.0,82215.42
34900.0,49753.09
64000.0,96015.87
290000.0,276525.22
89000.0,89135.44
175000.0,172409.44
110000.0,158801.2
43000.0,60726.17
79300.0,125398.97
120000.0,130132.695
134000.0,93602.17
109000.0,144671.88
49000.0,79381.13
123000.0,122215.42
272677.0,253481.89
74000.0,103654.04
220000.0,259256.89
192000.0,125391.33
82000.0,115651.45
68500.0,90449.4
337000.0,294592.7
395000.0,301618.28
62300.0,78491.47
145000.0,131838.44
140000.0,193943.27
81900.0,80068.516
134500.0,163680.47
140000.0,138746.72
138000.0,251769.11
138000.0,251736.17
460000.0,578627.1
78000.0,99017.17
159000.0,188098.69
1300000.0,1017647.7
55000.0,74715.08
118000.0,137185.61
119000.0,94722.484
277300.0,241466.34
395000.0,342983.56
130000.0,156765.98
138500.0,116004.33
135000.0,155278.62
120000.0,127452.42
175000.0,202031.95
82000.0,79748.96
56900.0,100658.02
1150000.0,593906.6
380000.0,313039.44
140000.0,121503.54
130000.0,138140.03
345000.0,237416.11
78000.0,103919.51
69000.0,89860.5
115000.0,118199.07
67150.0,84073.945
310000.0,270439.72
128000.0,159944.38
210000.0,234861.7
1350000.0,871740.9
84015.0,63095.6
84221.0,117285.38
330100.0,172597.69
54900.0,72867.79
150000.0,166956.23
189000.0,179684.67
78030.0,79980.13
145000.0,136555.69
155000.0,155278.62
70689.0,100605.04
125000.0,110587.39
239000.0,216722.16
220000.0,179702.08
140000.0,159024.5
199000.0,138916.86
118000.0,137207.06
77500.0,84007.02
88000.0,240609.44
140000.0,164062.36
540000.0,378617.06
595000.0,1013221.6
110000.0,115235.52
210000.0,158709.28
127600.0,81855.27
220000.0,191031.23
185000.0,236570.4
120000.0,112948.53
128000.0,176126.67
470000.0,607755.0
330000.0,179241.03
125000.0,109742.28
149900.0,151088.28
40000.0,288064.53
70000.0,201257.8
229000.0,255531.86
109000.0,135865.94
185000.0,158283.31
700000.0,748893.44
275000.0,211726.62
130000.0,150394.34
47000.0,90449.4
69000.0,120846.5
185000.0,164092.44
230000.0,155228.83
389000.0,454580.6
169000.0,222163.61
180000.0,212241.34
95000.0,120298.06
980000.0,839729.4
70000.0,84241.42
88000.0,75575.41
89000.0,129780.73
105000.0,78869.83
530000.0,364073.6
260000.0,257193.27
145000.0,133516.77
99000.0,138706.48
140000.0,143355.67
83000.0,80153.02
148000.0,169025.17
149000.0,195879.81
64500.0,66150.82
25000.0,99160.375
195000.0,233645.22
80000.0,83196.055
470000.0,269942.7
220000.0,260499.6
65000.0,151728.86
67000.0,76013.9
159000.0,142733.22
50500.0,66258.71
110000.0,117035.28
105000.0,89784.85
118000.0,119476.23
320400.0,256058.02
109000.0,111720.98
230000.0,156765.98
95000.0,163216.8
760000.0,633833.94
165000.0,190845.17
74000.0,93331.02
68000.0,249868.1
135000.0,163116.81
299000.0,341835.22
115000.0,92364.32
499000.0,594752.5
137000.0,90374.06
152000.0,191105.05
84000.0,104986.67
56700.0,68906.56
365000.0,449501.03
99000.0,206910.02
163200.0,131764.73
170000.0,230542.5
241000.0,149892.12
115000.0,117368.65
144080.0,140102.4
420000.0,353648.47
215000.0,249034.98
73000.0,103940.34
250000.0,281238.4
63000.0,75700.59
117000.0,156555.66
139900.0,156642.6
165000.0,154150.62
48000.0,135309.5
219000.0,360801.6
59000.0,88169.81
790000.0,876453.1
87000.0,105467.99
54000.0,77997.93
159998.0,164509.36
63000.0,73209.26
240000.0,247787.92
82000.0,77159.0
49000.0,51395.914
130000.0,142291.78
215000.0,182688.86
75000.0,89532.65
72000.0,105097.25
185000.0,146001.02
224000.0,237770.94
129000.0,110809.875
173000.0,144680.12
90000.0,214444.64
280000.0,314180.06
82000.0,127428.625
185000.0,207768.19
85000.0,109750.914
198000.0,149609.7
290000.0,229399.84
79900.0,134175.6
182000.0,194201.86
220000.0,210081.92
270000.0,292606.75
165000.0,131113.69
122000.0,164149.25
168000.0,186280.67
182000.0,227461.05
44500.0,52943.94
100000.0,198370.86
79000.0,125103.305
74000.0,61214.613
105000.0,113509.72
75000.0,68610.56
90000.0,99868.95
67500.0,63259.754
110000.0,121580.04
120000.0,156901.61
199000.0,139223.05
198000.0,155156.23
149000.0,134345.84
64765.0,99160.375
145000.0,185372.66
207000.0,173769.8
57000.0,79381.13
585000.0,510376.28
140000.0,134318.73
172000.0,117468.945
790000.0,684956.25
110000.0,130422.31
315000.0,341761.53
185000.0,127987.55
398000.0,282998.5
97500.0,87029.31
48900.0,200304.14
175000.0,186287.33
112104.0,144680.12
175000.0,131764.73
158000.0,133313.66
99500.0,102623.33
355000.0,309607.0
95000.0,89655.14
240000.0,181865.81
79900.0,101104.805
120000.0,143095.67
95000.0,127190.05
105000.0,200377.84
99000.0,108666.42
750000.0,549084.94
120000.0,140801.27
228000.0,168849.08
473000.0,307342.7
89000.0,112231.77
88000.0,114947.484
110000.0,198538.16
74060.0,88663.734
115000.0,107051.63
220000.0,215458.75
90000.0,64320.055
440000.0,307416.38
135000.0,137207.06
224000.0,331715.6
70000.0,69983.09
54000.0,87143.47
289900.0,181431.6
275000.0,162706.1
88000.0,98870.67
117300.0,184144.89
153000.0,203944.64
280000.0,234547.75
179800.0,178802.06
255000.0,269942.7
64000.0,93537.12
99900.0,106349.38
83200.0,99099.63
133000.0,150390.48
83000.0,106468.445
93410.0,95671.91
129000.0,151500.22
65000.0,74219.24
315000.0,377453.66
120000.0,138907.42
63000.0,79671.016
175000.0,229813.7
169467.0,110875.2
95000.0,93810.625
680000.0,686322.0
162000.0,153606.34
116000.0,122776.234
178000.0,197630.2
690000.0,435588.78
94000.0,124311.8
300000.0,466057.25
110000.0,134378.45
159000.0,386406.53
90000.0,96015.87
75000.0,77852.52
195000.0,151500.22
105000.0,143276.55
218000.0,179232.36
89000.0,77790.09
60000.0,103847.39
185000.0,191007.0
150000.0,111028.49
230000.0,326042.5
170000.0,251400.0
298000.0,302105.25
355000.0,316065.2
110000.0,150157.66
128000.0,130396.26
74700.0,61979.156
155000.0,128646.74
120000.0,103484.53
57900.0,77998.11
215000.0,220106.9
224500.0,222024.06
190000.0,238090.72
76000.0,93934.68
215000.0,257885.25
315000.0,318401.12
258000.0,237770.94
125000.0,117687.91
350000.0,395360.75
165000.0,166976.39
110887.0,92834.99
165000.0,169087.6
189000.0,226456.48
123000.0,102899.73
125000.0,98936.695
98000.0,91280.984
145350.0,125398.97
290000.0,229091.03
65000.0,93118.766
400000.0,304310.1
45000.0,45069.406
110000.0,96205.63
270000.0,292553.1
145000.0,218552.62
34980.0,80259.09
259000.0,226456.48
95000.0,124270.65
158000.0,152652.58
1050000.0,524772.7
150490.0,128359.86
186000.0,125093.35
86000.0,72573.055
59000.0,314950.94
299000.0,337388.7
118000.0,105307.04
149000.0,176487.6
168000.0,140803.98
150000.0,200806.56
420000.0,484868.22
121500.0,144680.12
190000.0,240955.08
175000.0,212057.48
95000.0,88394.66
57000.0,58111.18
74000.0,92779.695
110000.0,134571.75
390000.0,265343.16
460000.0,285745.22
80000.0,101470.01
117000.0,136780.77
145000.0,202095.81
197000.0,211446.58
78000.0,101909.83
89000.0,85277.94
164000.0,137649.47
167000.0,150642.88
490000.0,722312.5
67000.0,80833.3
640000.0,558157.56
185000.0,265983.06
84520.0,119793.49
269000.0,185857.06
75400.0,95105.25
169000.0,167325.17
219000.0,239121.58
480000.0,504961.8
235000.0,150716.94
690000.0,371907.12
240000.0,298624.34
138000.0,131804.72
145000.0,121660.195
231678.0,239744.81
103635.0,89319.22
172000.0,154084.5
550000.0,397635.72
146000.0,118386.36
85000.0,144465.8
457000.0,392265.28
200000.0,213346.4
165000.0,103866.63
128000.0,133178.94
74900.0,112241.96
90000.0,96422.59
285000.0,236365.0
200000.0,209229.97
115000.0,122383.36
65000.0,159359.47
155000.0,182615.16
50000.0,63721.758
160000.0,142474.67
335000.0,364159.3
130000.0,52852.02
184477.0,291435.84
210000.0,168072.38
115000.0,133443.06
72000.0,99217.09
155000.0,121079.36
79000.0,114566.68
259900.0,186158.5
165000.0,133942.92
405000.0,324667.84
82000.0,94993.54
89000.0,215104.58
350000.0,221330.6
55000.0,66258.734
56000.0,76161.664
120000.0,96299.4
128000.0,112382.85
85000.0,84045.62
1200000.0,524772.7
380000.0,352417.6
180000.0,250066.67
114000.0,120769.56
105000.0,274831.88
105000.0,123078.125
139000.0,142958.77
175000.0,160794.28
815000.0,499796.44
150000.0,174467.5
290000.0,281638.97
80000.0,104722.89
490000.0,564705.0
495000.0,285070.78
60000.0,85001.17
200000.0,238877.16
109900.0,136815.06
180000.0,187049.05
115000.0,294437.03
580000.0,499796.44
580000.0,337992.34
200000.0,224725.72
54876.0,75035.516
170000.0,178223.33
355000.0,513359.94
310000.0,634163.2
195000.0,214425.72
85000.0,121808.34
169000.0,195090.52
130000.0,181119.58
130000.0,129197.42
430000.0,471675.06
189000.0,183418.27
230000.0,317743.66
180000.0,154191.95
120900.0,132785.1
80000.0,96378.46
84000.0,98221.086
480000.0,386406.53
285000.0,292606.75
104000.0,99914.27
349000.0,231996.7
139900.0,165222.84
259000.0,284307.6
104000.0,125387.55
195000.0,167144.95
160000.0,158606.42
250000.0,301034.75
235000.0,202170.4
95000.0,138271.83
490000.0,535236.5
280000.0,287228.88
139000.0,162739.84
180000.0,235465.64
79000.0,107942.984
108000.0,112433.98
75500.0,91428.914
44330.0,81575.96
76000.0,143242.95
345000.0,254434.27
159999.0,224663.61
149990.0,197964.83
739000.0,365452.44
89000.0,136238.0
140000.0,110912.08
96000.0,101443.836
89500.0,78439.79
153000.0,170301.44
120000.0,147176.62
170000.0,202620.72
260000.0,309721.5
162000.0,128473.3
145000.0,194553.62
132500.0,158978.48
187000.0,221330.6
150000.0,119924.484
130000.0,141938.73
160000.0,142027.56
450000.0,354983.53
119000.0,137207.06
150000.0,193201.53
79000.0,94827.91
490000.0,549767.25
169000.0,171611.58
298000.0,233267.6
450000.0,570608.7
99000.0,113595.49
278000.0,194657.61
138000.0,144680.12
120000.0,115382.11
195000.0,189032.67
299000.0,154150.62
100000.0,321265.06
170000.0,138961.89
250000.0,136582.55
88000.0,115175.016
235000.0,150274.48
65000.0,58506.484
260000.0,263843.66
290000.0,237314.45
75000.0,82135.29
320000.0,278635.66
199000.0,189903.78
137000.0,148286.52
155000.0,77978.484
115000.0,110122.72
120000.0,143564.81
200000.0,133666.69
51000.0,62972.383
97000.0,106211.5
350000.0,397801.53
104200.0,96841.71
173000.0,212366.05
166000.0,225926.3
260000.0,233765.12
110000.0,119924.484
169000.0,115676.64
180000.0,217298.92
88000.0,77464.3
160000.0,162676.1
175000.0,158218.34
140000.0,135031.28
298000.0,206385.52
60000.0,174773.48
154749.0,154995.73
60000.0,54011.902
69000.0,96766.83
42000.0,58146.133
174000.0,138859.9
145000.0,136985.64
130000.0,170712.02
80052.0,98084.05
225000.0,158416.45
185000.0,317588.4
115000.0,128915.2
300000.0,227840.34
99000.0,86551.16
114000.0,155752.0
95000.0,107869.27
690000.0,759034.44
102000.0,127845.15
245000.0,220932.53
274900.0,242354.89
155000.0,236428.58
66000.0,57133.18
209000.0,127995.61
88000.0,101561.93
139000.0,142733.22
219000.0,189831.55
104000.0,119135.86
95000.0,109742.28
139900.0,115685.27
125000.0,128224.734
65000.0,87701.914
550000.0,415943.84
89900.0,126092.05
670000.0,403051.84
98000.0,141884.42
84000.0,92364.32
265000.0,325888.88
450000.0,334624.28
300000.0,233948.42
85000.0,74862.35
138000.0,115880.28
63000.0,85484.41
120000.0,98277.086
158000.0,170862.22
96500.0,104574.16
130000.0,137564.08
155124.0,110337.96
245000.0,270498.38
650000.0,759034.44
235000.0,364159.3
71450.0,127482.87
82000.0,82754.836
269000.0,169122.97
450000.0,371771.97
87000.0,133544.83
120000.0,151588.4
190000.0,216163.6
100000.0,90213.92
640000.0,479946.0
305000.0,235290.33
190000.0,184083.97
60000.0,53381.14
64500.0,93601.61
154000.0,142733.22
150000.0,195787.3
160000.0,121959.09
75000.0,92110.42
42000.0,67378.45
230000.0,185372.66
138000.0,140803.98
199000.0,217159.31
144400.0,116298.81
78000.0,84105.08
93000.0,103086.35
140000.0,156428.53
230000.0,274831.88
95000.0,122061.32
550000.0,534816.4
110000.0,104243.05
319000.0,222873.12
89000.0,126153.95
64900.0,73705.164
590000.0,586241.7
175000.0,168072.38
150000.0,222609.95
55000.0,87143.47
270000.0,316205.9
155000.0,274831.88
120000.0,88318.2
122000.0,131996.84
79900.0,96878.47
149000.0,114813.72
96500.0,119570.03
325000.0,267473.06
180000.0,209796.22
200000.0,193047.89
155000.0,132507.16
130000.0,113596.91
540000.0,342562.84
280000.0,412402.84
85000.0,122393.695
85000.0,103005.87
95000.0,101517.55
109000.0,109809.89
95000.0,124347.86
99000.0,96451.445
175000.0,123078.125
178000.0,144224.62
592000.0,518327.6
153685.0,114691.98
420000.0,368352.1
79900.0,79794.41
78000.0,101089.35
130000.0,158416.45
49500.0,54605.08
80000.0,79542.086
155000.0,145373.56
79800.0,101909.83
198000.0,291081.1
140000.0,138211.42
42000.0,67159.9
165000.0,150790.64
59500.0,57115.598
325000.0,466057.25
219000.0,248018.44
269000.0,200427.8
220000.0,168504.17
248000.0,169444.25
329000.0,318879.72
79606.0,73959.26
360000.0,363842.22
350000.0,353739.1
99000.0,92177.08
85000.0,200193.56
139000.0,93547.3
95000.0,97585.48
135000.0,101470.01
132000.0,141308.94
350000.0,345335.22
145000.0,150718.66
290000.0,130154.07
115000.0,103017.72
95000.0,120769.56
285000.0,368505.34
85000.0,91747.37
230000.0,257885.25
220000.0,186634.14
129000.0,123695.78
71000.0,93215.06
72000.0,124674.375
128000.0,149787.52
109000.0,139828.33
130000.0,125398.97
345942.0,373797.94
474900.0,329306.38
96000.0,119616.35
162000.0,178631.12
115000.0,111692.61
105000.0,124097.51
129900.0,148303.12
138000.0,139354.6
440000.0,310796.56
136000.0,120739.836
63000.0,85758.484
253600.0,257700.6
248000.0,299667.0
129900.0,118186.19
175000.0,153749.45
99900.0,104335.664
169000.0,154150.62
128000.0,172430.28
275000.0,292176.5
179000.0,162592.16
82000.0,95928.586
125000.0,109778.8
145000.0,182314.56
165000.0,125379.68
102500.0,84209.09
51156.0,80218.71
120000.0,105156.67
245000.0,195277.25
1100000.0,943511.9
210000.0,175822.03
78500.0,101231.61
82000.0,97851.97
72000.0,80766.9
150000.0,260738.97
145000.0,162285.48
167580.0,146677.56
310000.0,415870.16
175000.0,196377.02
127000.0,113521.97
54500.0,58587.45
395000.0,330616.12
240000.0,203333.64
80000.0,76112.7
105000.0,134592.14
71172.0,119955.94
139800.0,122640.84
130000.0,137891.78
75000.0,68990.81
39900.0,44348.73
145000.0,133451.0
117000.0,124218.375
280000.0,340664.5
72000.0,58580.19
120000.0,138132.64
240000.0,258177.03
487790.0,246030.92
53290.0,86171.98
215000.0,269232.9
150000.0,219754.48
219000.0,345335.22
138000.0,124636.445
230000.0,193892.36
198000.0,199539.61
89000.0,105748.04
240000.0,204370.2
89900.0,105474.02
168500.0,144680.12
77000.0,94000.68
235000.0,187905.38
112000.0,76013.9
85000.0,106468.445
70000.0,91187.7
194000.0,237818.8
278000.0,282584.56
105000.0,92779.695
72000.0,97659.19
149000.0,166277.72
222000.0,182793.03
230000.0,199088.78
149000.0,140372.23
96000.0,82681.125
308000.0,289722.72
109000.0,116846.73
249900.0,214031.36
998000.0,977929.44
395000.0,341761.53
93000.0,103524.11
92000.0,90234.69
375000.0,289857.44
579000.0,669294.3
535000.0,422349.47
146000.0,183724.2
199000.0,149385.83
116197.0,148461.06
104900.0,102644.3
124900.0,95930.086
131509.0,90003.51
350000.0,457626.94
79000.0,104887.77
179000.0,205228.17
69000.0,76890.62
260000.0,193632.42
195000.0,236858.4
279000.0,242354.89
385000.0,277359.47
130000.0,169418.38
380000.0,499796.44
135000.0,144680.12
230000.0,293281.94
387000.0,276873.66
103000.0,106585.22
64000.0,201257.8
125000.0,73359.02
445000.0,442488.84
123000.0,164509.36
370000.0,355658.7
137000.0,102052.234
212000.0,345261.53
143000.0,170301.44
119500.0,113371.72
265000.0,365452.44
118000.0,118818.914
115000.0,113298.01
178000.0,245925.05
440000.0,432327.2
125000.0,146052.11
69000.0,111905.45
438000.0,364855.75
1150000.0,535236.5
122000.0,254459.88
82000.0,69983.09
189900.0,200248.22
178000.0,236589.23
147500.0,235965.1
155000.0,254960.31
65000.0,68243.8
252000.0,188814.84
680000.0,705704.6
84900.0,169180.4
349990.0,472409.06
1300000.0,896822.25
385000.0,477798.38
295000.0,274831.88
80000.0,98485.0
160000.0,138831.81
295000.0,333486.2
82000.0,119793.49
500000.0,582763.75
74000.0,100054.34
195000.0,127022.445
349000.0,329388.66
110000.0,98587.41
119000.0,100012.016
395000.0,407057.62
90000.0,99017.17
105000.0,143618.52
145000.0,129568.95
150000.0,122427.51
55000.0,78503.12
360000.0,532826.25
124000.0,294437.03
192375.0,181129.14
182000.0,157615.34
169000.0,160945.44
189000.0,129369.39
125000.0,144680.12
90000.0,81003.39
88000.0,221648.2
125000.0,119476.23
130000.0,153675.03
175000.0,283491.97
585000.0,410707.47
79000.0,120441.875
345000.0,305534.56
176000.0,120654.67
140000.0,133262.72
135000.0,127385.42
105000.0,111891.39
140001.0,172671.39
195000.0,301750.0
120000.0,128047.87
900000.0,210068.25
210000.0,191031.23
100000.0,118339.28
280000.0,300373.0
130000.0,120739.836
109174.0,127190.05
163000.0,108710.5
220000.0,200619.42
190000.0,182793.03
850000.0,475074.6
75000.0,70078.664
110000.0,108475.43
730000.0,890714.1
120000.0,221299.66
320000.0,292712.75
295000.0,304764.47
205000.0,150460.11
93000.0,103940.34
400000.0,261914.22
375000.0,524646.75
500000.0,531676.44
200000.0,233063.23
84900.0,84117.98
77000.0,103450.4
135000.0,119437.01
180000.0,169474.64
175000.0,188408.02
99500.0,119006.195
425000.0,347408.4
400000.0,421321.5
980000.0,684956.25
69900.0,52852.02
86000.0,61048.984
135000.0,179654.34
670000.0,278835.06
90000.0,107942.984
380000.0,384136.25
93000.0,108415.04
255000.0,242354.89
390000.0,512782.88
250000.0,144115.34
210000.0,175449.0
58000.0,68702.484
240000.0,311987.12
129000.0,162260.19
86900.0,98155.04
120000.0,124171.22
129000.0,107225.92
124000.0,127564.15
125000.0,118273.7
295000.0,202031.95
95000.0,113299.68
900000.0,499775.66
87000.0,94345.88
240000.0,243997.81
290000.0,243940.03
531000.0,365129.56
370000.0,347540.78
349000.0,254367.36
119000.0,131533.17
360000.0,318879.72
268000.0,299667.0
112000.0,128572.914
68000.0,85613.82
62000.0,73172.49
63000.0,70096.555
195000.0,232329.34
250000.0,221919.9
103950.0,100277.984
150000.0,119476.23
42900.0,56813.766
215000.0,227556.95
50000.0,124628.42
360000.0,311582.2
85000.0,110912.08
79000.0,79605.27
90000.0,89904.19
85000.0,81842.88
420000.0,285745.22
92000.0,64033.97
95000.0,101352.83
75500.0,69983.09
155000.0,261211.78
205000.0,251530.27
100000.0,97296.06
345000.0,283220.9
179000.0,125391.33
198000.0,228282.9
139000.0,151088.28
555807.0,475074.6
124000.0,121494.3
545000.0,730335.5
100000.0,131358.2
219999.0,213392.88
299000.0,295230.53
659900.0,805035.1
180000.0,139206.33
290000.0,139311.5
120000.0,134184.3
130000.0,169227.4
130000.0,167967.88
135000.0,112561.67
299000.0,317662.1
165000.0,161511.47
115000.0,124921.23
520000.0,655892.5
95000.0,109703.67
92000.0,98385.5
260000.0,264796.4
1300000.0,965376.4
84000.0,102733.875
220000.0,174896.48
330000.0,247848.66
399000.0,285004.6
950000.0,811812.8
215000.0,160732.16
315000.0,325888.88
139000.0,180461.58
110400.0,128414.336
47280.0,77929.5
160000.0,158709.28
180000.0,319075.3
169000.0,159762.45
208000.0,244809.05
135000.0,132118.75
160000.0,140801.27
136999.0,149210.73
220000.0,116026.375
130000.0,114482.08
79000.0,83144.09
85000.0,153293.69
149000.0,114722.7
399500.0,406738.6
180000.0,117922.914
380000.0,496729.12
870000.0,629346.56
1250000.0,823712.06
99000.0,181619.17
98000.0,129084.51
135000.0,125391.33
780000.0,391706.12
140000.0,167196.67
125000.0,143805.22
526000.0,528738.7
173000.0,136408.72
122900.0,133401.69
165000.0,173063.84
135000.0,139733.33
88000.0,102622.586
138000.0,250129.98
159000.0,152163.56
133090.0,168568.38
295000.0,271311.06
420000.0,520968.03
140001.0,149367.22
112900.0,115685.27
153000.0,170712.02
55000.0,81808.55
1250000.0,1042964.44
145000.0,126449.62
45000.0,46805.29
114000.0,89107.68
112000.0,139024.28
62000.0,76013.9
150000.0,159675.11
68900.0,88169.81
89000.0,110274.01
69000.0,98546.03
93000.0,94550.46
69900.0,65106.926
460000.0,709510.56
105000.0,109656.97
48300.0,71467.695
205000.0,257239.83
85000.0,77318.35
570000.0,300010.06
127000.0,154150.62
120000.0,132387.14
1250000.0,1042372.6
295000.0,261746.95
108000.0,127620.38
365000.0,337992.34
110000.0,133401.69
130700.0,150274.48
170000.0,233273.5
98000.0,103905.484
99878.0,100754.5
119900.0,112322.28
97000.0,104041.45
140000.0,113595.49
170000.0,150716.94
125000.0,114813.72
69000.0,80008.88
170800.0,141164.83
76000.0,112540.53
200000.0,232006.06
93000.0,77935.88
50000.0,87031.68
330000.0,284602.84
145000.0,184144.89
67000.0,61887.234
90000.0,77831.63
98709.0,86978.336
399000.0,372161.0
114500.0,210053.1
126000.0,149456.89
350000.0,196510.84
142000.0,163007.2
85000.0,103919.0
141258.0,133045.92
550000.0,343903.94
78000.0,94080.81
210000.0,148828.64
105000.0,93974.85
82500.0,82834.164
155000.0,158606.42
85000.0,66166.79
125000.0,159323.39
109900.0,95037.26
77000.0,107517.39
119800.0,102546.89
59500.0,72573.055
495000.0,371771.97
339000.0,270061.22
410000.0,346358.6
94000.0,98369.21
80860.0,89340.445
499000.0,635309.75
155000.0,119578.664
50000.0,107974.78
85000.0,101427.3
89000.0,81547.96
64000.0,55851.844
360000.0,238269.39
135000.0,160753.0
129999.0,121653.75
290000.0,276512.62
330000.0,218106.4
335000.0,296448.75
149000.0,144011.27
390000.0,230169.55
748000.0,826663.5
390000.0,317130.34
98000.0,109848.2
69000.0,83098.03
98000.0,101635.64
159900.0,133056.27
145000.0,131283.64
152000.0,146052.11
225000.0,287881.28
269000.0,358961.72
88842.0,108355.63
69303.0,100605.04
125000.0,76109.76
155000.0,172636.03
210000.0,281638.97
92000.0,106268.13
63900.0,112042.68
100000.0,107353.73
159000.0,114690.555
180000.0,125391.33
110000.0,118940.87
61774.0,84509.12
390000.0,449208.5
288000.0,270498.38
154950.0,227556.95
212000.0,345261.53
90000.0,110004.2
79000.0,166946.3
125000.0,152597.05
750000.0,512379.75
205000.0,237250.47
105000.0,91994.4
134900.0,127190.05
109000.0,132507.16
365000.0,338552.03
168000.0,199912.89
170000.0,148303.12
85000.0,93364.5
99000.0,106468.445
119900.0,132894.75
144900.0,89486.03
380000.0,366151.16
116100.0,170494.72
157000.0,148975.89
44900.0,56260.203
255000.0,245079.58
375000.0,386406.53
155000.0,120470.64
120000.0,148992.78
170000.0,231671.67
129900.0,124375.336
298000.0,332010.8
167900.0,212655.55
75000.0,89655.14
140000.0,139317.78
84900.0,94240.414
400000.0,375138.2
174000.0,235442.23
95000.0,88110.63
115000.0,165411.06
69000.0,83292.39
95000.0,104722.89
139000.0,140081.14
164472.0,148303.12
129900.0,126911.945
86000.0,93810.625
339000.0,231436.42
63900.0,112115.87
429500.0,409562.1
159900.0,210040.05
88000.0,103484.53
358000.0,347737.88
82000.0,83018.44
217000.0,216019.06
75000.0,170340.06
238000.0,269332.78
170000.0,134752.7
170000.0,244289.19
160000.0,191391.44
220000.0,241358.31
277000.0,290106.9
170000.0,139206.33
115000.0,76463.625
128000.0,172830.44
51500.0,73645.93
129900.0,94982.65
125000.0,109602.21
365000.0,280037.75
122200.0,114481.68
137000.0,102593.805
69000.0,88838.81
149000.0,156237.08
138000.0,128013.375
118000.0,114481.68
219000.0,230047.6
69900.0,182242.44
230000.0,200806.56
90000.0,108355.63
119000.0,107869.27
128000.0,129495.44
89000.0,94232.9
122000.0,158950.8
420000.0,399549.78
105000.0,123495.55
115000.0,142733.22
225000.0,320691.28
170000.0,153310.94
60000.0,75031.93
152000.0,125398.97
67000.0,137062.86
295000.0,365452.44
117000.0,239560.89
334900.0,384509.22
119000.0,143908.23
85000.0,117698.3
109000.0,172597.69
130000.0,126975.29
129000.0,133883.95
129000.0,212213.83
89000.0,87059.61
177045.0,144680.12
330000.0,254517.44
400000.0,324842.78
378000.0,386406.53
210000.0,215046.88
113000.0,110643.14
198000.0,207524.27
780000.0,670140.0
340000.0,326042.5
420000.0,353826.75
73000.0,95506.016
155000.0,212276.39
180000.0,166956.23
179000.0,254372.8
75000.0,104901.48
208911.0,165893.44
600000.0,223368.33
74900.0,93601.61
105000.0,126975.29
110000.0,92068.11
108000.0,82215.42
75000.0,85484.41
199900.0,241195.14
175000.0,254436.72
175000.0,228080.27
359000.0,476032.16
125000.0,195674.08
140000.0,72470.22
73000.0,109036.77
179000.0,126582.64
270000.0,262837.38
80000.0,81314.164
145900.0,116120.45
749000.0,573044.06
790000.0,466335.03
85000.0,107468.81
220000.0,139875.36
79900.0,94827.91
110000.0,82143.51
385000.0,293713.28
110000.0,131145.27
123000.0,112926.53
78000.0,107869.27
135000.0,148387.36
170000.0,150123.27
250000.0,241284.61
120000.0,119546.29
400000.0,214632.67
58000.0,56905.688
570000.0,215401.56
106000.0,133262.72
690000.0,823919.25
190000.0,213191.4
121500.0,97588.91
82000.0,128849.32
260000.0,218636.8
390000.0,236749.06
65000.0,89612.96
120000.0,101114.89
270000.0,439634.44
180000.0,125559.01
130435.0,133017.31
470000.0,548830.25
299000.0,344674.06
103400.0,138907.42
495000.0,541458.6
175000.0,239550.06
277300.0,241466.34
95000.0,84860.53
83900.0,104335.664
78000.0,56409.0
122965.0,130396.26
123000.0,130422.31
699000.0,454516.88
71595.0,73959.26
128000.0,111720.98
72000.0,79876.7
340000.0,325547.97
219000.0,255103.98
175000.0,133765.75
150000.0,192239.98
145000.0,135903.06
79000.0,106439.83
97000.0,97003.305
109900.0,104901.48
248000.0,131764.73
135000.0,126975.29
119900.0,115685.27
154900.0,237612.92
390000.0,236221.58
119000.0,126582.64
690000.0,745816.0
167000.0,196625.36
245000.0,185446.36
151200.0,188017.61
410000.0,500052.53
115000.0,94209.43
309900.0,150637.5
280000.0,286893.66
189000.0,197544.33
132000.0,136393.27
150000.0,175997.8
159000.0,174709.1
240000.0,205491.22
103000.0,113762.64
200000.0,151437.55
99500.0,139939.19
104000.0,93969.55
390000.0,307416.38
129999.0,137650.86
50000.0,81501.875
92000.0,155548.88
445000.0,488922.97
127000.0,136570.45
135000.0,213738.03
80000.0,85032.61
139900.0,129656.43
159000.0,171332.44
121900.0,137911.97
74040.0,99659.12
800000.0,877489.94
340000.0,314954.28
95740.0,103905.484
115000.0,116937.0
77000.0,145687.86
455000.0,593906.6
620000.0,535236.5
105000.0,88116.04
80000.0,77929.5
80000.0,62152.316
92000.0,107522.73
93000.0,91616.81
95000.0,141308.94
215000.0,213765.62
91960.0,133262.72
110000.0,95253.766
44000.0,80532.36
139000.0,178525.78
70000.0,102711.08
450000.0,257268.92
85000.0,109746.586
279000.0,366453.94
74500.0,116425.87
128000.0,131764.73
135000.0,147340.03
123000.0,109079.76
155000.0,125023.945
81900.0,76013.9
579000.0,418539.56
92000.0,119865.336
650000.0,473197.66
120000.0,106042.73
149000.0,152846.62
125000.0,132056.64
220000.0,269942.7
850000.0,900435.06
310000.0,315336.3
133000.0,120769.56
122000.0,111393.53
112000.0,141235.23
59000.0,72182.39
143000.0,157800.44
310000.0,185372.66
1100000.0,881880.94
105000.0,103654.04
134343.0,132507.16
289000.0,181017.75
269000.0,293995.53
278400.0,364159.3
117000.0,135031.28
120000.0,142889.81
124999.0,95434.89
520000.0,290384.03
59900.0,116381.87
220000.0,152846.62
115000.0,99689.5
95000.0,134949.36
105000.0,128850.07
273999.0,232749.7
229000.0,198486.88
79000.0,103940.34
455000.0,320691.28
1290000.0,1036574.5
225000.0,291990.75
68000.0,105434.28
130000.0,133811.12
119500.0,106275.67
64900.0,62421.5
670000.0,643194.94
149000.0,188251.2
160000.0,154274.1
59500.0,60808.574
110000.0,130079.36
180000.0,237801.73
129500.0,103164.35
190000.0,184610.36
350000.0,331272.78
95000.0,89904.19
95000.0,89312.15
60000.0,121116.91
78000.0,100012.016
179000.0,199336.5
165000.0,287899.22
220000.0,240325.3
65000.0,222042.84
95000.0,82135.29
75000.0,99160.375
268000.0,291375.38
118000.0,93564.43
155000.0,156428.53
330000.0,292712.75
65000.0,108599.03
91650.0,138907.42
105000.0,140709.78
98000.0,99990.414
99900.0,141235.23
340000.0,245079.58
54000.0,75081.945
68186.0,73959.26
269000.0,329702.94
460000.0,532077.94
299000.0,224663.61
69900.0,94447.734
184800.0,214249.03
135000.0,84105.08
699000.0,846361.06
120000.0,119570.03
95000.0,119438.84
63000.0,103997.9
124000.0,115359.53
130000.0,103579.42
82614.0,126582.64
892000.0,925359.56
74000.0,76013.9
159000.0,126583.664
79000.0,240571.47
189000.0,207027.53
152000.0,132960.61
78500.0,72573.055
134000.0,115685.27
97000.0,132410.02
140000.0,133544.83
450000.0,223096.75
23450.0,59101.117
105000.0,112908.43
90000.0,113097.836
310000.0,514044.22
160000.0,163729.31
208000.0,232589.78
545000.0,411733.5
134800.0,146904.05
95000.0,94830.055
112000.0,119178.91
1400000.0,617489.94
165000.0,160696.3
180000.0,294127.2
129000.0,94982.65
70000.0,76246.01
208900.0,236426.72
105000.0,121533.28
104000.0,138916.86
240000.0,270498.38
245000.0,227556.95
100000.0,128358.125
82000.0,68610.56
115000.0,184144.89
200000.0,164577.45
290000.0,259179.03
139000.0,189622.22
159900.0,158978.48
279000.0,292606.75
500000.0,689525.6
175000.0,226456.48
75400.0,95105.25
136000.0,108850.57
130000.0,96259.6
235000.0,141670.14
160000.0,146058.67
150000.0,107869.27
180000.0,173032.88
80000.0,129495.24
193300.0,154274.84
245000.0,290208.25
62100.0,95105.25
89000.0,102546.89
399999.0,253135.14
200000.0,170265.58
220000.0,317588.4
390000.0,202648.17
300000.0,352367.1
107000.0,151732.53
260000.0,593906.6
65000.0,96804.76
750000.0,412269.47
160000.0,128572.914
149500.0,163778.0
89000.0,101124.5
175000.0,181002.7
195000.0,133262.72
160000.0,144680.12
89000.0,106812.305
150000.0,127018.984
97000.0,106849.92
257000.0,264796.4
310000.0,371907.12
138500.0,119437.01
500000.0,373697.22
239000.0,359183.6
93000.0,131784.06
165000.0,169418.38
125000.0,99473.63
120000.0,158753.7
279000.0,242367.14
165000.0,157986.28
120000.0,111692.61
70000.0,83952.69
95000.0,88758.414
220000.0,210295.12
89000.0,99644.66
185000.0,185703.48
159900.0,298601.0
85000.0,137910.89
189900.0,143638.52
280000.0,365526.12
69000.0,136688.16
158000.0,198658.12
79500.0,101427.3
249500.0,195429.97
105000.0,117970.61
195000.0,202389.75
240000.0,189276.72
172000.0,175319.3
190000.0,215314.73
116900.0,156195.97
210000.0,247774.95
92500.0,75995.31
159900.0,137207.06
109800.0,94892.66
425000.0,289178.97
350000.0,428793.53
135000.0,114780.58
99000.0,158422.77
450000.0,366151.16
83000.0,74073.516
144900.0,154555.73
120000.0,159762.45
155484.0,146677.56
390000.0,369589.1
790000.0,747524.8
159900.0,161471.67
70000.0,133164.16
99000.0,86459.28
115000.0,130187.18
155000.0,164353.2
98000.0,159762.45
93678.0,69750.625
115000.0,131290.45
140000.0,88571.81
125000.0,151536.69
122000.0,141884.42
72800.0,101470.01
179000.0,161492.36
380000.0,362756.66
50000.0,58081.883
900000.0,972642.9
129000.0,130841.48
87000.0,106639.414
140200.0,111828.37
62000.0,54875.3
360000.0,307494.7
152000.0,121308.99
154999.0,183115.16
98900.0,126582.64
140000.0,150182.05
150000.0,123345.21
87000.0,125103.305
157000.0,190124.44
120000.0,124151.1
300000.0,381208.94
355000.0,174284.12
134000.0,134196.03
199900.0,304249.97
179000.0,262467.62
195000.0,159250.56
173000.0,149367.22
154000.0,146682.05
85000.0,113686.03
260000.0,297974.97
225000.0,261524.75
87000.0,98870.67
88000.0,107517.39
260000.0,376967.34
109900.0,126852.98
345000.0,359955.06
220000.0,194201.86
319000.0,240642.28
58000.0,90449.4
169000.0,155228.83
225610.0,202232.97
110000.0,108739.78
119900.0,139502.27
89000.0,98221.086
116197.0,148461.06
160000.0,140803.98
112500.0,112561.67
1250000.0,972404.6
126000.0,127198.69
245000.0,314954.28
78000.0,89242.96
1100000.0,629346.56
147400.0,158978.48
72000.0,65600.664
270000.0,233876.33
109990.0,100765.05
133000.0,126582.64
60000.0,64390.43
179900.0,188017.61
70000.0,86407.88
80000.0,64173.914
51500.0,74705.11
249000.0,242341.2
198000.0,228445.58
240456.0,193160.84
119000.0,198797.47
320000.0,641012.1
61129.0,88116.04
78000.0,87373.49
115000.0,113795.53
95000.0,193088.8
95000.0,131764.73
95000.0,118386.36
120000.0,154146.05
159900.0,123078.125
178000.0,206818.05
430000.0,197261.03
118000.0,140102.4
99000.0,119369.7
995000.0,879725.4
260000.0,266707.6
360000.0,371288.47
137500.0,207829.11
90000.0,107280.9
125000.0,114789.2
86000.0,137603.42
73272.0,77464.3
75000.0,105570.375
150000.0,111330.97
370000.0,328279.47
105000.0,149387.5
98000.0,96338.73
94900.0,108876.3
118000.0,260680.78
140000.0,199181.02
429000.0,283973.72
315000.0,228769.75
86057.0,109809.89
140000.0,172813.97
68000.0,66150.82
98000.0,128398.43
89900.0,147843.61
63500.0,91428.914
385000.0,302716.53
300000.0,453122.47
158000.0,157496.62
125000.0,103866.63
150000.0,157778.22
280000.0,212213.83
75000.0,68296.37
180000.0,178343.69
399000.0,272132.34
68000.0,104722.89
205000.0,215046.88
125000.0,113842.43
110000.0,162196.31
325000.0,222609.95
170000.0,164353.2
70000.0,96823.47
120000.0,101612.67
399000.0,274303.7
160000.0,197047.88
142000.0,152504.88
160000.0,163579.61
190000.0,304148.12
296261.0,301618.28
145000.0,121612.77
277300.0,130293.58
130000.0,148110.89
68000.0,116452.09
135000.0,134541.95
143000.0,110136.84
266500.0,244357.56
75000.0,98930.88
92900.0,90031.53
168000.0,174211.48
67500.0,83518.37
215000.0,216965.17
105000.0,106425.21
67900.0,99748.41
105000.0,138576.56
114000.0,85106.32
115000.0,143564.81
43500.0,59846.266
179000.0,178631.12
120000.0,222293.69
204661.0,201738.17
390000.0,272771.34
157900.0,128496.02
155000.0,118689.86
295000.0,288785.97
210000.0,313682.12
315000.0,311353.1
98700.0,117248.67
95000.0,117948.69
81900.0,79671.016
127500.0,156765.98
515000.0,695612.06
196000.0,466335.03
85000.0,96015.87
78000.0,113584.9
78000.0,198797.47
230000.0,274545.38
75000.0,96943.94
130000.0,204718.94
134200.0,112228.1
80000.0,108789.984
75000.0,108547.01
135000.0,140177.81
450000.0,518325.38
145000.0,112540.53
180000.0,137190.44
265000.0,233027.17
139000.0,128473.3
122290.0,154150.62
108000.0,114780.58
79900.0,77941.62
49900.0,68528.42
97800.0,118386.36
146800.0,133144.16
95000.0,77867.91
138000.0,163216.8
160000.0,247938.17
210000.0,202877.38
58000.0,64033.97
165000.0,128473.3
178600.0,134957.98
190000.0,220316.19
109900.0,93602.17
151700.0,169418.38
80000.0,112874.63
250000.0,216045.83
165000.0,209254.64
160000.0,141232.53
119000.0,109735.5
139900.0,151328.98
115000.0,132522.81
230000.0,305966.28
115000.0,131476.33
169900.0,220824.19
228000.0,250587.86
185000.0,162196.31
175000.0,153928.72
95000.0,83453.484
78000.0,102586.72
120000.0,120512.07
255000.0,237612.92
109000.0,139201.28
155000.0,128586.05
89500.0,109778.8
84000.0,88758.414
139000.0,162867.53
69900.0,98639.76
45000.0,55774.766
250000.0,232589.78
199000.0,219356.72
220000.0,212131.19
120761.0,107117.05
96000.0,97527.234
170000.0,151835.67
82000.0,103940.34
499000.0,527881.4
104900.0,104587.4
47000.0,87193.19
168000.0,156642.6
105000.0,107212.164
420000.0,445050.06
1200000.0,593906.6
133189.0,124328.65
182623.0,385016.84
250000.0,318011.28
105000.0,112874.63
166000.0,155338.6
110000.0,185344.56
45000.0,53325.0
180000.0,144680.12
109000.0,118107.555
84900.0,116940.95
67000.0,92304.71
189000.0,160188.06
750000.0,365526.12
62000.0,84556.86
99000.0,102862.97
108000.0,91541.805
82000.0,98591.84
890000.0,533388.56
98000.0,144052.2
99000.0,98953.21
310000.0,514044.22
98000.0,156195.97
440000.0,498756.97
280000.0,282346.8
82500.0,95434.89
138000.0,106085.15
123000.0,123417.33
52000.0,56493.676
590000.0,528372.2
149500.0,163778.0
279000.0,377866.0
75000.0,103017.72
279999.0,181062.38
309999.0,301034.75
169000.0,215506.84
185000.0,114813.72
50000.0,103593.64
630000.0,562391.25
99800.0,92152.48
179000.0,190888.38
56000.0,86551.32
70000.0,63351.676
265000.0,244814.81
84000.0,112857.98
65000.0,153293.69
330000.0,231884.5
85000.0,68971.016
68000.0,77301.85
79000.0,95723.23
115000.0,212070.83
102000.0,110927.77
259000.0,272546.66
630000.0,648021.56
145000.0,115571.28
180000.0,246846.8
80000.0,93039.625
117000.0,119178.91
78000.0,72937.06
65000.0,92569.27
600000.0,525382.1
110000.0,190762.44
219000.0,245838.72
149000.0,172830.44
155000.0,159675.11
200000.0,116236.88
154000.0,173181.47
91000.0,105345.79
150000.0,203087.81
95000.0,103989.76
350000.0,217974.06
137000.0,154274.84
138000.0,121847.984
360000.0,462854.1
77000.0,58683.758
204700.0,183559.03
390000.0,308325.78
75000.0,85671.11
240000.0,277614.06
355000.0,370255.03
90000.0,103940.34
465000.0,396686.47
108900.0,111271.63
205000.0,217123.11
149500.0,178525.78
405000.0,358961.72
83000.0,59359.133
114000.0,135180.78
69000.0,60544.945
130000.0,122549.21
154000.0,141235.23
144900.0,197831.1
124900.0,132557.02
155000.0,151396.05
51000.0,62881.242
480000.0,667704.56
85000.0,116754.95
99000.0,103379.195
109000.0,129172.11
250000.0,186728.8
168000.0,203330.33
55000.0,56813.766
205000.0,154468.33
82000.0,106439.83
240000.0,166737.1
185000.0,226456.48
82000.0,112231.77
62000.0,67352.59
127000.0,112926.53
141500.0,114092.32
198000.0,177472.67
139000.0,122776.234
88000.0,96426.89
120000.0,114482.08
230000.0,239250.86
85000.0,90449.4
309000.0,318856.34
450000.0,295231.06
660000.0,799477.25
99000.0,90116.4
115000.0,111271.63
234900.0,289027.47
1300000.0,780341.3
280000.0,288854.44
200000.0,230244.72
160749.0,174211.48
149999.0,178391.0
129000.0,170078.34
234000.0,174455.9
125000.0,236428.58
1199000.0,794189.75
100000.0,159517.12
75000.0,108558.61
260000.0,229155.97
99000.0,110295.21
169000.0,146124.23
315000.0,334080.6
109000.0,127413.44
86000.0,98591.84
220000.0,174065.39
85000.0,119438.84
105000.0,118439.04
118000.0,93041.59
699900.0,982115.7
104000.0,120481.95
170000.0,138831.81
320000.0,322861.56
1200000.0,548626.75
499000.0,520274.16
395000.0,289178.97
178000.0,206818.05
75000.0,90380.3
65000.0,88697.72
185000.0,165790.95
72000.0,80116.78
72065.0,90412.3
235000.0,175669.94
77381.0,75649.12
115000.0,181215.03
130000.0,158682.1
175000.0,186295.0
112000.0,205344.44
78000.0,87059.61
270000.0,202078.42
340000.0,485527.88
215000.0,199553.47
385000.0,344779.72
244600.0,170301.44
320000.0,312936.1
395000.0,371168.47
148000.0,174210.42
319900.0,252108.34
65000.0,86664.47
45000.0,60080.13
1250000.0,414786.2
64000.0,99099.63
59000.0,84197.0
255000.0,345335.22
180000.0,211520.28
95000.0,102969.74
295000.0,478151.44
1430000.0,945658.1
150000.0,158978.48
499000.0,421535.03
105000.0,133128.08
110000.0,144205.8
147000.0,218128.53
160000.0,281351.75
103900.0,135704.83
199000.0,262467.62
125000.0,126324.086
260000.0,338552.03
150000.0,207841.89
315000.0,258707.36
629000.0,520968.03
630000.0,371771.97
71000.0,103218.89
138644.0,151588.4
340000.0,228315.9
250000.0,191713.77
97900.0,92548.52
100000.0,107051.63
94000.0,102294.9
68000.0,85433.305
74000.0,99160.375
74000.0,84708.766
395000.0,339260.62
95000.0,107869.27
75200.0,135240.5
380000.0,488922.97
149000.0,115980.164
650000.0,647761.7
270000.0,217584.16
245000.0,186313.02
295000.0,273376.78
185000.0,184895.83
156000.0,278737.44
101800.0,244654.84
157000.0,178525.78
105000.0,92266.195
600000.0,489849.06
50000.0,64714.027
122000.0,94982.65
45000.0,62678.133
142000.0,111692.61
245000.0,249108.69
155000.0,180853.42
107000.0,120441.875
190000.0,156642.6
65000.0,103292.6
130000.0,199887.84
245000.0,227556.95
47000.0,54512.062
110000.0,125414.45
84000.0,103866.63
75000.0,80428.48
124500.0,114843.14
350000.0,302654.25
109000.0,162122.61
119900.0,135072.95
113000.0,147519.28
125000.0,131568.25
107800.0,96585.21
167000.0,136408.72
189000.0,228953.45
165000.0,132118.75
119000.0,105111.805
430000.0,185703.48
230000.0,171611.58
320000.0,249262.69
122000.0,163215.64
145000.0,197618.03
120000.0,108739.78
325000.0,291586.53
289000.0,152846.62
545720.0,475074.6
350000.0,277270.44
110000.0,100957.51
399000.0,219921.7
79000.0,119361.195
139000.0,118867.664
85000.0,103127.01
176000.0,166590.42
206000.0,345261.53
230000.0,204651.88
165000.0,209768.66
135000.0,121505.61
129900.0,189268.78
75000.0,91996.02
125000.0,111271.63
199000.0,240325.3
178000.0,144224.62
79000.0,111742.05
105000.0,129172.11
298000.0,260738.97
85000.0,62421.5
139000.0,131447.19
125000.0,141861.9
500000.0,623483.56
120000.0,82423.91
140000.0,114714.305
49800.0,82673.29
160000.0,180461.58
350000.0,453428.5
115000.0,88645.52
170000.0,167967.88
240000.0,217383.2
115000.0,218429.58
101500.0,133178.94
110000.0,118186.19
229000.0,186634.14
150000.0,121459.57
330000.0,359658.16
320000.0,344385.88
169000.0,209303.95
94000.0,78184.664
79000.0,201331.5
54900.0,52551.637
169000.0,179800.31
395000.0,378079.56
98000.0,114640.59
160000.0,156133.12
299900.0,364855.75
55000.0,101198.21
310000.0,216965.17
145000.0,172709.73
87000.0,103017.72
105553.0,112716.02
54900.0,52551.637
55000.0,73995.18
145118.0,146677.56
64000.0,98489.53
289000.0,314686.84
108000.0,139726.84
112891.0,108355.63
166000.0,189450.48
115000.0,146313.78
180000.0,151943.98
144900.0,229641.9
72000.0,106482.16
289000.0,242354.89
107000.0,130974.664
79000.0,101116.336
65000.0,63259.754
60000.0,88684.7
89000.0,98024.0
230000.0,182032.9
620000.0,817368.06
144000.0,150572.17
55000.0,66665.4
110000.0,114223.66
260000.0,174617.25
179200.0,133144.16
145900.0,146677.56
425000.0,375631.9
365000.0,442792.47
780000.0,698804.75
130000.0,147811.64
59000.0,69185.64
83000.0,114555.79
155000.0,154150.62
37500.0,63067.83
100000.0,124838.586
185000.0,193205.25
229000.0,174424.78
239000.0,268795.62
190000.0,71356.23
180000.0,185636.16
65000.0,155622.58
130000.0,108533.93
150000.0,83560.445
74000.0,196821.03
285000.0,202700.67
85000.0,133630.1
285000.0,365452.44
89900.0,88097.74
99000.0,122427.51
325000.0,370287.8
150000.0,128359.86
138000.0,144569.38
195800.0,202886.72
225000.0,316035.66
365000.0,343373.72
142000.0,139939.19
50000.0,90449.4
169000.0,211243.98
299000.0,347956.72
190000.0,186344.45
127900.0,121494.3
699000.0,527764.6
119000.0,171778.8
240000.0,315182.88
199900.0,115316.85
110000.0,122427.51
65000.0,53381.14
135000.0,127775.71
149000.0,114813.72
299000.0,283973.72
220000.0,267197.16
145000.0,141308.94
120000.0,177640.8
150000.0,156482.36
95000.0,92237.04
85000.0,80380.33
89500.0,101996.14
106000.0,150489.67
65000.0,94701.414
75000.0,75105.64
500000.0,568915.4
215000.0,194137.08
700000.0,627841.06
390000.0,309109.5
195000.0,141114.73
33750.0,68528.42
495000.0,536312.94
190000.0,181619.17
390000.0,399087.12
214500.0,133443.06
40000.0,77266.305
155900.0,117996.625
73000.0,226187.86
165000.0,132387.14
138500.0,129072.82
285000.0,207859.64
48371.0,72562.13
125000.0,176081.66
230000.0,336648.06
260000.0,276358.16
59000.0,74456.49
85000.0,92359.47
100500.0,118186.19
99000.0,133811.12
80000.0,92714.57
545000.0,629346.56
470000.0,318879.72
100000.0,326895.75
155000.0,102804.75
74000.0,93331.02
120000.0,203398.0
67000.0,82562.055
85000.0,94105.85
320000.0,250169.72
520000.0,314099.88
139900.0,234557.84
240000.0,237996.6
84300.0,61048.984
218000.0,241284.61
126000.0,121793.22
210000.0,145960.22
112000.0,129935.055
59000.0,87217.18
165000.0,311167.78
69900.0,86596.26
130000.0,142999.84
110000.0,125103.305
95000.0,122650.88
62000.0,87571.57
290000.0,345261.53
110000.0,111891.39
119000.0,112926.53
250000.0,349512.03
128000.0,114789.2
139500.0,131840.53
98500.0,151500.22
639900.0,647027.06
178000.0,168128.64
105874.0,107634.24
109800.0,176441.5
265000.0,241239.02
115500.0,142816.95
83000.0,113321.164
135000.0,163216.8
149999.0,129840.87
315000.0,275976.97
139000.0,217582.02
125000.0,166277.72
90000.0,103437.8
350000.0,453428.5
250000.0,301477.66
80000.0,107095.1
155000.0,152854.66
85000.0,123078.125
690000.0,755340.1
139000.0,195502.77
58999.0,68364.67
75000.0,104337.02
140000.0,248033.06
75000.0,198797.47
119900.0,160720.58
105000.0,101470.01
90000.0,128359.86
48500.0,71378.164
229000.0,325673.53
69500.0,98991.68
200000.0,324807.53
148000.0,171049.22
146500.0,163778.0
59500.0,91308.74
94000.0,158606.42
115000.0,134972.58
93000.0,84073.945
71000.0,92004.766
122900.0,141235.23
51600.0,60972.965
380000.0,475074.6
139900.0,144105.4
80000.0,90400.484
150000.0,163744.19
190000.0,115826.7
500000.0,285070.78
124000.0,126911.945
950000.0,772180.25
359900.0,206454.3
79000.0,72216.41
90000.0,72573.055
173000.0,211243.98
115000.0,155548.88
310000.0,344644.56
335000.0,253636.97
210140.0,231174.97
165460.0,151111.58
269000.0,233765.12
116000.0,107412.67
109000.0,140186.39
84000.0,115359.53
210000.0,201465.1
118000.0,106183.26
529000.0,492956.84
93500.0,117435.97
153600.0,120907.51
550000.0,593906.6
73000.0,102603.15
99000.0,80429.375
139000.0,126583.664
890000.0,893903.5
104000.0,118689.86
260000.0,366151.16
259000.0,325888.88
630000.0,307332.75
174000.0,258235.55
125000.0,147176.62
460000.0,282001.2
85000.0,104830.95
180000.0,130603.086
199000.0,160528.83
66000.0,124433.51
380000.0,499214.03
330000.0,528807.1
109000.0,156559.72
290000.0,253390.6
125000.0,163859.42
75000.0,112926.53
145000.0,145609.34
790000.0,767059.4
360000.0,248146.22
240000.0,269955.78
225000.0,181125.69
77000.0,93901.65
179000.0,220419.31
60000.0,98254.54
77000.0,103919.0
420000.0,442866.16
390000.0,443575.06
209000.0,428196.8
92000.0,133672.95
355000.0,370255.03
84500.0,108789.984
375000.0,780341.3
80400.0,106085.15
410000.0,261871.69
70000.0,157214.25
148000.0,165814.0
268000.0,248103.38
399900.0,338540.34
189000.0,186280.95
125000.0,109742.28
62000.0,166946.3
145000.0,155278.62
190000.0,181136.19
85000.0,114479.18
205000.0,220544.42
85000.0,115401.6
235000.0,131764.73
44825.0,95396.53
196000.0,207605.89
1223900.0,825880.94
169000.0,118460.07
105000.0,134787.4
88000.0,105474.02
195841.0,233814.8
158000.0,151878.34
1500000.0,1021089.25
159000.0,131995.33
235000.0,280813.88
226000.0,332215.03
46000.0,181975.28
128000.0,125295.97
88900.0,78672.87
139500.0,115513.02
172000.0,144224.62
70000.0,102409.266
159000.0,142474.67
85000.0,118689.86
495000.0,574175.75
110000.0,138602.6
75000.0,87941.61
135000.0,119616.35
430000.0,178688.62
57000.0,120438.36
210000.0,325119.8
79000.0,97230.61
89500.0,105891.99
159900.0,174210.42
84000.0,100002.76
130000.0,131255.62
489000.0,234214.7
69500.0,103656.16
135000.0,150284.4
83500.0,98016.91
199000.0,156425.05
441000.0,439634.44
360000.0,714699.4
85500.0,107869.27
340000.0,376620.22
70000.0,88177.69
99000.0,113811.28
179500.0,187254.28
155000.0,149284.44
149000.0,143429.38
190000.0,201542.6
64900.0,90449.4
182000.0,233013.88
390000.0,379599.38
230000.0,266724.9
92913.0,108355.63
165000.0,151697.69
209000.0,220112.5
208000.0,190388.06
125000.0,109190.46
149000.0,132118.75
138000.0,96630.61
1150000.0,617423.56
51000.0,127705.664
49900.0,81703.734
150000.0,109609.26
180000.0,293912.16
175000.0,210562.94
440000.0,369081.47
169000.0,153054.34
120000.0,136385.7
59000.0,78071.64
125000.0,126201.086
105000.0,143807.08
195000.0,284219.9
90000.0,133268.67
98864.0,133262.72
280000.0,192751.98
490000.0,351707.75
118900.0,105273.26
132000.0,111891.39
300000.0,224310.28
195000.0,240923.75
165000.0,220824.19
139000.0,132976.56
110000.0,93884.336
210000.0,195636.12
84000.0,112857.98
80500.0,94467.01
190900.0,168072.38
78000.0,109609.26
84000.0,98968.414
171000.0,134063.69
358000.0,401690.84
174000.0,206305.44
69900.0,81061.484
113900.0,149589.67
150000.0,179347.58
98000.0,70075.36
230000.0,290052.12
188800.0,146102.06
125000.0,153461.66
140000.0,171998.94
173000.0,136408.72
95000.0,164575.81
83700.0,87059.61
210000.0,213690.36
62000.0,97428.18
90000.0,127995.61
130000.0,125340.74
89500.0,78981.68
82000.0,90602.19
166900.0,151434.5
289000.0,242354.89
219500.0,317662.1
138000.0,144629.55
155000.0,140525.08
175000.0,203257.34
84900.0,138843.45
175000.0,204565.44
259000.0,264796.4
75000.0,54119.76
298000.0,301034.75
329900.0,475612.03
125000.0,125585.96
270000.0,233811.14
115000.0,123300.41
1100000.0,955193.3
67000.0,66808.35
175000.0,225926.3
134000.0,137207.06
59900.0,73905.125
129000.0,231962.86
89000.0,128700.3
98000.0,221299.66
190000.0,269942.7
69900.0,106268.13
115763.0,109809.89
100000.0,116706.81
150000.0,219784.38
295000.0,314636.28
140000.0,207966.34
75000.0,86996.12
68000.0,81559.93
215000.0,223680.5
139000.0,149507.98
130000.0,192239.98
70000.0,166872.6
490000.0,607755.0
98000.0,155794.81
194000.0,156928.6
189999.0,140822.88
200000.0,211243.98
180000.0,207228.22
250000.0,249034.98
510000.0,421248.44
75000.0,64714.027
425000.0,699476.6
141000.0,152321.39
68400.0,63259.754
115000.0,147764.19
70000.0,67226.69
110000.0,111384.81
70000.0,148413.52
330000.0,327044.9
389000.0,326042.5
59000.0,76934.984
400000.0,352367.1
330000.0,426709.25
205000.0,243415.67
149000.0,175542.25
104000.0,115513.02
129500.0,117922.914
220000.0,263379.88
130000.0,104186.63
840000.0,955530.56
88000.0,116614.88
89900.0,112926.53
360000.0,340815.2
129000.0,257605.89
85000.0,86072.66
50000.0,52852.02
210000.0,299001.44
465000.0,364159.3
325000.0,350194.56
67500.0,93937.88
159000.0,135763.0
259900.0,169122.97
76000.0,64320.055
375000.0,411782.25
73000.0,75035.516
189000.0,165342.23
87000.0,88599.23
135000.0,246019.14
59000.0,71177.06
160000.0,172025.58
163000.0,169418.38
355000.0,367592.4
71500.0,64320.055
69000.0,98870.67
365000.0,514654.7
85000.0,86748.67
260000.0,243486.84
115000.0,132507.16
280000.0,272472.97
254000.0,233193.89
88000.0,165470.23
87000.0,95446.555
87000.0,118107.555
70000.0,112874.63
89900.0,162657.03
330000.0,330904.66
158000.0,227333.52
87000.0,97608.83
129000.0,108850.57
950000.0,629346.56
300000.0,293872.53
129700.0,108467.56
98500.0,118311.69
275000.0,201257.8
109000.0,88663.734
69000.0,73629.89
129000.0,124075.68
61000.0,76413.65
1320000.0,971479.1
330000.0,288398.8
355000.0,442562.53
115000.0,133811.12
104500.0,133839.45
129900.0,169227.4
298000.0,284602.84
78000.0,90860.08
35000.0,103219.1
115000.0,105273.26
145000.0,160630.56
310000.0,275465.22
79000.0,124375.336
219000.0,310454.44
190000.0,142227.19
104000.0,105827.53
135000.0,146677.84
105000.0,84124.2
260000.0,181674.25
177000.0,188758.97
185000.0,182745.7
77000.0,93602.17
160000.0,158950.8
598000.0,270103.3
245000.0,360503.97
102087.0,96412.44
99000.0,119369.7
65000.0,67539.32
92000.0,87373.49
94200.0,78918.53
135000.0,117388.11
179900.0,170494.97
105000.0,131949.05
85000.0,104443.57
185000.0,286008.1
119000.0,122957.32
136000.0,148192.38
48000.0,68800.79
235000.0,242367.14
60000.0,119048.49
190000.0,164665.7
79000.0,75013.45
92000.0,155548.88
110000.0,151784.27
525000.0,326182.75
185000.0,207301.92
48000.0,78503.12
249900.0,248667.27
75000.0,78554.625
240000.0,160630.56
125000.0,146052.11
65000.0,99864.49
220000.0,233245.73
98000.0,128850.07
168000.0,204748.45
110000.0,133310.94
220000.0,190240.9
565000.0,562229.5
225000.0,258208.22
200000.0,320941.72
270000.0,249112.11
180000.0,208435.8
195000.0,194549.45
109500.0,123444.13
151000.0,121494.3
139000.0,192239.98
43500.0,60803.094
85000.0,92834.99
514000.0,347737.88
155000.0,161603.98
165000.0,125559.01
64900.0,82681.125
147900.0,118892.45
95000.0,86846.92
170000.0,183559.03
530000.0,500593.88
247000.0,362980.0
72000.0,98378.82
65000.0,90802.92
98000.0,92922.83
355000.0,477753.56
175000.0,123078.125
40000.0,45916.863
139900.0,174872.77
295000.0,298724.78
122000.0,98679.61
76000.0,104722.89
63900.0,64691.47
149000.0,216284.28
159500.0,149456.89
190000.0,202048.31
850000.0,867895.7
64900.0,86168.586
152000.0,177795.9
71601.0,79671.016
185000.0,128496.02
920000.0,381742.5
69900.0,115767.53
257900.0,186099.42
125000.0,152351.23
95000.0,132514.16
79000.0,102554.63
399000.0,338086.5
149000.0,209739.86
90000.0,92877.81
340000.0,396201.94
108000.0,125340.74
135000.0,131424.25
107984.0,107634.24
400000.0,308325.78
225700.0,144680.12
130000.0,130013.7
135000.0,167967.88
392000.0,310691.8
75000.0,93537.12
258000.0,240605.52
96000.0,99399.92
140000.0,176203.61
289000.0,266396.47
300000.0,449883.2
370000.0,344779.72
150000.0,178356.97
350000.0,345335.22
120000.0,105827.53
115000.0,113097.836
58846.0,95506.016
240000.0,335087.16
87000.0,99990.414
89900.0,102806.086
90000.0,133262.72
194900.0,211726.62
182000.0,184766.9
89000.0,134676.31
430000.0,375631.9
290000.0,293995.53
115000.0,141031.81
100000.0,124347.86
177000.0,118689.86
595000.0,470869.47
59370.0,54512.062
97500.0,122791.945
120000.0,79671.016
97900.0,121503.54
289000.0,242354.89
455000.0,320691.28
89000.0,108709.54
55000.0,89139.7
59000.0,91309.11
139000.0,146574.7
155000.0,236428.58
1050000.0,769816.2
300000.0,267027.8
178000.0,192239.98
167000.0,149503.98
230000.0,286246.7
135000.0,96630.61
109000.0,121415.49
1350000.0,986253.06
98000.0,148692.86
69000.0,62421.5
245000.0,196339.81
198000.0,285745.22
299500.0,248959.88
265000.0,238203.23
289000.0,357752.3
99000.0,103379.195
240000.0,252621.3
470000.0,314959.38
58000.0,91336.66
93000.0,108355.63
76000.0,111173.37
750000.0,558157.56
480000.0,370287.8
245000.0,211767.28
92000.0,87373.49
110000.0,137762.27
279000.0,242354.89
275000.0,362980.0
73000.0,111580.04
520000.0,593906.6
89000.0,99399.92
150000.0,195174.14
100000.0,101427.3
145000.0,133262.72
279900.0,267595.44
155000.0,153303.89
125000.0,151500.22
79900.0,67756.68
420000.0,210872.38
65000.0,70843.65
100000.0,118749.48
1350000.0,986253.06
64900.0,108355.63
95000.0,108558.61
279000.0,196781.94
70000.0,58506.484
290000.0,311505.97
99000.0,128473.3
550000.0,433183.56
65000.0,94637.05
310000.0,324619.9
228000.0,210562.94
350000.0,576944.06
495000.0,387446.2
89000.0,114565.23
82170.0,107869.27
250000.0,314325.72
199000.0,180624.97
55000.0,61249.582
55000.0,77149.12
164000.0,146597.33
75000.0,164509.36
1500000.0,1013198.06
137500.0,207829.11
95000.0,117948.69
115000.0,91336.66
760000.0,543495.56
498000.0,326705.2
79000.0,124442.836
99000.0,127827.27
79000.0,89313.16
56300.0,83831.09
169900.0,233193.89
83000.0,105391.31
180000.0,207841.89
115000.0,105156.67
895000.0,629346.56
180000.0,128850.07
119000.0,111891.39
239000.0,311987.12
160000.0,138387.84
230000.0,195390.55
120000.0,91777.77
173164.0,132079.2
115150.0,120470.64
135000.0,222382.72
315000.0,320782.34
70000.0,99862.44
124500.0,128646.74
68000.0,85613.82
300000.0,213822.1
185000.0,191525.39
35000.0,97735.914
175000.0,220824.19
190000.0,200105.53
292000.0,205467.05
95000.0,116374.12
169000.0,200063.55
56900.0,74726.336
219000.0,205656.14
140000.0,135002.67
298000.0,255103.98
160000.0,166277.72
248000.0,330261.28
175000.0,272357.44
90000.0,91183.11
105000.0,139206.33
212000.0,345261.53
52000.0,67756.68
70000.0,76364.305
138400.0,133839.45
400000.0,397681.6
221000.0,172348.6
277300.0,241466.34
75000.0,103646.99
430000.0,695612.06
266073.0,385016.84
89600.0,96259.6
215000.0,301618.28
122000.0,212330.67
90000.0,85819.83
220000.0,292712.75
125000.0,233871.67
130000.0,127190.05
230000.0,227259.23
130000.0,148387.36
140000.0,164353.2
83000.0,79794.41
225000.0,268728.44
350000.0,429436.72
95000.0,108739.78
189999.0,494223.03
309900.0,324189.53
92000.0,63351.676
183393.0,133765.75
84900.0,108940.555
73000.0,66150.82
98000.0,98064.11
125000.0,159105.64
63000.0,72776.57
596900.0,723428.44
105600.0,112148.3
159000.0,182747.84
129000.0,149110.19
125000.0,111319.73
140000.0,144680.12
149000.0,138359.84
120000.0,165235.61
67999.0,118606.34
92000.0,217755.39
650000.0,578719.5
169000.0,140822.88
260000.0,178844.9
106000.0,120609.55
64000.0,63259.754
245000.0,270061.22
199900.0,222293.69
69900.0,107942.984
58000.0,83202.414
115000.0,118818.914
115000.0,116846.73
210000.0,233225.53
92000.0,88571.81
1000000.0,871740.9
235000.0,368819.25
120000.0,102732.375
92000.0,95743.164
198000.0,234145.7
169648.0,212330.67
1400000.0,515708.3
76000.0,60731.63
139000.0,168851.19
120000.0,251126.16
110000.0,108739.78
80000.0,90614.85
189000.0,231760.12
168000.0,144671.88
168000.0,271026.8
108000.0,101894.13
240000.0,310454.44
94900.0,109382.09
299000.0,282724.53
125000.0,98064.11
89000.0,79208.445
168000.0,153803.33
103000.0,125472.68
195000.0,134295.23
330000.0,264595.4
1300000.0,1051957.2
95000.0,99017.17
145000.0,162433.14
115000.0,108739.78
169000.0,155736.75
74900.0,59359.133
155000.0,149284.44
150000.0,212213.83
225000.0,181022.89
110000.0,126975.29
165000.0,111720.98
240000.0,255177.8
245000.0,298125.88
190000.0,292373.94
109000.0,155082.53
119000.0,100310.64
129000.0,219843.77
180000.0,141235.23
53000.0,90003.51
85000.0,101397.914
270000.0,370287.8
180000.0,141376.31
134719.0,154995.73
210000.0,201538.8
259000.0,297263.06
165000.0,203087.81
169000.0,155736.75
289000.0,205023.52
660000.0,370985.56
165000.0,166242.66
68000.0,85484.41
71500.0,192791.25
89900.0,118458.76
115000.0,134541.92
68999.0,82351.25
88900.0,87110.6
99000.0,106468.445
107000.0,121873.57
240000.0,229771.45
69500.0,87146.15
67000.0,93537.12
399500.0,324089.62
100000.0,158280.33
59800.0,76161.664
190000.0,130988.41
165000.0,245079.58
110000.0,189741.31
122000.0,92598.78
145000.0,143376.12
149500.0,118186.19
129000.0,180758.56
115000.0,109809.89
99000.0,111858.02
135000.0,114083.07
158000.0,138357.55
120000.0,131923.45
75000.0,100945.07
72000.0,97855.41
150000.0,234557.84
190000.0,115826.7
630000.0,252775.28
86650.0,106373.92
205000.0,147409.75
375000.0,473132.9
140000.0,117035.28
196000.0,128148.2
108381.0,107517.39
254000.0,177285.12
149000.0,205656.14
275000.0,181062.38
209000.0,183109.95
87000.0,89135.44
279000.0,348626.66
54000.0,63328.39
95000.0,81804.07
307000.0,303028.16
120000.0,113135.484
152000.0,197544.33
109000.0,139354.6
128000.0,92620.74
88000.0,100728.51
165000.0,211253.94
189000.0,302194.66
118500.0,199733.72
135000.0,168400.69
128000.0,147811.64
225000.0,229606.72
144000.0,142024.94
75000.0,208157.78
216000.0,186052.38
89000.0,78754.53
118000.0,125177.016
425000.0,376567.12
550000.0,421846.7
200000.0,158978.48
120000.0,212213.83
190000.0,279348.03
160000.0,162433.14
790000.0,868069.1
235000.0,232279.53
216000.0,168072.38
180000.0,200501.5
130000.0,108467.56
105000.0,140803.98
370000.0,222581.42
60000.0,57115.598
369000.0,381208.94
240000.0,371168.47
240000.0,230542.5
115000.0,99099.63
325000.0,211017.7
515000.0,432585.6
259000.0,364159.3
40000.0,63941.973
86000.0,83453.484
550000.0,539200.1
175000.0,142474.67
209000.0,139206.33
230000.0,340258.56
55000.0,143282.42
120000.0,61586.855
177890.0,174941.16
275000.0,275416.5
435000.0,301249.56
125000.0,101319.01
155000.0,140131.31
72000.0,131112.16
695000.0,734751.1
65000.0,70524.984
135000.0,163007.2
129000.0,193892.36
140000.0,136164.3
60000.0,77844.016
149000.0,149489.73
79000.0,240571.47
94900.0,108668.266
41000.0,58111.18
69000.0,124097.51
545000.0,608656.44
84000.0,95928.586
59800.0,71755.0
240000.0,219636.52
149000.0,125844.45
489500.0,513644.8
52000.0,54174.25
88500.0,89135.44
360000.0,293281.94
210000.0,167125.16
69000.0,200304.14
114800.0,104981.74
145000.0,160027.84
102000.0,102732.375
164000.0,136758.25
92000.0,132945.1
178000.0,154150.62
399000.0,285004.6
165000.0,150716.94
301800.0,269942.7
146800.0,203087.81
180000.0,131923.45
355000.0,535236.5
87000.0,95446.555
87000.0,99093.9
138000.0,122993.76
95000.0,117148.85
760000.0,937665.0
360000.0,211793.72
175000.0,149078.98
250000.0,220644.42
360000.0,360186.2
283000.0,317588.4
129500.0,104334.87
107500.0,103993.22
200000.0,164092.44
122000.0,80219.375
65000.0,109703.67
60000.0,71257.55
990000.0,820247.5
330000.0,338552.03
295000.0,643657.6
147999.0,131838.44
235000.0,250942.75
128700.0,133369.14
78900.0,70454.39
145000.0,135763.0
250000.0,326783.12
105000.0,114139.63
109000.0,79844.664
238000.0,166646.23
110000.0,141164.83
350000.0,373091.6
160000.0,152381.7
105000.0,156910.45
76000.0,91868.55
128000.0,113907.234
169000.0,132118.75
104900.0,129154.42
159000.0,174211.48
80000.0,112231.77
60000.0,63333.46
64765.0,99160.375
186581.0,146677.56
144000.0,127868.11
140000.0,145981.42
92000.0,98690.21
140000.0,136164.3
250000.0,208435.8
420000.0,365026.34
123000.0,103866.63
169800.0,125841.78
265000.0,174232.19
155000.0,146476.83
159000.0,117744.98
270000.0,149135.47
240000.0,276861.44
120000.0,108214.83
60000.0,90449.4
129800.0,138260.66
119999.0,149503.98
225000.0,152919.66
142000.0,169474.64
92000.0,93402.99
46114.0,97298.84
89900.0,148690.05
129500.0,199882.31
102000.0,133262.72
213900.0,223680.5
280000.0,326042.5
119000.0,122591.44
140000.0,127190.05
93000.0,84045.62
285000.0,326783.12
175000.0,172099.81
159900.0,172511.97
280000.0,437923.44
240000.0,285486.88
155000.0,237155.94
248000.0,157934.66
215000.0,316035.66
122000.0,127845.15
47000.0,56317.004
88000.0,83678.85
158000.0,154672.0
165000.0,166911.19
79000.0,84971.28
109000.0,116621.93
127000.0,98247.53
78000.0,124628.42
110000.0,109742.28
67000.0,86322.65
240000.0,195894.08
76000.0,96452.17
105000.0,103814.1
85000.0,119546.29
170000.0,150839.98
150000.0,168922.78
310000.0,303691.47
130000.0,107677.61
64000.0,95919.945
108400.0,97659.19
750000.0,871976.06
55000.0,68946.586
120000.0,112500.81
88000.0,95050.39
118000.0,107696.68
298000.0,382220.53
250000.0,235413.98
245000.0,199425.16
695000.0,545780.25
108000.0,85800.625
475000.0,532077.94
82900.0,152886.0
280000.0,250020.25
217500.0,231865.78
79000.0,63341.492
460000.0,581911.4
85000.0,72776.57
109900.0,114789.2
220000.0,183493.02
130000.0,140570.78
720000.0,803375.75
390000.0,329075.47
170000.0,156904.66
105000.0,98437.11
120000.0,133811.12
410000.0,771310.9
145000.0,117006.85
137500.0,158607.72
95000.0,101031.09
110000.0,102969.74
88000.0,96766.83
95000.0,108355.63
68000.0,77997.93
700000.0,910544.9
104900.0,118867.82
410000.0,497513.75
99000.0,113444.03
153000.0,166080.6
120000.0,169025.17
189000.0,197292.08
149500.0,163778.0
145000.0,205650.94
1500000.0,871740.9
165000.0,142733.22
98000.0,92017.53
188000.0,98806.414
78000.0,116937.75
142000.0,175668.47
55000.0,76495.555
165000.0,134433.52
450000.0,200434.95
138000.0,135903.06
80300.0,58141.082
105000.0,107620.586
90000.0,93142.95
435000.0,362799.7
237000.0,160027.84
280000.0,325888.88
249999.0,255103.98
220000.0,288398.8
63900.0,63259.754
189500.0,159762.45
168000.0,163007.2
138000.0,111092.2
138000.0,117687.91
215000.0,194137.08
110000.0,119131.47
80000.0,97851.97
68000.0,53710.457
79000.0,104335.664
45000.0,61778.703
79900.0,107473.3
101778.0,201587.3
128000.0,136655.12
69800.0,90876.91
245000.0,228135.75
100000.0,225112.8
76500.0,95039.57
265000.0,282001.2
245000.0,200105.53
215000.0,144671.88
80000.0,93810.625
170000.0,235891.39
70000.0,200304.14
167000.0,175787.36
107000.0,130974.664
52000.0,90449.4
129300.0,118892.45
380000.0,364159.3
169000.0,160794.28
89000.0,110875.2
260000.0,399641.25
58000.0,85758.484
205000.0,170826.62
135000.0,136248.25
439000.0,593906.6
53000.0,61249.582
90900.0,110193.78
131509.0,90003.51
70000.0,80073.14
232000.0,219356.72
82600.0,65768.266
450000.0,890714.1
155000.0,196216.27
99000.0,166728.75
160300.0,200806.56
99000.0,101046.36
165000.0,165664.9
175000.0,154274.1
250000.0,299632.72
260000.0,237818.8
465000.0,348122.72
1100000.0,635278.44
105000.0,108533.93
730000.0,684956.25
250000.0,286347.25
88000.0,105347.234
365000.0,324360.0
149900.0,175499.45
69000.0,66173.38
558000.0,528738.7
75000.0,119570.03
107000.0,100065.69
1100000.0,981827.0
145000.0,144671.88
980000.0,886307.0
145000.0,160536.55
52000.0,94447.734
125000.0,148387.36
163000.0,211243.98
288000.0,239922.44
69000.0,102312.63
112000.0,110805.8
65500.0,66150.82
220000.0,233814.8
95000.0,102059.25
220000.0,237897.78
210000.0,136408.72
85000.0,110397.74
89000.0,84105.08
349000.0,471969.2
125000.0,127845.15
135000.0,163007.2
154600.0,157800.44
360000.0,407201.8
39900.0,66220.21
78000.0,94904.92
451170.0,252500.9
44000.0,52551.637
240000.0,161663.75
88000.0,134796.81
208000.0,299001.44
280000.0,308986.4
104000.0,103437.8
180000.0,164975.7
740000.0,629346.56
87000.0,100458.93
395000.0,308325.78
285000.0,309852.28
42000.0,52551.637
140000.0,132507.16
165000.0,154150.62
480000.0,436009.2
110000.0,139157.2
74500.0,73209.26
218032.0,175499.45
410000.0,456681.22
87000.0,110873.94
93000.0,81059.53
95000.0,93289.23
59900.0,54119.76
155000.0,194956.55
210000.0,222873.12
98000.0,91280.984
114000.0,125829.24
150000.0,151500.22
110000.0,98466.58
72000.0,91130.08
94000.0,96380.375
108000.0,115644.99
229001.0,270498.38
153000.0,131270.47
309000.0,326783.12
150000.0,247988.1
80000.0,92153.0
139000.0,166518.36
89000.0,75995.31
42000.0,46637.527
135000.0,149210.73
155000.0,134571.75
91999.0,107532.805
119000.0,141938.73
288000.0,253711.45
95000.0,107869.27
180000.0,215438.5
135000.0,137387.58
78000.0,89619.25
95000.0,96011.914
155900.0,155082.53
230000.0,293281.94
105000.0,126582.64
445000.0,476032.16
140000.0,103866.63
239000.0,226059.39
410000.0,771310.9
105000.0,97899.38
91000.0,84105.08
69000.0,79557.695
279900.0,214031.36
87000.0,134219.61
125000.0,138673.02
105500.0,109190.46
169000.0,178951.98
230000.0,192156.4
65000.0,83831.09
760000.0,568841.6
160000.0,119476.23
140000.0,161663.75
77900.0,100055.336
108000.0,203851.72
150000.0,142733.22
196000.0,180758.56
1290000.0,928242.6
69000.0,87127.04
65000.0,75081.945
150000.0,114479.18
68000.0,77316.56
240000.0,251682.28
81000.0,60280.492
120000.0,98689.31
199000.0,144289.17
70000.0,73719.64
246000.0,148461.06
118000.0,151044.53
99990.0,144052.2
98500.0,107696.68
59000.0,102536.13
150000.0,169054.42
250000.0,564576.1
215000.0,238090.72
149900.0,148303.12
92000.0,91777.77
145000.0,143807.08
80000.0,79671.016
298000.0,281397.12
55000.0,61887.234
370000.0,471679.4
320000.0,392953.75
153000.0,174210.42
210000.0,140803.98
180000.0,137239.4
85000.0,210053.1
137500.0,207829.11
67000.0,96235.82
160000.0,165724.4
145000.0,139806.61
290000.0,190373.27
310000.0,395902.03
160000.0,191663.34
160990.0,128496.02
115000.0,190661.12
265000.0,188276.2
90000.0,108415.04
83000.0,68290.14
320000.0,415870.16
80000.0,83794.55
298000.0,237897.78
150000.0,123012.0
160000.0,193974.48
160000.0,194956.55
119500.0,179142.23
208000.0,165893.44
557000.0,218907.27
136900.0,99412.56
775000.0,798615.8
63000.0,93331.02
65000.0,103640.69
88000.0,103640.69
115000.0,133852.92
70000.0,69983.09
147000.0,251639.75
75000.0,90802.92
180000.0,232271.73
98000.0,105788.64
79000.0,86876.89
78900.0,108599.03
80000.0,60748.605
105000.0,124617.89
142740.0,148461.06
75000.0,92221.06
125000.0,119930.38
85000.0,81583.01
122000.0,131476.33
69000.0,67646.59
519900.0,586369.06
119000.0,129508.375
110000.0,143095.67
216000.0,181125.69
225000.0,151500.22
67570.0,82462.47
175000.0,213096.95
289000.0,314950.94
159000.0,121665.625
110000.0,134252.69
590000.0,418442.06
130000.0,129763.75
99000.0,91544.664
210000.0,128646.74
160000.0,128835.71
89000.0,212330.67
224900.0,149169.53
140000.0,213366.27
422793.0,439634.44
130000.0,151857.97
232000.0,198079.9
135000.0,161471.67
235000.0,228335.2
220000.0,132955.52
99900.0,84389.7
99000.0,92297.81
65000.0,84105.08
115000.0,119252.836
220000.0,200719.67
268500.0,271652.53
69500.0,133811.12
189000.0,193902.08
57800.0,74524.305
990000.0,794189.75
105000.0,83453.484
106000.0,125425.984
53000.0,114710.9
110000.0,140586.05
135000.0,143355.67
159000.0,126582.64
84500.0,68296.37
75000.0,59584.074
490000.0,360015.66
79000.0,107117.05
120000.0,145369.52
86000.0,54512.062
190000.0,284889.16
95000.0,139981.22
59500.0,78956.164
165000.0,175629.67
290000.0,265386.03
1500000.0,912961.7
119900.0,121603.88
280000.0,335929.38
99000.0,104186.63
50000.0,61641.344
109000.0,120857.73
260000.0,316350.3
146000.0,210422.55
118000.0,111613.54
190000.0,173205.19
72000.0,65600.664
920000.0,456600.9
155000.0,141070.53
140000.0,113432.22
98000.0,98084.05
110000.0,119421.0
220000.0,314636.28
315000.0,247848.66
143000.0,124593.91
95000.0,112926.53
190000.0,204324.47
135000.0,123517.84
129000.0,162819.67
250000.0,337565.1
135000.0,122464.01
52684.0,81800.484
380000.0,290053.44
250000.0,276577.94
108000.0,127639.3
284900.0,248146.22
275000.0,348858.25
90000.0,116305.47
260000.0,233765.12
98000.0,126582.64
110000.0,137791.4
125000.0,126080.086
339000.0,248704.1
132500.0,126582.64
188000.0,191663.34
310000.0,283062.1
104900.0,106134.55
60000.0,90317.734
1200000.0,739177.2
78000.0,109602.21
199500.0,208333.88
164000.0,243789.53
560000.0,548830.25
155000.0,109602.21
212000.0,215880.67
170000.0,193201.53
199000.0,131764.73
295000.0,302896.97
78000.0,99160.375
159000.0,220363.94
280000.0,296522.44
209900.0,159675.11
124000.0,139981.22
175000.0,181119.58
585259.0,588249.9
148000.0,232602.95
270000.0,292553.1
240000.0,198425.4
830000.0,325888.88
225000.0,191713.77
85000.0,77154.85
110000.0,125268.445
96000.0,108279.8
73000.0,93610.83
200000.0,172636.03
64000.0,138916.86
89000.0,132979.58
180000.0,119476.23
125000.0,132979.58
159000.0,238419.23
60000.0,66446.47
110000.0,111393.53
114537.0,123254.375
129000.0,143376.12
60000.0,93438.83
109000.0,111891.39
305000.0,222873.12
94000.0,120512.28
214900.0,282082.22
180000.0,140056.05
490000.0,475074.6
70000.0,130159.82
85000.0,94791.91
89900.0,119161.305
275000.0,260738.97
165000.0,141235.23
109900.0,101909.83
99000.0,144044.75
168000.0,232255.64
129000.0,119570.03
89000.0,119765.75
85000.0,62052.863
210000.0,288854.44
70000.0,106468.445
140000.0,140048.9
75000.0,53213.08
485000.0,628327.6
182000.0,185824.14
135000.0,145225.19
260000.0,182112.97
290000.0,171049.22
55000.0,92428.21
55000.0,69983.09
850000.0,534022.1
145000.0,138506.22
23000.0,87143.47
94000.0,97028.1
90000.0,68214.04
880000.0,972642.9
670000.0,369703.5
144900.0,127452.42
98950.0,105788.64
580000.0,343650.6
260000.0,344385.88
285000.0,182314.56
42640.0,119793.49
280000.0,290190.1
149500.0,158978.48
54000.0,87571.57
225000.0,206385.52
195000.0,211017.7
249000.0,194735.83
248000.0,357826.0
1350000.0,827844.94
230000.0,321684.3
137500.0,124097.51
102892.0,102482.98
125000.0,123408.78
116000.0,98489.53
67000.0,119570.03
279000.0,340553.62
95000.0,82992.85
360000.0,352367.1
99000.0,137998.11
345000.0,345261.53
390000.0,465464.12
445000.0,655892.5
560000.0,418442.06
110000.0,233814.8
135000.0,94240.414
125000.0,115836.305
135000.0,187961.19
165000.0,186319.06
95000.0,93858.51
120000.0,133144.16
112000.0,96186.26
140000.0,136290.31
160000.0,161194.02
535000.0,563530.5
124500.0,115767.53
95000.0,107961.195
29000.0,74705.11
79900.0,74862.35
84900.0,99541.75
205000.0,272472.97
470000.0,379792.62
70000.0,58081.883
98500.0,74090.94
90000.0,146014.48
220000.0,367357.84
138000.0,164353.2
77100.0,100204.27
120000.0,264796.4
160000.0,161259.03
59500.0,67458.125
638000.0,556560.06
170000.0,120420.49
229000.0,176277.06
90224.0,102267.46
107000.0,115623.99
115000.0,135277.77
79900.0,123048.52
295000.0,311571.88
138000.0,120772.3
160000.0,197554.58
82000.0,130013.43
119000.0,129935.055
540000.0,525198.5
590000.0,301618.28
134000.0,164075.17
149900.0,133811.12
95700.0,128700.3
78000.0,99399.92
64900.0,86094.875
67000.0,123975.195
190000.0,322455.38
75000.0,109361.41
69900.0,122215.42
92250.0,107110.0
150000.0,102732.375
125000.0,258707.36
95000.0,84277.11
130000.0,140803.98
330000.0,371051.62
166000.0,178525.78
120000.0,133811.12
206000.0,143376.12
89900.0,118606.34
83000.0,77563.62
210000.0,181431.6
175000.0,201465.1
85800.0,100598.91
79700.0,90317.734
167500.0,200304.14
166000.0,208076.0
450000.0,661029.1
135000.0,139981.22
95000.0,110809.875
145000.0,164376.44
137000.0,203257.34
114500.0,101909.83
50000.0,47066.164
140000.0,135180.78
156000.0,168026.39
90000.0,98064.11
145000.0,134592.14
139000.0,213731.44
490000.0,189327.94
280000.0,247462.05
139000.0,105341.484
119900.0,105111.805
109000.0,125295.97
70000.0,104757.24
750000.0,750475.25
110000.0,158148.44
150000.0,172579.66
325000.0,345335.22
95000.0,99381.73
120000.0,111236.53
124000.0,112926.53
39800.0,52606.13
165000.0,154274.1
69000.0,111393.53
1250000.0,697159.1
340000.0,411733.5
310000.0,173694.6
164900.0,126582.64
112000.0,132118.75
161000.0,784816.6
81000.0,101427.3
77000.0,54512.062
390000.0,285070.78
155000.0,211143.66
79000.0,84701.375
115000.0,85820.23
290000.0,367214.8
215000.0,254512.08
179000.0,195277.25
360000.0,306093.88
64900.0,69983.09
79500.0,82143.51
420000.0,470199.38
78000.0,115571.28
154900.0,156642.6
599900.0,1042964.44
76585.0,102294.9
93000.0,112421.6
165640.0,143610.72
97500.0,84105.08
78000.0,78726.086
59000.0,66455.74
225000.0,189159.84
172000.0,214425.72
120000.0,133056.27
200000.0,205166.45
93000.0,103579.42
142000.0,128168.984
74000.0,85383.46
350000.0,376904.9
145000.0,204843.56
135000.0,133144.16
169000.0,325888.88
155000.0,152504.88
170000.0,137207.06
145000.0,138990.56
430000.0,523765.1
159000.0,187961.19
265000.0,216121.89
88000.0,95743.164
85000.0,85277.94
80000.0,89135.44
99900.0,95930.086
74000.0,66258.71
208000.0,189965.88
650000.0,759302.44
120000.0,110890.45
118000.0,136356.28
85000.0,106134.55
79000.0,104861.734
125000.0,115765.26
189500.0,177179.78
135000.0,123935.61
145800.0,111173.37
89000.0,112231.77
104325.0,116572.38
300000.0,227556.95
250000.0,162018.27
149500.0,172348.6
52000.0,68528.42
99000.0,108684.15
119000.0,194754.16
159000.0,169179.23
110000.0,103473.68
240000.0,218552.62
125000.0,164057.8
200000.0,209303.95
160000.0,207841.89
122500.0,127845.15
159500.0,152260.34
527374.0,325888.88
149000.0,304430.75
90000.0,134252.69
155000.0,156195.97
85000.0,100002.76
469900.0,366289.5
160000.0,256494.61
170000.0,237919.77
135000.0,152682.44
130000.0,181582.67
315000.0,329373.62
80000.0,135729.17
159500.0,142227.19
235000.0,290263.78
175000.0,150339.06
87000.0,77867.91
130000.0,185876.34
93000.0,99528.54
108000.0,125559.01
288000.0,215033.75
119000.0,131938.72
310000.0,353049.62
149900.0,140586.05
210000.0,297834.9
390000.0,489880.53
101050.0,137463.36
70000.0,114711.9
435000.0,383866.53
55000.0,338478.34
58000.0,127564.15
360000.0,379702.6
139000.0,219676.9
169000.0,191008.53
110000.0,156664.08
173000.0,136408.72
1500000.0,684712.25
190000.0,386406.53
120000.0,148303.12
390000.0,364159.3
730000.0,385016.84
190000.0,182204.55
148900.0,134345.84
239000.0,377528.34
140000.0,140843.95
305000.0,242428.6
140000.0,152846.62
1300000.0,1051957.2
94000.0,109190.46
149900.0,178147.47
93000.0,88571.81
125000.0,147864.52
140000.0,142306.7
215000.0,141340.45
117000.0,124297.47
119087.0,86333.55
275000.0,332387.1
170000.0,246609.36
490000.0,418885.38
595000.0,302950.2
175900.0,149755.48
106000.0,112716.02
130000.0,115571.28
90300.0,121494.3
269000.0,345261.53
99000.0,107517.39
79000.0,95928.586
700000.0,695511.9
103500.0,97116.555
134900.0,177285.12
95000.0,119134.72
144000.0,141211.58
138000.0,157625.88
119999.0,118925.45
42000.0,59000.22
690000.0,614028.4
200000.0,186759.92
112000.0,134184.3
58000.0,69983.09
47000.0,64546.508
105000.0,99160.375
92000.0,151857.97
172000.0,181125.69
388000.0,348858.25
118000.0,102899.73
125000.0,146156.42
394000.0,517861.47
105000.0,121580.04
630000.0,554696.2
265000.0,173694.6
115000.0,107517.39
105000.0,106268.13
129000.0,128047.87
185000.0,272177.25
160000.0,119429.96
56000.0,126990.48
210000.0,154995.73
145000.0,156839.69
270000.0,436946.9
150000.0,125387.55
145000.0,144838.42
92000.0,95671.91
50000.0,117574.5
99000.0,90116.4
55000.0,82519.65
82900.0,73645.93
265000.0,283973.72
280000.0,275245.22
582274.0,475074.6
250000.0,314954.28
94000.0,99399.92
65000.0,78452.375
93000.0,125640.27
95000.0,195502.77
320000.0,383792.84
126300.0,105926.59
110000.0,110122.72
103000.0,160318.73
142500.0,140372.23
120000.0,132532.81
105722.0,106140.11
149000.0,166460.23
80000.0,107961.195
280000.0,221828.84
85000.0,107869.27
180000.0,404641.72
180000.0,111319.73
99000.0,108522.45
85000.0,110199.65
90000.0,85592.52
165000.0,212213.83
164000.0,284339.78
379000.0,387716.97
850000.0,681608.56
269000.0,246665.06
89000.0,125247.48
108000.0,124569.984
59990.0,89860.5
95000.0,111891.39
310184.0,243616.9
310000.0,374022.72
295000.0,326042.5
175000.0,193485.66
128000.0,117468.945
85000.0,110349.91
67960.0,97468.17
129000.0,120911.42
100273.0,108355.63
1250000.0,794189.75
78000.0,82894.84
112000.0,127190.05
185000.0,258593.1
32000.0,66861.29
84500.0,87127.04
100000.0,116206.15
148000.0,184649.12
193000.0,177472.67
98000.0,97735.914
240000.0,269955.78
110000.0,119437.01
66800.0,91030.305
490000.0,563043.94
125800.0,143670.44
328000.0,286294.75
106000.0,99868.95
298500.0,252769.89
163000.0,168072.38
170000.0,159675.11
240000.0,202932.4
90768.0,99473.63
75000.0,89655.14
271000.0,309500.16
166000.0,142286.69
120000.0,114621.336
153800.0,118186.19
110000.0,119135.86
260000.0,277290.53
160000.0,116754.95
160000.0,142974.69
120000.0,105994.48
330000.0,286863.44
290000.0,161967.88
207000.0,214773.84
210000.0,254172.94
135000.0,156805.53
399000.0,315972.3
93000.0,63318.93
134000.0,129084.51
62000.0,80693.19
179000.0,139723.03
125000.0,115980.164
161000.0,130170.22
92000.0,125163.96
169000.0,132118.75
800000.0,924017.1
80000.0,52551.637
65000.0,82560.26
85000.0,62421.5
180000.0,252775.28
189000.0,155813.22
95893.0,102623.33
119000.0,226074.56
171600.0,104523.53
188000.0,238090.72
260000.0,255032.28
85000.0,107212.164
49000.0,52852.02
115000.0,83508.38
279000.0,273783.62
238000.0,207301.92
585000.0,359417.9
119000.0,118339.28
83500.0,104622.66
148500.0,114640.59
415000.0,415870.16
844939.0,385016.84
190000.0,198658.12
183000.0,199148.62
144500.0,135082.45
70000.0,88632.15
120000.0,136384.39
470000.0,721663.3
298000.0,311398.53
369000.0,381208.94
260000.0,237416.11
104000.0,115623.99
90000.0,145249.34
69500.0,80068.516
169999.0,244412.78
140000.0,168072.38
75000.0,91276.87
167000.0,136408.72
215000.0,194981.84
200000.0,118186.19
115000.0,126295.24
799000.0,508177.06
279900.0,282239.03
725000.0,879725.4
314900.0,346228.8
115000.0,141884.42
135000.0,134949.36
950000.0,265902.2
180000.0,404641.72
230000.0,206988.53
140000.0,107449.63
95000.0,94425.12
62000.0,116425.87
68000.0,73629.89
150000.0,458102.88
158000.0,157978.27
89000.0,133284.58
45000.0,52679.836
66200.0,136688.16
500000.0,761087.75
588000.0,310865.28
138000.0,119421.0
404000.0,338540.34
270000.0,282741.8
114500.0,222382.72
149500.0,209276.17
80029.0,125398.97
70000.0,102969.74
137500.0,143592.3
315000.0,245079.58
130000.0,127198.69
145000.0,145225.19
110000.0,114482.08
470000.0,362512.5
88000.0,81834.586
136000.0,108850.57
67500.0,75700.59
69750.0,102867.79
82000.0,210053.1
249000.0,291990.75
110000.0,106662.766
220000.0,272177.25
225000.0,316035.66
88000.0,96766.83
119000.0,162736.95
149900.0,130154.07
160000.0,227503.0
295000.0,261002.45
59900.0,105939.43
1100000.0,881880.94
200000.0,197153.55
43500.0,54174.25
105000.0,88711.6
66200.0,136688.16
175000.0,185469.94
55000.0,57626.656
95000.0,94240.414
88900.0,109201.65
195000.0,181659.73
1100000.0,881880.94
128000.0,121503.54
143000.0,198765.5
70000.0,78127.19
50000.0,63853.207
85000.0,140893.52
89000.0,82754.836
50375.0,119955.94
129000.0,98094.8
145000.0,204748.45
79000.0,84197.0
104000.0,163020.78
160000.0,139206.33
225000.0,333181.5
159900.0,178501.17
94000.0,84855.28
530000.0,359109.9
119000.0,195090.52
60000.0,212111.39
125000.0,90003.51
80000.0,107212.164
74999.0,93570.56
1250000.0,1049570.8
149000.0,132218.08
63000.0,221648.2
188000.0,206818.05
106260.0,133811.12
870000.0,593906.6
1350000.0,981827.0
70000.0,97910.23
180000.0,198628.31
117140.0,141308.94
120485.0,147641.16
198000.0,183076.22
90000.0,69446.54
105000.0,93155.0
208000.0,139311.5
315000.0,233765.12
190000.0,131218.97
390000.0,440139.06
118000.0,154888.72
53999.0,54875.3
259000.0,439825.88
120000.0,115175.016
120000.0,135002.67
114000.0,142046.64
130000.0,134175.6
190000.0,105156.67
99000.0,91995.26
199000.0,227803.97
150000.0,170537.56
160000.0,148303.12
65000.0,72573.055
440000.0,372606.7
115000.0,117876.38
268000.0,268555.56
82000.0,78653.24
195000.0,312060.8
69900.0,68906.56
130000.0,125718.445
68000.0,94066.24
82000.0,107942.984
280000.0,346399.28
185000.0,180419.94
275000.0,233765.12
80000.0,65842.31
149000.0,133526.3
230000.0,228613.89
490000.0,371168.47
163000.0,134592.14
450000.0,414002.06
85000.0,103991.7
110000.0,145206.45
50000.0,98788.37
65000.0,80532.36
319900.0,484941.9
145000.0,166956.23
405000.0,428793.53
149000.0,219512.39
106000.0,103379.195
78000.0,76413.65
155000.0,117744.98
159900.0,197544.33
110000.0,130888.78
170000.0,167967.88
120000.0,129356.97
230000.0,241027.98
149000.0,167967.88
58000.0,74150.5
60000.0,83825.79
198774.0,159675.11
64500.0,88116.04
98000.0,115767.53
145000.0,138946.98
160000.0,177350.0
64000.0,62421.5
65000.0,53213.08
99000.0,131145.27
113000.0,179214.42
62900.0,58168.67
114000.0,125911.54
70000.0,85303.24
68000.0,64449.38
150000.0,151963.86
340000.0,289178.97
95000.0,108355.63
310000.0,294644.03
185000.0,233034.88
100000.0,144680.12
151000.0,292294.22
103000.0,132234.73
315000.0,386406.53
220000.0,198801.1
78000.0,106491.66
55000.0,125832.586
105000.0,124227.375
220000.0,155065.86
344900.0,362756.66
585000.0,1017647.7
151800.0,119476.23
225000.0,228589.47
298000.0,152846.62
69900.0,117945.96
55000.0,67378.45
86400.0,122025.33
139000.0,132387.14
175000.0,144510.47
235000.0,113161.54
155000.0,232536.78
199000.0,246602.7
117000.0,133795.84
250000.0,205650.94
220000.0,289732.28
835000.0,696067.0
830000.0,972642.9
199000.0,181039.77
79000.0,80358.414
61000.0,63853.207
200000.0,262690.3
176000.0,134063.69
400000.0,364073.6
55000.0,104622.66
50900.0,52551.637
129000.0,136559.47
139000.0,140741.0
95000.0,67622.484
130000.0,116452.09
550000.0,512311.38
140000.0,117922.914
78000.0,89340.445
295000.0,254912.36
87000.0,96534.914
68000.0,72606.766
79000.0,104830.95
300000.0,229836.88
170000.0,151697.69
120000.0,216284.28
200000.0,278638.22
270000.0,286958.97
44900.0,99160.375
188000.0,140177.81
649900.0,535236.5
420000.0,212655.55
219000.0,151588.4
1250000.0,1025079.0
249500.0,202932.4
90000.0,97893.46
495000.0,335406.84
295240.0,423282.56
260000.0,220824.19
130000.0,123254.375
70000.0,110875.2
170000.0,153763.42
590000.0,475074.6
199000.0,226269.5
79000.0,113932.06
109000.0,128542.06
79900.0,66446.47
649900.0,535236.5
137000.0,119286.97
178934.0,182285.73
270000.0,296448.75
125000.0,127871.37
99000.0,112991.96
235000.0,242265.36
470000.0,341203.4
85000.0,94488.234
220000.0,139206.33
59000.0,76013.9
91000.0,122703.91
150000.0,109609.26
240000.0,288541.06
80000.0,109533.39
64000.0,112561.67
99000.0,98402.17
218000.0,188741.14
75000.0,79671.016
650000.0,581651.5
175000.0,187506.22
735000.0,767167.9
300000.0,350692.0
330000.0,251705.4
127000.0,164665.7
285000.0,383513.97
140310.0,156428.53
370000.0,344779.72
67000.0,96122.66
119000.0,113503.19
138000.0,163583.39
99000.0,257966.62
145000.0,114780.58
85000.0,115719.31
183000.0,153606.34
69000.0,82215.42
150000.0,129935.055
120000.0,92870.9
455000.0,244813.78
133004.0,144680.12
80000.0,93289.23
105000.0,114888.9
189000.0,177510.44
580000.0,321559.6
890000.0,967978.56
75000.0,100605.04
249000.0,281832.84
97499.0,97972.586
115000.0,101566.34
269000.0,245079.58
79000.0,117435.97
259000.0,233814.8
225000.0,337067.34
110000.0,201257.8
249000.0,319814.7
75000.0,101130.53
87000.0,107212.164
92326.0,107517.39
74900.0,113595.49
98000.0,113019.17
103800.0,99017.17
66000.0,95704.0
290000.0,212416.89
179000.0,269942.7
64000.0,86802.62
95000.0,106542.16
87000.0,137094.94
114000.0,147207.02
1300000.0,912961.7
420000.0,401967.78
438000.0,456392.56
215000.0,310126.1
420000.0,338552.03
189000.0,240871.77
158000.0,164345.8
90000.0,112926.53
76000.0,83210.67
186000.0,105531.38
73000.0,115861.9
220000.0,196584.55
95000.0,272524.53
249000.0,253481.89
95000.0,121888.625
115000.0,108458.23
220000.0,191805.0
130000.0,103461.49
560000.0,415870.16
124900.0,134949.36
58000.0,64805.95
209900.0,149367.22
430000.0,290463.34
300000.0,548359.56
95000.0,114813.72
120000.0,116706.81
73000.0,84241.42
72000.0,98069.53
133000.0,169474.64
165000.0,198536.62
290000.0,415870.16
299000.0,265845.66
120000.0,155613.6
195000.0,158416.45
65000.0,85536.77
150000.0,244737.95
450000.0,341754.56
194000.0,246665.06
75000.0,82329.98
185000.0,159119.88
165000.0,157479.84
180000.0,204651.88
42000.0,52551.637
290000.0,232749.7
140000.0,119476.23
159900.0,230762.16
259000.0,245079.58
190000.0,204489.34
130000.0,101985.54
149900.0,150138.02
144000.0,186344.45
95000.0,125177.016
66900.0,110292.516
130000.0,137059.7
70000.0,80116.78
75000.0,72290.12
690000.0,317136.7
225000.0,253316.89
115000.0,173757.27
179900.0,143638.52
399000.0,289178.97
260000.0,350690.97
195000.0,153027.61
100000.0,110927.77
165900.0,193149.95
240000.0,239919.42
55000.0,65121.81
62000.0,64749.344
125500.0,119570.03
680000.0,812302.56
165000.0,115175.016
115000.0,122383.36
520000.0,620864.6
280000.0,262807.3
440000.0,326929.75
305000.0,349058.94
199000.0,185446.36
195000.0,115235.52
98000.0,106213.39
115900.0,137485.52
59900.0,100023.125
59000.0,83453.484
95000.0,77603.414
165000.0,116808.664
155000.0,188788.48
77000.0,104443.57
75000.0,84440.55
222946.0,149135.47
138000.0,221299.66
55000.0,60748.605
295000.0,265071.53
310000.0,282584.56
170000.0,356082.62
173000.0,198925.27
266900.0,224663.61
69300.0,68491.7
115000.0,139486.03
490000.0,512957.22
420000.0,402693.84
69990.0,85433.305
98000.0,101224.125
195000.0,358566.62
105900.0,140102.4
105600.0,100277.984
220000.0,204657.36
160000.0,146313.78
660000.0,487424.2
155000.0,172902.73
313000.0,345108.7
115000.0,108467.56
140000.0,137207.06
150000.0,209376.78
198000.0,177228.31
570000.0,572922.25
94000.0,116754.95
111775.0,152795.5
156500.0,93322.805
57000.0,63433.414
112000.0,101517.55
165000.0,201376.7
78000.0,84045.62
165000.0,198486.88
230000.0,182223.9
110000.0,66308.14
125000.0,161680.48
34000.0,55532.766
95000.0,94488.234
105000.0,133485.89
148000.0,161193.95
124500.0,138907.42
960000.0,338478.34
45000.0,58111.18
355000.0,226533.58
197000.0,215982.8
250000.0,232380.17
75000.0,158422.77
64000.0,114481.68
195000.0,297850.8
30000.0,128707.38
73500.0,76487.36
89000.0,110403.56
270000.0,338380.9
66000.0,80696.11
65000.0,68429.1
108000.0,141056.28
100000.0,133707.48
195000.0,257239.83
199900.0,195879.81
70000.0,122215.42
65500.0,66150.82
320000.0,301618.28
70000.0,70806.125
85000.0,109742.28
295000.0,253481.89
110000.0,104899.26
129900.0,134669.75
215000.0,264948.34
210000.0,161937.33
210000.0,179467.77
79900.0,124564.81
83300.0,102186.17
75000.0,72385.766
125000.0,109034.39
281000.0,232749.7
150000.0,171302.39
549000.0,593906.6
109000.0,117698.3
116000.0,95485.08
500000.0,217123.11
225000.0,130868.92
176000.0,183965.36
81000.0,95105.25
210000.0,175192.72
1300000.0,961706.1
59900.0,61887.234
95000.0,147242.78
198000.0,148387.36
980000.0,790789.5
165000.0,267613.97
74200.0,114711.9
74000.0,83023.945
75000.0,98485.0
83700.0,115950.35
350000.0,352367.1
240000.0,290167.8
1250000.0,593906.6
280000.0,545168.4
137000.0,139206.33
380000.0,332075.06
175000.0,221919.9
89000.0,98748.47
59000.0,69983.09
900000.0,856460.56
370000.0,293982.56
137500.0,207829.11
490000.0,871976.06
215000.0,270021.22
60032.0,88110.63
110000.0,183106.44
198000.0,205656.14
63000.0,105656.63
124000.0,188788.48
95000.0,126020.73
190000.0,103866.63
138000.0,116486.28
115000.0,122215.42
90000.0,63507.12
164900.0,187365.89
550000.0,499796.44
120256.0,112561.67
610000.0,682349.94
129000.0,151500.22
135000.0,109742.28
175000.0,169774.2
79034.0,133811.12
86000.0,90860.08
90000.0,119738.17
54000.0,84020.17
119900.0,135622.34
54900.0,52551.637
109000.0,112115.87
68750.0,88100.695
75000.0,98639.76
136500.0,99412.56
155000.0,105296.305
120000.0,140803.98
150000.0,108558.61
195000.0,221018.48
65000.0,72940.266
75000.0,120912.95
328000.0,155622.58
375000.0,301724.16
390000.0,292606.75
95000.0,120310.625
90000.0,76364.03
690000.0,428793.53
99000.0,184144.89
66900.0,67756.68
160000.0,140131.31
92000.0,56801.3
80000.0,69487.266
250000.0,220544.42
220000.0,205656.14
129000.0,135887.05
630000.0,744560.2
215000.0,304647.44
67000.0,83731.77
91000.0,142733.22
258000.0,338948.8
90000.0,107942.984
90900.0,137717.61
480900.0,292712.75
144000.0,186287.33
94000.0,85205.08
235000.0,152334.05
84900.0,113135.484
125000.0,147112.31
130000.0,186158.5
52000.0,52925.727
104000.0,112306.9
105000.0,133659.27
179000.0,238010.48
135000.0,133178.94
279000.0,313016.1
225000.0,379801.8
290000.0,163974.19
129900.0,86551.32
69000.0,135235.8
105000.0,105474.02
61129.0,88116.04
185000.0,138706.48
350000.0,222519.05
160000.0,83560.445
250000.0,260926.48
1300000.0,1051957.2
126442.0,151588.4
115000.0,112561.67
169000.0,221044.0
115000.0,158416.45
125000.0,145225.19
85000.0,119616.35
128000.0,129656.43
65000.0,63259.754
329000.0,316035.66
315000.0,220897.89
300000.0,325888.88
147000.0,136389.62
110000.0,109809.89
82000.0,125351.11
310000.0,228577.03
250000.0,213636.5
95000.0,118867.664
690000.0,941506.25
240000.0,309852.28
44000.0,53928.434
150000.0,174210.42
100000.0,153211.98
372000.0,274579.66
140800.0,106818.62
265000.0,233765.12
69500.0,66129.42
251400.0,188423.31
118000.0,125387.55
369000.0,337277.7
145000.0,161134.75
107000.0,110587.39
92000.0,111923.26
135000.0,158606.42
205000.0,222355.52
83000.0,98870.67
165000.0,205650.94
44000.0,87571.57
125000.0,156698.8
239000.0,322207.75
250000.0,353648.47
69900.0,103450.4
110700.0,106812.305
425000.0,344718.25
550000.0,670140.0
89900.0,115980.164
165000.0,192230.11
130000.0,99055.695
410000.0,449208.5
420000.0,325888.88
79000.0,77790.09
80000.0,84178.79
55000.0,66166.79
65000.0,91336.66
204000.0,191756.97
68000.0,84105.08
138000.0,134949.36
37000.0,73113.05
210000.0,180927.12
119000.0,198480.28
83000.0,78653.24
209900.0,198079.9
89500.0,98395.305
441000.0,439634.44
129999.0,158104.11
129000.0,169227.4
230000.0,225634.12
184000.0,215314.73
77000.0,112561.67
125000.0,108590.71
280000.0,365566.44
59000.0,73705.164
360000.0,285519.22
329900.0,357752.3
219000.0,197554.58
95000.0,122329.81
74500.0,83210.67
55000.0,150152.45
235000.0,189558.02
169000.0,145295.81
64128.0,87672.59
169000.0,264948.34
44999.0,75622.52
460000.0,384509.22
124000.0,137891.78
889000.0,921516.6
212000.0,246435.05
650000.0,235425.67
175000.0,199452.9
109500.0,111891.39
160000.0,169598.33
139000.0,130154.07
405000.0,343310.1
84000.0,102623.33
340000.0,316072.53
290000.0,315215.97
630000.0,562391.25
129000.0,134571.75
45000.0,96766.83
105000.0,105846.9
185000.0,167660.06
124900.0,136731.9
89000.0,110875.2
79000.0,105827.53
46000.0,81575.96
170000.0,226665.36
488000.0,243616.9
75000.0,63341.492
98000.0,131237.77
105000.0,184144.89
495000.0,561192.4
120000.0,148003.22
289000.0,195316.84
97000.0,138907.42
580000.0,343650.6
300000.0,280813.88
300000.0,306834.9
165000.0,148192.38
355000.0,330261.28
125000.0,101172.625
159000.0,141056.28
720000.0,528880.9
130000.0,153303.89
92000.0,105016.6
235000.0,158978.48
176000.0,134063.69
185000.0,135330.19
159900.0,184678.03
179000.0,137207.06
63900.0,94428.95
85000.0,121503.54
185000.0,130946.38
170000.0,179570.1
95000.0,144465.8
49500.0,77997.93
128000.0,226456.48
175000.0,181633.34
89000.0,81320.805
90000.0,124494.586
175000.0,228859.0
89000.0,109667.4
199000.0,391132.62
225000.0,299075.12
100000.0,89313.16
22495.0,63181.207
207248.0,166646.23
350000.0,397681.6
83000.0,85351.65
215000.0,240609.44
93000.0,61140.906
135000.0,216875.3
172000.0,178631.12
700000.0,412317.4
740000.0,455684.53
110000.0,120079.38
165000.0,172709.73
269000.0,237044.25
99900.0,174531.25
147000.0,144224.62
84000.0,99223.06
84300.0,61048.984
200000.0,442459.53
160000.0,138331.36
280000.0,475074.6
130000.0,111692.61
42000.0,73645.93
140000.0,192237.02
139000.0,196212.1
78000.0,64773.207
68000.0,91996.02
135000.0,229641.9
162000.0,181215.03
59900.0,66150.82
154000.0,138359.84
118000.0,148387.36
76600.0,108182.57
88000.0,77984.7
80000.0,121413.49
85000.0,118062.02
219900.0,182747.84
65000.0,74057.36
42000.0,52852.02
100000.0,100450.57
169000.0,178050.2
490000.0,468541.6
122000.0,127022.445
63700.0,91888.93
74900.0,99412.56
130000.0,137123.58
180000.0,320691.28
55000.0,80380.33
220000.0,179702.08
99500.0,140803.98
67500.0,87571.57
240000.0,189276.72
389000.0,345261.53
92000.0,97972.586
124500.0,131838.44
218262.0,159173.17
360000.0,279052.78
63000.0,81061.484
125000.0,114694.27
119000.0,107187.984
149000.0,174372.48
270000.0,269942.7
71000.0,54023.62
61000.0,90523.11
106000.0,92440.76
298000.0,233027.17
110000.0,120515.586
390000.0,373545.1
79900.0,91868.55
185000.0,186819.45
530000.0,441112.53
160000.0,124397.85
119000.0,113932.06
98000.0,117781.84
152000.0,118439.04
177000.0,183371.1
244600.0,170301.44
215000.0,143376.12
249000.0,299532.97
385000.0,240605.52
235000.0,190373.27
83000.0,111982.84
450000.0,509468.9
179000.0,421051.22
155000.0,184321.67
175863.0,164936.64
255000.0,307675.12
120000.0,131065.91
120000.0,129172.11
110000.0,133707.48
125000.0,156664.08
200000.0,236589.23
83999.0,104523.53
240000.0,257390.61
179000.0,154526.89
125000.0,158709.28
249000.0,220419.31
99000.0,118339.28
290000.0,336648.06
700000.0,537604.7
105000.0,119980.016
60000.0,68906.56
82000.0,117687.91
105000.0,137492.69
125000.0,148143.7
33600.0,52943.94
139000.0,146748.03
100500.0,115382.11
180000.0,345261.53
46180.0,93646.18
98000.0,99017.17
135000.0,115386.516
250000.0,351606.75
91000.0,85277.94
90000.0,107942.984
182000.0,264466.62
67500.0,136688.16
73000.0,77563.62
90000.0,103450.4
230000.0,111053.5
179000.0,242571.19
65000.0,88684.7
134900.0,127937.07
260000.0,312060.8
389000.0,222873.12
131100.0,133045.92
149000.0,187372.27
55000.0,52852.02
65000.0,158902.08
69900.0,93331.02
209000.0,169728.84
335000.0,274831.88
120000.0,133704.44
135000.0,120470.64
79900.0,124491.11
340000.0,235425.67
259000.0,224663.61
360000.0,249034.98
129900.0,114647.555
540000.0,318401.12
100000.0,113097.836
150000.0,156931.2
115000.0,98930.88
149900.0,123857.2
190000.0,177009.62
80000.0,72958.96
35397.0,58111.18
115000.0,128631.055
80000.0,107517.39
63000.0,76013.9
174000.0,203087.81
78000.0,98084.05
189900.0,143638.52
92000.0,82143.51
275000.0,286294.75
209000.0,211323.88
58000.0,103801.07
195000.0,143376.12
84000.0,94901.62
118000.0,94965.86
96000.0,63259.754
75000.0,62049.547
174250.0,199794.02
139900.0,149154.3
158400.0,166183.12
126000.0,117996.625
110000.0,134175.6
460000.0,543454.4
485000.0,346989.22
96800.0,108042.38
73000.0,108475.88
130000.0,154150.62
84000.0,85536.77
250000.0,146677.56
220000.0,128047.87
426000.0,332839.25
455000.0,593906.6
132000.0,111849.4
74900.0,110712.375
160000.0,140102.4
175000.0,154464.45
229000.0,205704.47
479000.0,249311.05
195000.0,242973.28
195000.0,246688.28
34000.0,52943.94
270000.0,326042.5
110000.0,121653.75
115000.0,124297.47
95000.0,86508.07
220000.0,226961.45
265000.0,213160.22
81000.0,74887.47
210000.0,192330.66
295000.0,242354.89
264000.0,233765.12
67000.0,84616.87
75000.0,103866.63
124500.0,199405.77
113500.0,98944.38
57000.0,54875.3
132400.0,134895.95
55000.0,170826.62
180000.0,147061.64
1452000.0,763343.3
190800.0,177228.31
250000.0,327533.56
78000.0,85588.305
98000.0,132945.1
159000.0,294417.47
415000.0,549767.25
230000.0,169972.5
115000.0,118107.555
540000.0,341126.97
72550.0,105908.164
97650.0,99858.266
194000.0,180028.78
139900.0,133672.95
93000.0,112421.6
80543.0,96766.83
140000.0,144224.62
262568.0,385016.84
167000.0,114481.68
96000.0,102075.77
105000.0,106093.77
115000.0,116937.75
140000.0,126324.086
210000.0,192239.98
118000.0,161641.5
50000.0,67452.164
140000.0,141164.83
175000.0,210037.34
295000.0,271500.06
120000.0,122406.836
165000.0,131874.66
820000.0,418787.28
49000.0,85923.086
125000.0,114515.97
115000.0,139157.2
113000.0,95747.72
100000.0,127845.15
195000.0,243789.53
59980.0,103895.94
180000.0,144722.05
220000.0,236426.72
87000.0,100002.76
95000.0,107212.164
259000.0,307372.06
140000.0,122443.34
115000.0,222042.84
157000.0,156765.98
110000.0,134957.98
190000.0,186052.38
119000.0,118386.36
115000.0,113097.836
710000.0,755269.5
299900.0,316035.66
399000.0,350876.22
226900.0,171847.55
949000.0,475074.6
120000.0,121580.04
699000.0,723428.44
164000.0,226456.48
120000.0,102850.71
180000.0,209104.86
74000.0,93198.0
85000.0,93610.83
97000.0,111891.39
200000.0,271026.8
67000.0,69226.9
250000.0,186718.66
120000.0,115270.85
570000.0,596113.3
165000.0,132645.03
175000.0,168128.64
137000.0,109578.484
174000.0,178062.11
72000.0,66455.74
100000.0,147679.86
70000.0,105625.766
84000.0,89340.445
230000.0,188408.02
138000.0,134949.36
89000.0,103484.53
159900.0,159922.47
52000.0,54512.062
215000.0,190183.2
250000.0,145825.14
132000.0,154150.62
349000.0,245492.92
95000.0,113761.125
300000.0,365526.12
124000.0,88571.81
140000.0,108355.63
160000.0,154672.0
85000.0,107709.586
190000.0,153749.45
140000.0,142321.47
180000.0,371807.9
170000.0,128359.86
168500.0,148387.36
49980.0,82592.7
63000.0,86010.1
55000.0,75555.34
125000.0,152387.03
259000.0,314181.9
369900.0,357752.3
149000.0,179684.67
159000.0,202321.45
135000.0,122215.42
84000.0,112857.98
165000.0,188177.23
61000.0,62678.133
200880.0,152846.62
90000.0,127868.11
188000.0,195901.56
670000.0,609866.6
309000.0,264948.34
80000.0,70524.984
46000.0,59600.375
395000.0,308176.16
120000.0,165589.62
200000.0,196346.17
89700.0,67539.32
83133.0,108355.63
119900.0,115382.11
84500.0,194102.48
110000.0,181816.19
134000.0,93602.17
115000.0,140872.97
115000.0,118386.36
210000.0,345261.53
164900.0,175106.34
650000.0,601972.4
640000.0,503237.22
75000.0,97394.46
118000.0,97548.55
278000.0,343903.94
100000.0,83277.07
68000.0,60678.883
135000.0,145295.81
75000.0,100558.25
137500.0,125727.58
74000.0,65920.9
258000.0,329373.62
114000.0,201295.42
250000.0,262520.84
112000.0,101894.13
187000.0,138831.81
135000.0,144569.38
160000.0,165905.9
145000.0,143236.06
130000.0,117035.28
1300000.0,801331.4
116800.0,96869.234
45000.0,63982.234
185000.0,241284.61
110000.0,152818.5
58177.0,100728.51
75000.0,66150.82
100000.0,118818.914
90000.0,98094.8
123900.0,151610.39
84000.0,93331.02
68300.0,79904.5
73899.0,73014.68
450000.0,428072.94
489250.0,386393.22
64765.0,99160.375
539000.0,701273.7
88763.0,98965.36
170000.0,171248.3
45150.0,69899.56
183000.0,137207.06
130000.0,272288.0
280000.0,252108.34
85000.0,101243.97
52500.0,68528.42
780000.0,938018.7
81000.0,80895.51
65000.0,58114.184
395000.0,260669.5
360000.0,228297.61
290000.0,201738.17
79900.0,123934.41
97612.0,106491.66
155000.0,115623.99
300000.0,350692.0
75000.0,69861.125
328000.0,512609.38
190000.0,142227.19
200000.0,173012.92
99500.0,117831.86
105000.0,96500.6
89000.0,95105.25
199000.0,188780.27
132000.0,137207.06
298000.0,297687.2
50000.0,75700.59
52500.0,72153.625
39440.0,52943.94
138500.0,181431.6
318600.0,295305.7
235000.0,191663.34
315000.0,294383.2
170000.0,139443.31
137000.0,143095.67
148000.0,133811.12
245000.0,222581.42
163000.0,179702.08
74900.0,133211.62
92000.0,98812.19
265000.0,277745.22
790000.0,710833.75
109000.0,124449.05
212000.0,206584.75
143000.0,108558.61
580000.0,455684.53
58000.0,79006.42
103405.0,150274.48
196000.0,230047.6
250000.0,216955.52
73500.0,83705.22
249000.0,203142.02
265000.0,420250.34
244000.0,242430.28
159000.0,175499.45
90000.0,86072.66
92900.0,105307.04
100000.0,81923.88
147900.0,118892.45
92000.0,102867.79
61250.0,93537.12
120000.0,134949.36
493000.0,243616.9
145000.0,97659.19
206000.0,345261.53
117000.0,97028.1
119000.0,139354.6
95000.0,126324.086
110000.0,104467.65
119000.0,102068.56
1300000.0,896822.25
77000.0,101635.64
77000.0,87811.87
162000.0,180085.6
80500.0,63259.754
164500.0,136758.25
85000.0,94965.86
335000.0,265544.72
58000.0,62135.465
199000.0,194273.81
134000.0,137059.7
170000.0,177285.12
169000.0,160630.56
175000.0,171852.5
135500.0,170494.72
95000.0,91747.37
65000.0,88697.72
210000.0,195502.77
310000.0,197964.83
143000.0,113452.69
185000.0,142733.22
174000.0,264466.62
182000.0,364855.75
90000.0,98870.67
318000.0,367004.62
98000.0,113088.695
230000.0,178795.11
65000.0,102733.875
128000.0,108129.664
125000.0,113589.64
385000.0,393353.38
196000.0,179214.42
750000.0,483751.7
450000.0,370358.97
112000.0,93144.37
249000.0,216163.6
89000.0,91541.805
95500.0,73376.33
95000.0,118186.19
220000.0,292712.75
105000.0,155548.88
72000.0,67220.27
80000.0,98914.15
430000.0,457080.5
125000.0,170501.73
115000.0,136753.39
445000.0,364159.3
188000.0,181119.58
80000.0,85351.65
102600.0,100202.73
115000.0,141662.4
192000.0,212523.08
375000.0,347487.72
110000.0,108739.78
165000.0,186461.45
109900.0,129356.97
86000.0,137603.42
225000.0,239744.81
100000.0,85770.83
367000.0,213346.4
139000.0,114201.34
229000.0,240325.3
149000.0,127022.445
650000.0,543039.8
120000.0,166872.6
115000.0,133401.69
68000.0,91389.2
180000.0,180291.1
200200.0,155916.66
169500.0,235123.25
245000.0,253637.75
83000.0,128646.74
60000.0,124973.93
75000.0,96426.65
150000.0,187103.31
52000.0,54420.14
290000.0,328994.72
74900.0,154966.61
78000.0,115880.28
115000.0,121579.32
98000.0,100204.27
104000.0,86497.805
170000.0,169931.62
156000.0,131875.94
135000.0,123254.375
100500.0,105628.63
125000.0,141164.83
105000.0,136702.3
388000.0,296409.72
100000.0,91755.92
53000.0,94447.734
72600.0,85032.61
295000.0,242354.89
370000.0,254367.36
198000.0,170301.44
85000.0,131674.83
69000.0,105111.805
86000.0,128473.3
168000.0,105531.38
375000.0,233225.53
75000.0,130013.43
75000.0,88170.64
155000.0,95665.14
260000.0,216308.56
205000.0,233559.73
168000.0,226456.48
49500.0,118894.92
147000.0,137544.25
250000.0,222873.12
120000.0,128047.87
168000.0,166911.19
173040.0,150274.48
121500.0,98879.5
200000.0,254172.94
85000.0,97116.555
175000.0,160027.84
105000.0,153606.34
139000.0,138491.11
96800.0,119793.49
115000.0,134658.64
1190000.0,1013198.06
140000.0,138916.86
125000.0,122698.555
77000.0,114463.53
185000.0,210665.33
269000.0,324282.97
950000.0,712897.0
113000.0,108789.984
51000.0,71492.01
61750.0,79730.18
640000.0,549084.94
149000.0,180461.58
480000.0,338540.34
67000.0,107159.55
250000.0,247646.92
109900.0,80012.64
225000.0,147974.88
125000.0,138395.88
105000.0,166141.27
154000.0,110947.65
171000.0,184138.98
135000.0,135986.17
99500.0,122447.72
104450.0,142963.39
920000.0,1013221.6
87800.0,169418.38
116000.0,84105.08
285000.0,278846.0
980000.0,353640.34
300000.0,251437.36
174000.0,154150.62
79900.0,113371.72
150000.0,142046.64
119000.0,117435.97
125000.0,98277.086
89000.0,106268.13
220000.0,299001.44
69500.0,82541.98
65000.0,85893.54
170000.0,119570.03
169990.0,212366.05
145000.0,161403.28
1350000.0,827844.94
115000.0,107922.7
109000.0,117509.766
170000.0,160138.08
45000.0,89851.17
340000.0,292334.2
190000.0,222609.95
175000.0,223479.36
235000.0,251803.05
138000.0,144680.12
280000.0,443073.97
99500.0,84701.375
115000.0,94306.74
690000.0,562101.75
228000.0,184766.9
1150000.0,725488.56
420000.0,377768.47
490000.0,439634.44
260000.0,241929.45
69900.0,82681.125
255000.0,231884.5
49000.0,120189.016
145000.0,133451.0
350000.0,355104.25
66600.0,103017.72
145000.0,132970.16
272588.0,268183.38
220000.0,172793.1
209000.0,288854.44
180000.0,128359.86
109000.0,140171.0
74900.0,110087.59
155000.0,201907.62
236000.0,294012.28
159800.0,125295.97
80000.0,99990.414
115000.0,233814.8
85000.0,151044.53
91800.0,102294.9
129000.0,120739.836
145000.0,150141.1
200000.0,215314.73
189000.0,175806.25
47000.0,58081.883
145000.0,131236.03
125000.0,110122.72
135000.0,116937.0
179000.0,123281.984
115000.0,171417.77
89000.0,77563.62
93050.0,78918.555
79000.0,81842.88
125000.0,139244.03
230000.0,207312.25
340000.0,228228.83
73000.0,64055.94
65000.0,71755.0
150000.0,166872.6
85000.0,77154.85
78000.0,136688.16
145000.0,123857.2
110000.0,102733.875
65000.0,79671.016
70000.0,96426.89
130000.0,148387.36
230000.0,228205.42
49000.0,67539.32
67000.0,93601.61
290000.0,213346.4
250000.0,164064.33
128250.0,108632.32
350000.0,461223.0
84900.0,101157.9
89900.0,109265.1
111453.0,105827.53
115000.0,161102.05
489250.0,386393.22
79000.0,146177.38
115000.0,112231.77
165000.0,256779.89
130000.0,106542.16
1300000.0,896822.25
47000.0,90523.11
125000.0,98064.11
69500.0,80068.516
87000.0,89910.55
119000.0,155069.44
62000.0,58683.758
240000.0,269955.78
387000.0,370287.8
290000.0,321559.6
54000.0,71842.26
120250.0,136570.45
82000.0,85285.35
50000.0,124617.89
180000.0,175668.47
120000.0,126141.664
120000.0,109656.97
360000.0,367387.44
157500.0,144680.12
1300000.0,936614.4
149000.0,206822.9
127000.0,172202.55
160000.0,136985.64
105000.0,143807.08
82000.0,100208.85
350000.0,510283.94
290000.0,348073.8
110000.0,112561.67
65000.0,98228.75
189000.0,181125.69
420000.0,475074.6
215000.0,215314.73
111000.0,149135.92
105000.0,117698.3
650000.0,780341.3
205000.0,268183.38
159000.0,152391.33
600000.0,336211.6
189000.0,298524.0
60900.0,73727.73
195000.0,181633.34
230000.0,303839.9
82000.0,92265.7
93000.0,99114.76
129000.0,109604.67
110000.0,118386.36
99500.0,108029.56
169000.0,311398.53
160000.0,145373.56
115000.0,116452.09
70000.0,79671.016
230000.0,270866.7
290000.0,217619.89
235000.0,233225.53
360000.0,325888.88
250000.0,284667.16
79900.0,118867.664
86500.0,83752.56
199000.0,243715.89
268000.0,221919.9
94000.0,108558.61
104000.0,136684.55
72000.0,100296.016
150000.0,148286.52
310000.0,394567.1
78000.0,117841.43
75000.0,114341.61
115000.0,108789.984
92000.0,87118.625
295000.0,239739.02
115000.0,112561.67
170000.0,202281.7
235000.0,286041.56
58900.0,88096.1
73900.0,108467.56
250000.0,289722.72
239000.0,228633.84
85000.0,124566.41
109900.0,123162.21
220000.0,299632.72
195000.0,232255.64
500000.0,376567.12
114000.0,127273.37
225000.0,281638.97
122194.0,143376.12
275000.0,136684.55
100000.0,101427.3
329000.0,279050.12
99000.0,85770.83
127900.0,137207.06
850000.0,867895.7
59500.0,72569.68
120000.0,148142.1
220000.0,353801.22
179500.0,200427.8
114876.0,110196.43
220000.0,258382.34
126000.0,134334.36
285000.0,359109.9
135000.0,184895.83
140000.0,152846.62
540000.0,397364.22
218000.0,167154.0
88000.0,103017.72
510000.0,450718.53
83000.0,92171.46
204000.0,152829.67
327000.0,271384.75
185000.0,166946.3
155000.0,205367.73
90000.0,103017.72
180000.0,181491.06
195000.0,175542.25
368000.0,252108.34
45150.0,69899.56
330000.0,270572.06
105000.0,98363.4
55000.0,62421.5
139900.0,174065.39
460000.0,461972.7
110000.0,126136.836
178000.0,225560.42
155000.0,155817.31
195000.0,144680.12
289000.0,254449.9
589000.0,938018.7
300000.0,143048.39
105740.0,112995.19
550000.0,510376.28
55000.0,62421.5
65000.0,71158.23
175000.0,246402.17
350000.0,417047.47
100000.0,108534.81
110000.0,107473.3
169000.0,191033.4
79000.0,82265.38
240000.0,163007.2
195000.0,314954.28
515000.0,525198.5
230000.0,153335.67
118000.0,105296.305
39000.0,78527.055
290000.0,345528.88
249000.0,171757.27
105000.0,139310.42
113329.0,112362.82
179000.0,133262.72
150000.0,133451.0
73000.0,95178.96
135000.0,118107.555
160000.0,181659.73
85000.0,92788.28
355000.0,296522.44
73000.0,88096.1
75000.0,92371.52
132000.0,135292.8
320000.0,277725.4
169098.0,292628.03
99000.0,100225.64
160000.0,138946.98
160000.0,245817.33
150000.0,186819.45
190000.0,175499.45
150000.0,205650.94
139900.0,237612.92
560000.0,741027.94
120000.0,101561.93
569000.0,532077.94
92000.0,113932.06
130000.0,100225.64
328600.0,256058.02
159000.0,168072.38
168000.0,129197.42
120000.0,111637.4
155000.0,141340.45
98000.0,96153.82
435000.0,422215.22
159000.0,145475.11
185000.0,178293.94
180000.0,148376.83
179000.0,207228.22
135844.0,144680.12
158000.0,296313.84
148000.0,205656.14
230000.0,288398.8
815000.0,535236.5
87900.0,87110.6
115000.0,149210.73
73000.0,124628.42
255900.0,540541.7
75000.0,80833.3
164000.0,146052.11
285000.0,243415.67
280000.0,240258.39
206000.0,149755.48
410000.0,314292.22
115000.0,152846.62
123600.0,119395.875
149000.0,176646.73
164900.0,216722.16
450000.0,674586.9
300000.0,333989.06
210000.0,275245.22
69000.0,58611.39
72000.0,84378.914
180000.0,233225.53
450000.0,427605.12
92000.0,86486.87
129000.0,118006.9
79500.0,135235.8
75000.0,95506.016
139000.0,140177.81
392000.0,375632.2
66238.0,57133.18
300000.0,367429.2
89000.0,108278.08
149000.0,135292.8
75000.0,69741.445
126000.0,216726.6
396000.0,476032.16
149000.0,169418.38
95000.0,92853.55
65000.0,95928.586
65000.0,75159.42
105000.0,92153.0
45000.0,63941.973
105000.0,135222.34
290000.0,287509.97
142000.0,247787.92
140000.0,103866.63
96000.0,97899.38
320000.0,368667.22
599000.0,339964.44
118000.0,146815.72
141000.0,170990.22
335000.0,381208.94
75260.0,99424.51
78000.0,84045.62
480000.0,466839.84
48000.0,67452.164
161000.0,171248.3
79000.0,75031.93
225000.0,170074.22
195000.0,131533.17
359900.0,277359.47
110000.0,136434.31
79900.0,76287.414
90000.0,84701.375
350000.0,265532.78
88000.0,91096.3
158000.0,214031.36
102000.0,85477.31
85000.0,120189.016
449500.0,376956.34
120000.0,104239.84
162042.0,147712.27
390000.0,287154.1
120000.0,156901.61
340000.0,260848.4
147000.0,142733.22
338000.0,327044.9
330000.0,233144.08
135000.0,109265.1
110000.0,123235.92
205000.0,166557.34
135000.0,188788.48
380000.0,282001.2
638000.0,556560.06
209000.0,146677.56
115000.0,214628.05
235000.0,235477.36
52000.0,52852.02
127862.0,133262.72
49000.0,138137.72
280000.0,272778.34
198000.0,206818.05
125000.0,74073.516
100000.0,108355.63
105000.0,100650.984
600000.0,393353.38
197000.0,213690.36
99500.0,106491.66
84900.0,94240.414
420000.0,315027.97
125000.0,121748.92
148000.0,123078.125
390000.0,236221.58
296200.0,301618.28
308000.0,315325.34
158000.0,123078.125
259000.0,406152.84
150000.0,178525.78
254500.0,219364.06
94000.0,107225.53
148000.0,125074.14
85000.0,103828.28
86900.0,107942.984
130000.0,105846.9
187000.0,177031.98
122000.0,128719.805
195000.0,184144.89
99000.0,117368.65
189000.0,160553.39
335000.0,346557.4
89500.0,100596.234
199000.0,204748.45
370000.0,307416.38
150000.0,136230.25
478000.0,417748.3
199000.0,199558.33
140000.0,138907.42
126500.0,129895.81
95000.0,115376.21
450000.0,344263.9
119000.0,149456.89
96000.0,112926.53
260000.0,275828.44
1200000.0,965515.7
99000.0,130154.07
139000.0,141164.83
225000.0,234861.7
250000.0,249262.69
150000.0,126006.375
68900.0,100054.34
228000.0,179743.1
160000.0,394277.28
1290000.0,1036574.5
189000.0,146677.56
110000.0,124097.51
270000.0,193548.34
90000.0,126582.64
120485.0,147641.16
50000.0,54875.3
135000.0,206818.05
45150.0,69899.56
137000.0,146677.56
380000.0,269375.75
135000.0,124568.305
190000.0,220543.47
89000.0,95500.484
207000.0,254960.31
260000.0,317170.12
240000.0,150790.64
125000.0,152334.05
114900.0,114780.58
69000.0,97548.55
75000.0,191663.34
1050000.0,943253.6
66000.0,80428.48
229000.0,142227.19
65000.0,86547.91
1250000.0,972642.9
90000.0,108739.78
240000.0,206338.25
119900.0,114348.66
109000.0,108739.78
55000.0,88571.81
69900.0,90116.4
170000.0,184144.89
68000.0,97116.555
1200000.0,1025846.0
64765.0,99160.375
95000.0,107212.164
66500.0,70435.69
340000.0,352367.1
88000.0,170019.2
215000.0,166183.12
74000.0,68657.52
210000.0,130260.89
349000.0,245492.92
88000.0,165470.23
114900.0,142306.7
850000.0,479946.0
79500.0,98870.67
225000.0,296448.75
130600.0,120470.64
165500.0,190993.7
219000.0,216019.06
360000.0,153032.12
210000.0,206886.5
260000.0,292176.5
269000.0,233765.12
230000.0,218090.61
99000.0,113097.836
79000.0,95671.91
108000.0,113452.69
139900.0,111032.07
168000.0,124648.64
105000.0,105311.78
235000.0,244264.75
99000.0,174439.77
75000.0,105703.914
75000.0,57206.887
144570.0,133837.7
320000.0,305277.53
110000.0,140803.98
200000.0,227556.95
149000.0,103097.33
100000.0,106039.91
315000.0,352367.1
75000.0,150274.48
790000.0,562101.75
540000.0,833943.25
468000.0,534480.9
153000.0,127190.05
129000.0,177358.83
550000.0,477461.6
75000.0,65674.375
41900.0,54420.14
85000.0,87127.04
150000.0,188017.61
85000.0,98021.914
149900.0,114201.34
130000.0,168072.38
219900.0,258388.48
76500.0,166872.6
76000.0,114780.58
200000.0,232255.64
131941.0,112716.02
620000.0,174232.19
168000.0,146313.78
270000.0,247021.4
450000.0,372873.03
74000.0,66166.79
650000.0,583622.25
53000.0,60563.137
78000.0,94488.234
200000.0,324807.53
120000.0,113595.49
175000.0,223070.98
73000.0,82135.29
150000.0,109369.49
98500.0,137418.98
160000.0,153448.33
77000.0,88096.1
59000.0,56813.766
179000.0,150502.27
265000.0,137207.06
49900.0,52852.02
64900.0,135291.27
130000.0,155295.08
330000.0,345652.2
102000.0,170342.83
69900.0,90449.4
307000.0,318879.72
395000.0,370287.8
195000.0,169418.38
130000.0,119570.03
278000.0,168146.08
127000.0,127482.87
89000.0,104523.53
125000.0,125387.55
600000.0,471969.2
75000.0,103606.445
70000.0,67052.55
240000.0,189268.78
263000.0,284219.9
900000.0,794189.75
385000.0,264399.03
34759.0,93969.55
670000.0,525565.4
340000.0,345261.53
125000.0,98917.85
105000.0,101470.01
103000.0,123558.305
310000.0,144224.62
85000.0,116452.09
103627.0,98689.31
345000.0,235209.31
195000.0,203529.7
163000.0,136811.8
120000.0,130685.59
245000.0,221919.9
146490.0,168015.56
146000.0,205582.12
740000.0,564705.0
105000.0,80970.37
79900.0,142198.44
99000.0,117698.3
182000.0,269332.78
89000.0,137791.4
190000.0,181633.34
145000.0,104250.71
148000.0,207966.34
130000.0,120551.29
155000.0,159675.11
116000.0,118768.34
110000.0,169735.12
295000.0,311398.53
840000.0,824253.75
165000.0,139223.05
85000.0,98745.58
249900.0,198961.08
68000.0,124442.836
23500.0,99689.5
169000.0,146819.17
164000.0,143376.12
77000.0,68971.016
39000.0,52551.637
639000.0,527764.6
155000.0,172813.97
135000.0,83136.96
68000.0,166872.6
1170000.0,912961.7
180000.0,178852.2
1200000.0,548626.75
159000.0,171907.77
79000.0,91116.61
124705.0,166223.17
59000.0,216284.28
329000.0,222873.12
95500.0,93537.12
82000.0,86459.28
79900.0,93118.766
220000.0,143376.12
230000.0,345261.53
89999.0,89107.68
189200.0,233011.55
130000.0,194900.58
175000.0,159280.66
329000.0,289919.6
155000.0,190993.7
134000.0,110617.87
359000.0,281119.4
135000.0,147843.61
85000.0,93331.02
410000.0,483751.7
83000.0,73751.32
199000.0,199346.55
115000.0,97860.44
230000.0,131764.73
690000.0,754876.4
125000.0,151903.14
290000.0,315182.88
79000.0,100596.234
85000.0,120189.016
136000.0,276666.62
1450000.0,918298.06
139000.0,137387.58
165000.0,214749.66
280000.0,249087.19
127893.0,108435.89
280000.0,227672.66
80000.0,102560.01
90000.0,104250.71
225000.0,237626.25
375000.0,575077.0
129000.0,125379.68
93000.0,81059.53
99900.0,98530.516
80000.0,109400.305
138000.0,139720.03
129900.0,114647.555
190000.0,181619.17
185000.0,283491.97
75000.0,84680.77
99500.0,126990.48
129000.0,157803.25
87000.0,153293.69
220000.0,169357.67
180000.0,258388.48
115000.0,126975.29
130000.0,119570.03
98000.0,118107.555
116000.0,121494.3
198000.0,215027.56
400000.0,415870.16
163000.0,232380.17
650000.0,439634.44
300000.0,300132.34
235000.0,230762.16
199000.0,269942.7
76000.0,122731.18
179635.0,142733.22
115000.0,163216.8
109000.0,108739.78
85000.0,99107.71
431288.0,411733.5
90000.0,76195.98
120000.0,163811.83
850000.0,375631.9
65000.0,86846.92
66200.0,136688.16
98000.0,121413.49
199500.0,300766.8
295000.0,197862.12
78000.0,221299.66
65000.0,112243.93
200000.0,283491.97
360000.0,188173.12
130000.0,117948.69
75000.0,94101.24
205000.0,208535.39
159000.0,169065.48
139500.0,226456.48
164900.0,179202.19
54000.0,93331.02
249900.0,258177.03
168000.0,203330.33
140000.0,246000.1
129000.0,175542.25
138400.0,133765.75
280000.0,180990.08
139000.0,117986.805
152000.0,217844.58
100000.0,105625.766
178000.0,157496.62
280000.0,180408.64
125000.0,106524.81
540000.0,378007.7
129000.0,152057.61
187000.0,219356.72
95000.0,133811.12
314000.0,352612.12
550000.0,366151.16
185000.0,145373.56
107000.0,98756.45
159900.0,207228.22
155000.0,152854.66
220000.0,195871.17
580000.0,293347.38
118000.0,145253.23
250000.0,294452.66
88990.0,117379.38
179800.0,178802.06
110000.0,108355.63
160000.0,128224.734
207000.0,138843.45
265000.0,189603.06
164000.0,159122.1
225000.0,143618.52
215000.0,253711.45
360000.0,292606.75
300000.0,314292.22
300000.0,271311.06
292052.0,264796.4
240000.0,197166.22
287000.0,202765.45
135000.0,139354.6
165000.0,128798.48
249000.0,305332.6
170000.0,178525.78
71000.0,103579.42
65000.0,196821.03
995000.0,691537.0
375000.0,222293.69
90000.0,88571.81
215000.0,233765.12
118250.0,125295.97
78000.0,99718.37
198000.0,245118.03
608862.0,475074.6
349000.0,336648.06
134999.0,125415.48
72000.0,63664.55
285000.0,252108.34
128000.0,177089.78
73000.0,108467.56
88000.0,113318.07
160000.0,118892.45
155000.0,184905.72
99000.0,111858.02
79500.0,67458.125
95000.0,111370.05
115000.0,139981.22
160000.0,155736.75
33350.0,59524.848
225000.0,247774.95
124000.0,105159.055
109000.0,111891.39
120000.0,104917.28
189000.0,251236.66
90000.0,144680.12
69000.0,88758.414
320000.0,635722.6
230000.0,219610.53
215000.0,193201.53
120000.0,128047.87
160000.0,171611.58
75000.0,59432.84
320000.0,179796.14
75000.0,96338.73
268000.0,251639.75
65000.0,76890.62
550000.0,465017.56
120000.0,141749.33
180000.0,225926.3
55000.0,72182.39
158000.0,137207.06
240000.0,316035.66
425000.0,271311.06
145000.0,226422.22
126900.0,103866.63
179000.0,220282.06
170000.0,161115.22
282851.0,253481.89
135000.0,157892.05
500000.0,297775.22
155000.0,115767.53
185000.0,143579.0
89000.0,120551.29
110000.0,119672.71
126000.0,114083.07
159000.0,119476.23
69000.0,74666.81
580000.0,890714.1
130000.0,150426.7
73000.0,133164.16
119000.0,136008.92
195000.0,235425.67
89900.0,129356.97
165000.0,182888.95
79000.0,119616.35
94000.0,233814.8
128000.0,140177.81
279000.0,241393.4
145000.0,147906.17
85000.0,98925.99
58000.0,56871.668
385000.0,357533.06
150000.0,222609.95
99000.0,101386.4
72000.0,74205.09
118000.0,188297.1
325000.0,223467.61
299000.0,294083.53
199000.0,138961.89
125000.0,165664.9
179000.0,519689.22
80000.0,62786.438
110000.0,115316.85
350000.0,505059.2
205000.0,189087.95
1100000.0,1018976.25
135000.0,128473.3
134090.0,154150.62
125000.0,209550.31
389000.0,407057.62
39900.0,52852.02
89000.0,112884.04
295000.0,320170.0
450000.0,425366.44
189200.0,233011.55
135000.0,148286.52
185000.0,148387.36
285000.0,282001.2
332000.0,310507.97
69000.0,54023.62
220000.0,140822.88
285000.0,305773.97
245000.0,191737.05
115000.0,115889.85
124000.0,108950.555
92475.0,110912.08
75000.0,88758.414
170000.0,149078.98
64000.0,63169.31
43500.0,52551.637
60000.0,94209.43
185000.0,233814.8
56000.0,106585.22
195000.0,324807.53
299000.0,144224.62
86000.0,83453.484
140000.0,181582.67
220000.0,152202.05
130000.0,118107.555
159500.0,148189.05
139000.0,145295.66
115000.0,144389.4
119000.0,109605.75
56900.0,58081.883
62000.0,86547.91
550000.0,571353.4
190000.0,110605.87
186000.0,153448.33
155000.0,156807.22
112000.0,188863.83
260000.0,192464.56
220000.0,219356.72
295000.0,325547.97
82000.0,98360.48
260000.0,281891.2
145000.0,142227.19
69000.0,84241.42
72000.0,181633.34
135000.0,107981.74
89900.0,138946.05
140000.0,107922.7
110000.0,91336.66
139000.0,114492.97
530000.0,292606.75
65000.0,100728.51
107000.0,108888.92
79000.0,193943.27
237000.0,267237.84
139000.0,116820.484
220000.0,193201.53
144000.0,141884.42
760000.0,364814.22
86000.0,71768.52
170000.0,287723.4
950000.0,629346.56
470000.0,228205.42
445000.0,553636.4
89000.0,105110.875
135600.0,125559.01
298000.0,301568.22
319900.0,309852.28
520000.0,608656.44
245000.0,222069.7
170000.0,173916.08
89000.0,96016.51
244500.0,198088.03
185000.0,275318.9
54000.0,87571.57
199900.0,197292.08
55000.0,111781.4
249000.0,160756.06
364000.0,308325.78
64900.0,112891.5
420000.0,198902.5
1350000.0,1073235.1
229000.0,270061.22
220000.0,143662.78
130000.0,146345.06
65000.0,101623.03
320000.0,698762.75
165000.0,208122.7
128000.0,138357.55
71000.0,93215.06
295000.0,316072.53
95000.0,113481.81
160000.0,149493.69
215000.0,203456.0
145000.0,140372.23
570000.0,379999.6
67000.0,64691.47
190000.0,219323.25
70000.0,54720.668
123000.0,101686.85
330000.0,229096.9
119000.0,133451.0
130000.0,171302.39
450000.0,369589.1
148000.0,152846.62
99000.0,108415.04
39900.0,52551.637
35000.0,53660.504
122000.0,118386.36
101050.0,120470.64
251000.0,297687.2
450000.0,371168.47
125000.0,134949.36
1050000.0,629346.56
71000.0,66145.734
72000.0,114481.68
159000.0,221721.9
389000.0,370287.8
140000.0,174531.25
110000.0,156458.86
135000.0,109602.21
195000.0,153854.48
620000.0,801331.4
117000.0,117604.25
139000.0,255322.44
400000.0,511372.12
135000.0,106268.13
72000.0,99381.73
55000.0,75091.09
1000000.0,738179.2
75000.0,93610.83
277300.0,241466.34
85000.0,76487.36
580000.0,769275.6
84000.0,89340.445
139000.0,122401.83
142000.0,132979.58
286624.0,217755.39
114000.0,185068.97
72000.0,61048.984
199500.0,282740.2
250000.0,286360.47
290000.0,317662.1
138000.0,154274.1
89000.0,64787.734
149000.0,180416.78
89900.0,99955.71
98000.0,99399.92
630000.0,525565.4
620000.0,501609.03
133000.0,124642.016
160000.0,142027.56
60000.0,80606.07
72000.0,74795.9
175000.0,184144.89
370000.0,294408.62
290000.0,307500.1
350000.0,255322.44
178000.0,289030.12
142000.0,163680.47
170000.0,232461.08
162500.0,136758.25
897000.0,325888.88
357000.0,457626.94
150000.0,158506.05
85000.0,107171.836
159900.0,214425.72
155000.0,135439.23
69000.0,94488.234
165000.0,244814.81
90700.0,275102.53
125000.0,119476.23
1200000.0,899360.2
80000.0,84068.16
69000.0,62944.973
225000.0,299075.12
51900.0,77551.2
179000.0,211815.22
145000.0,269978.2
60000.0,98378.82
115000.0,107869.27
134900.0,123346.3
49000.0,75905.37
210000.0,281485.56
199000.0,157934.66
175000.0,166183.12
272800.0,298624.34
253100.0,386406.53
79000.0,98862.08
121380.0,223980.84
189000.0,197618.03
630000.0,502374.44
85000.0,83202.414
62900.0,72562.13
175000.0,207246.47
430000.0,512782.88
82000.0,103156.02
275000.0,145825.14
180000.0,216019.06
240000.0,192493.95
310000.0,283973.72
199000.0,195879.81
188546.0,213362.25
305000.0,349323.9
107000.0,74641.37
179000.0,212777.38
42000.0,54420.14
64000.0,60808.574
299000.0,283062.1
69000.0,135235.8
175000.0,158978.48
190000.0,157496.62
169700.0,147354.45
135000.0,178525.78
720000.0,682999.1
205000.0,114780.58
220000.0,275598.66
750000.0,698762.75
499000.0,475074.6
78000.0,83831.09
89000.0,88110.63
85300.0,272288.0
33000.0,103646.99
229000.0,138331.36
450000.0,298253.7
109000.0,101909.83
159000.0,131246.95
275000.0,178525.78
79000.0,90598.13
115000.0,121206.82
490000.0,352367.1
502000.0,709580.06
49000.0,61844.17
92000.0,178702.11
105000.0,126582.64
170000.0,237773.77
70000.0,90602.19
100000.0,153606.34
192000.0,137791.4
92000.0,94901.62
349000.0,633784.0
310000.0,362867.97
59800.0,64773.207
125000.0,231962.86
490000.0,325888.88
130000.0,144680.12
79000.0,105936.32
155000.0,134949.36
75000.0,86171.98
88000.0,81834.586
170000.0,96630.61
69000.0,68364.67
128000.0,136674.23
77500.0,81248.664
66000.0,75013.45
98000.0,131568.25
80500.0,87072.44
262395.0,182204.55
98000.0,124865.484
65000.0,83303.195
115000.0,115980.164
220000.0,174926.03
150000.0,193936.22
206400.0,165342.23
75000.0,121410.87
169000.0,139733.33
97000.0,89135.44
95000.0,185080.61
137500.0,207829.11
67900.0,72569.68
159000.0,170674.3
82000.0,101387.31
104900.0,113596.91
280000.0,224663.61
144900.0,143638.52
148000.0,133703.8
143000.0,198765.5
68000.0,132802.72
98000.0,109809.89
178000.0,129574.48
25750.0,59101.117
192000.0,182615.16
49900.0,130685.59
299000.0,407073.97
105000.0,117948.69
99094.0,111891.39
198000.0,210768.98
80000.0,62211.555
250000.0,265437.38
62000.0,106468.445
148000.0,141235.23
69000.0,57294.758
136900.0,150267.02
114000.0,81916.59
140000.0,110004.2
190000.0,155228.83
141704.0,133045.92
120000.0,119048.49
105000.0,124171.22
300000.0,178802.06
270000.0,242367.14
225000.0,310176.3
560000.0,397681.6
198000.0,216644.23
180000.0,228008.2
350000.0,217123.11
124400.0,134949.36
95000.0,107869.27
65000.0,178652.1
48000.0,60803.094
185000.0,153606.34
84000.0,84197.0
110000.0,103995.54
70000.0,76743.61
70000.0,81068.27
510000.0,341126.97
95000.0,84616.87
182000.0,314954.28
185000.0,182285.73
72000.0,56463.49
96000.0,109300.97
65000.0,67146.38
420000.0,513766.84
79000.0,132009.73
120000.0,123365.32
379900.0,374363.8
263000.0,199795.34
74000.0,101172.625
179900.0,191663.34
134000.0,153916.02
78000.0,85186.03
74000.0,107212.164
69000.0,83598.07
299000.0,341835.22
72000.0,89582.69
90000.0,108355.63
199469.0,172348.6
360000.0,337992.34
174940.0,159531.89
104900.0,123503.13
850000.0,519968.66
145000.0,133178.94
129900.0,127845.15
100000.0,131923.45
175000.0,215213.11
90000.0,132240.48
123000.0,115386.516
80000.0,116754.95
115000.0,108029.56
570000.0,684956.25
48000.0,64592.133
270000.0,330229.78
142000.0,141043.03
98000.0,139170.2
375000.0,525565.4
95000.0,99932.14
119000.0,125718.445
970000.0,819827.7
280000.0,212366.05
140000.0,191142.5
145000.0,142233.0
84900.0,115950.35
144000.0,158799.95
110000.0,144637.75
840000.0,955530.56
88000.0,249387.98
63000.0,87143.47
80000.0,97394.46
200000.0,254172.94
79600.0,100598.91
189700.0,202707.72
85000.0,108558.61
165000.0,218098.02
115000.0,99055.695
220000.0,166469.53
63000.0,84793.484
298000.0,322262.88
105000.0,93118.766
185000.0,130616.81
75000.0,99932.14
104000.0,95006.96
85000.0,89404.44
59900.0,79805.18
47000.0,84574.81
125000.0,123078.125
119900.0,121043.195
121000.0,140171.0
198000.0,264515.1
390000.0,443575.06
204000.0,172719.39
135000.0,151500.22
139900.0,135002.67
277300.0,241466.34
105000.0,149787.52
69900.0,69020.3
150000.0,118892.45
112000.0,114939.25
290000.0,243415.67
489000.0,820381.7
1350000.0,890478.5
108000.0,104757.24
82000.0,86306.73
409500.0,399087.12
193000.0,169774.2
110000.0,105827.53
120000.0,139720.03
130000.0,154274.1
114000.0,101909.83
68711.0,99160.375
129000.0,97937.734
114900.0,145302.3
100000.0,101909.83
189900.0,173535.5
77000.0,64462.562
148000.0,158955.16
97499.0,97972.586
195000.0,142733.22
255000.0,294083.53
90000.0,92013.484
132000.0,180289.52
310000.0,362867.97
160000.0,139939.19
180000.0,219366.12
160000.0,155736.75
109500.0,135235.8
70000.0,74862.35
1350000.0,990214.5
129000.0,186285.06
129999.0,134949.36
160000.0,149081.45
74000.0,76556.516
157844.0,154995.73
98500.0,64320.055
94000.0,84855.28
85000.0,76885.9
135000.0,112322.28
125000.0,103866.63
85000.0,84105.08
148000.0,151624.11
114900.0,157803.25
200000.0,248835.94
220000.0,271311.06
510000.0,535236.5
68000.0,82185.55
420000.0,436114.9
1250000.0,958293.4
320000.0,318704.72
130000.0,134401.27
140000.0,147864.52
160000.0,134508.62
890000.0,325888.88
570000.0,468384.5
350000.0,464665.34
110000.0,176720.84
320000.0,418885.38
110000.0,77603.414
77520.0,87059.61
120000.0,142733.22
130282.0,74641.37
270000.0,209303.95
420000.0,353648.47
349000.0,239143.06
141000.0,163778.0
170000.0,254628.73
130000.0,127918.86
230000.0,196346.17
130000.0,105552.19
145000.0,272288.0
290000.0,130154.07
148200.0,131342.05
115900.0,118386.36
98514.0,108355.63
110000.0,147474.25
230000.0,196368.97
85000.0,107869.27
239000.0,237770.94
1250000.0,832852.8
260000.0,303028.16
130000.0,117574.5
194000.0,200427.8
159000.0,139497.73
120000.0,143670.44
139500.0,103144.5
85000.0,80153.02
64900.0,102312.63
95981.0,233814.8
355000.0,364192.53
230000.0,250169.72
150000.0,148376.83
235000.0,237250.47
85000.0,68852.08
165000.0,184119.05
84000.0,151273.78
730000.0,754876.4
85000.0,119421.0
1350000.0,960506.25
129000.0,104186.63
105000.0,128863.36
49000.0,57466.22
138000.0,109369.49
229900.0,257913.27
175000.0,202391.06
735000.0,988465.06
149000.0,142686.44
119000.0,133443.06
65500.0,57133.18
480000.0,455726.47
595000.0,649516.3
73000.0,88645.52
490000.0,475074.6
79000.0,98968.414
94000.0,111393.53
320000.0,311398.53
127400.0,108789.984
95000.0,119476.23
280000.0,318622.25
190000.0,195502.77
179000.0,288854.44
225000.0,242367.14
390000.0,345335.22
130000.0,99748.41
160645.0,144680.12
85000.0,151073.53
120000.0,115571.28
370000.0,293982.56
74000.0,83218.4
189418.0,154150.62
350000.0,371168.47
75000.0,94347.12
560000.0,575328.9
139000.0,183487.56
295000.0,279891.03
130000.0,151536.69
98000.0,91052.234
153000.0,177358.83
135000.0,186334.97
85000.0,113231.58
325000.0,331270.2
95000.0,99585.04
89900.0,99399.92
1250000.0,941506.25
135000.0,176646.73
94000.0,107473.3
82000.0,89493.734
132000.0,133765.75
143000.0,197544.33
240000.0,259131.88
200000.0,350209.97
115000.0,123647.445
319000.0,222873.12
109000.0,120845.24
229000.0,270061.22
539000.0,257726.67
129000.0,197544.33
215000.0,130422.31
155000.0,192371.28
189000.0,114931.2
139500.0,143670.44
69000.0,93969.55
60000.0,76890.62
185000.0,229863.84
175000.0,180416.78
155000.0,148669.84
239000.0,352612.12
260000.0,213346.4
103300.0,114093.54
95000.0,61002.215
149000.0,133313.66
65000.0,82995.86
75000.0,63747.594
136300.0,131764.73
178000.0,186884.36
149000.0,193892.36
89500.0,106893.86
248000.0,244264.75
125000.0,171688.1
325000.0,339520.53
68000.0,64055.94
135000.0,109412.125
69900.0,86171.98
75250.0,98094.8
220000.0,235425.67
116600.0,153994.7
89000.0,97963.95
220000.0,186386.55
115000.0,85744.82
127000.0,119570.03
65000.0,56871.668
81000.0,95483.836
120000.0,156664.08
118000.0,148564.56
128552.0,148461.06
90000.0,96766.83
82000.0,89655.14
170000.0,160756.06
153000.0,175669.94
76000.0,104757.24
1000000.0,662463.2
57000.0,50745.094
288000.0,227333.52
95000.0,88663.53
98000.0,90390.24
150000.0,131547.98
187000.0,190888.38
83000.0,113686.03
180000.0,114055.234
239000.0,370361.5
149000.0,160945.44
339903.0,271956.0
95000.0,128126.195
98000.0,94488.234
139000.0,134676.31
95000.0,124097.51
214900.0,186255.86
249500.0,315089.44
430000.0,439634.44
450000.0,699476.6
104000.0,104985.57
290000.0,189603.06
220000.0,164062.36
245000.0,274627.34
270000.0,368868.16
65000.0,81575.96
180000.0,343107.44
410000.0,364159.3
65000.0,92714.57
115000.0,128646.74
250000.0,148387.36
100000.0,98979.09
890000.0,857037.2
95000.0,103419.91
94000.0,79639.77
215000.0,269232.9
87746.0,119135.86
107000.0,92458.41
650000.0,741421.1
1000000.0,997436.3
570000.0,807738.25
78260.0,104523.53
99000.0,122215.42
92000.0,128324.72
75050.0,84073.945
69900.0,136408.72
158067.0,144680.12
149000.0,177279.44
415000.0,232536.78
85338.0,60803.094
139000.0,169931.62
119000.0,131997.88
380000.0,386406.53
145000.0,129627.086
164000.0,178073.27
50000.0,79748.96
85000.0,91541.805
78700.0,95671.91
138000.0,158927.16
200990.0,182359.44
295000.0,280314.03
145000.0,137592.42
80000.0,94447.734
205000.0,209303.95
310000.0,274831.88
215000.0,338478.34
99900.0,109553.05
49000.0,93326.13
129000.0,125340.74
139000.0,133451.0
119000.0,148517.78
178000.0,162433.14
78000.0,91000.81
159000.0,126547.734
69000.0,96847.47
579000.0,607755.0
195000.0,169728.84
154900.0,176665.3
159500.0,154191.95
110000.0,118151.71
250000.0,113110.66
180000.0,239310.0
240000.0,216811.08
69000.0,54119.76
64000.0,94306.74
83600.0,90020.04
220000.0,169418.38
199900.0,206757.0
115000.0,116754.95
65000.0,82197.266
74000.0,99419.33
79900.0,112611.55
100000.0,117698.3
105000.0,96878.47
195000.0,219168.95
85800.0,82113.71
89000.0,105630.2
82000.0,83018.44
152000.0,196239.61
185000.0,138129.22
189000.0,151500.22
980000.0,421248.44
595000.0,316065.2
46000.0,62421.5
195000.0,142995.28
65000.0,90452.44
112500.0,101267.445
126000.0,122957.32
150000.0,169122.97
125000.0,135960.36
140000.0,119476.23
159500.0,148189.05
1150000.0,778990.4
315000.0,234739.45
198000.0,243427.47
140000.0,191663.34
115000.0,200304.14
75000.0,98991.68
89700.0,93164.68
106000.0,66258.71
43500.0,52606.13
265000.0,198025.84
395000.0,359532.6
400000.0,513644.8
115000.0,113097.836
70000.0,98991.68
149900.0,261642.94
250000.0,216019.06
270000.0,224663.61
298000.0,363078.16
199000.0,207252.56
125000.0,139089.75
151000.0,154559.22
410000.0,274831.88
79600.0,83518.37
189000.0,262690.3
155000.0,146660.31
189000.0,202389.75
193000.0,178525.78
81100.0,108950.555
200000.0,166460.52
94000.0,84855.28
150000.0,125182.77
114000.0,150635.36
245000.0,202078.42
650000.0,629346.56
365000.0,302674.62
259000.0,339499.44
139000.0,122383.36
620000.0,790108.9
240000.0,197282.16
99000.0,148461.06
349000.0,262638.66
222000.0,138961.89
67500.0,88169.81
78000.0,80153.02
77000.0,97003.305
170000.0,225022.7
192000.0,313039.44
125000.0,82519.65
193000.0,136408.72
85000.0,103342.375
43000.0,77997.93
58000.0,84020.17
80000.0,100054.34
78000.0,78041.48
43000.0,54875.3
125000.0,104722.89
110000.0,119570.03
260000.0,270498.38
99000.0,94827.91
114000.0,149375.0
270000.0,318879.72
257600.0,243415.67
230000.0,240605.52
152200.0,216875.3
150000.0,151144.69
230000.0,172535.33
445000.0,633252.3
228000.0,233765.12
465000.0,237691.38
460000.0,461427.06
200000.0,232006.06
325000.0,370287.8
69000.0,97003.305
300000.0,248488.27
198000.0,164302.73
123000.0,115816.14
790000.0,509936.66
120000.0,162716.36
79000.0,102554.63
129000.0,126975.29
156700.0,118732.625
145000.0,123935.61
311423.0,274545.38
179000.0,284937.47
103500.0,174333.36
255000.0,225004.81
199800.0,154150.62
175000.0,128174.41
99000.0,94965.86
210000.0,182223.9
230000.0,186650.38
84900.0,150274.48
121000.0,119210.055
68000.0,93154.84
140000.0,148413.52
58000.0,67378.45
109000.0,138301.3
105000.0,141164.83
320000.0,269942.7
124000.0,149364.84
780000.0,301034.75
110000.0,132218.08
49500.0,54875.3
65000.0,64773.207
380000.0,382916.3
205000.0,184144.89
145000.0,158606.42
125000.0,139486.03
94000.0,93452.06
390000.0,414878.3
185000.0,191790.39
164000.0,158670.27
75000.0,107517.39
90000.0,134658.64
82000.0,67539.32
265000.0,192230.11
149900.0,151536.69
210000.0,174065.39
275000.0,364899.94
189000.0,264610.12
57400.0,69861.125
249000.0,256580.8
130000.0,129172.11
1050000.0,806928.56
337500.0,177196.92
69000.0,93331.02
540000.0,527892.7
241000.0,211558.67
110000.0,180008.36
320000.0,262880.53
165000.0,264796.4
100000.0,100727.555
120000.0,91777.77
245000.0,185446.36
57000.0,71774.19
98000.0,104523.53
81018.0,85095.72
220000.0,201718.2
124600.0,137411.81
125000.0,158220.2
165000.0,153448.33
420000.0,310341.34
390000.0,269900.44
240000.0,288854.44
115000.0,166946.3
104000.0,123558.305
84900.0,85285.35
125000.0,145687.86
137000.0,106042.73
150000.0,127022.445
55000.0,61887.234
135000.0,168072.38
89000.0,75660.38
550000.0,344810.2
499000.0,386406.53
109000.0,115861.9
87679.0,112561.67
389000.0,498756.97
145000.0,157978.27
133000.0,152652.58
150000.0,216045.69
78000.0,91544.664
94801.0,128174.41
55000.0,146202.88
159000.0,141340.45
76000.0,69987.48
185000.0,198285.38
130000.0,120465.766
165000.0,121308.99
160000.0,127190.05
265000.0,202141.14
240000.0,335929.38
234000.0,245153.92
135000.0,86870.48
69000.0,96847.47
150000.0,163715.5
109900.0,103846.48
104000.0,123225.29
154900.0,126582.64
69500.0,59359.133
168900.0,160756.06
135000.0,105273.26
89000.0,148627.78
95000.0,118417.5
149000.0,123078.125
119400.0,133178.94
265000.0,362867.97
110000.0,159577.02
194000.0,169474.64
139000.0,94671.6
170000.0,134828.69
285000.0,330157.9
188000.0,154445.28
130000.0,132675.77
315000.0,171778.8
135000.0,138940.56
78000.0,81834.586
245000.0,262779.8
1090000.0,943511.9
265000.0,291081.1
79000.0,108202.67
90000.0,99862.44
187000.0,132785.1
130000.0,123078.125
430000.0,341835.22
85000.0,136164.3
181655.0,184712.88
375000.0,341835.22
169900.0,166557.34
180000.0,225560.42
70000.0,68228.71
159000.0,217584.16
119900.0,100144.01
80000.0,148852.55
125000.0,195277.25
120000.0,168568.38
138000.0,140803.98
49000.0,54340.25
112385.0,119793.49
158000.0,201185.62
194000.0,206885.11
325000.0,250047.83
155000.0,132161.03
299000.0,280690.53
120000.0,102732.375
186006.0,255103.98
139000.0,131838.44
129000.0,149456.89
219000.0,78226.11
95000.0,115382.11
275000.0,326042.5
65000.0,98094.8
169000.0,143579.0
520000.0,384549.2
260000.0,292612.4
74000.0,88571.81
297000.0,228205.42
74000.0,55840.492
69000.0,104975.19
135000.0,130260.89
205000.0,187506.22
120000.0,145399.39
140000.0,163359.94
95000.0,113000.24
139900.0,115685.27
165000.0,202317.36
155000.0,219843.77
160000.0,141340.45
295000.0,383513.97
89000.0,94066.24
90000.0,114690.555
142000.0,123078.125
308000.0,235442.23
59900.0,54283.72
135000.0,160630.56
49000.0,79566.06
250000.0,209229.97
199500.0,163891.88
104900.0,150572.17
430000.0,527155.0
500000.0,320272.6
112500.0,149342.9
75000.0,76626.055
70000.0,106468.445
57800.0,74524.305
119000.0,131938.72
139000.0,144115.34
69000.0,92565.43
159000.0,129369.39
56000.0,200304.14
115000.0,145910.95
130000.0,151439.36
1050000.0,912961.7
1100000.0,764310.2
62370.0,76364.03
139000.0,130433.46
135000.0,248403.77
270000.0,309464.16
50000.0,90523.11
270000.0,292553.1
449000.0,533641.0
108200.0,147938.22
123500.0,138140.03
123000.0,104865.27
440000.0,157212.55
179000.0,226456.48
99000.0,101725.66
125000.0,232372.17
99500.0,125640.27
128500.0,160851.1
250000.0,255632.78
60000.0,82673.29
99488.0,111891.39
67000.0,94428.95
640000.0,453882.22
69000.0,58245.47
265000.0,146677.56
90000.0,128631.055
268000.0,191699.78
158000.0,149954.23
165000.0,255861.33
195000.0,269582.1
460000.0,453656.12
195000.0,307090.25
289900.0,337768.4
255000.0,169115.92
145000.0,108467.56
185000.0,153435.86
430000.0,398560.75
130000.0,134754.12
209900.0,239216.77
129000.0,170870.08
1200000.0,1028777.5
105000.0,113589.64
115785.0,116452.09
225000.0,208932.48
150000.0,299553.78
100800.0,121505.72
79000.0,94904.92
269000.0,246665.06
189000.0,181964.6
69900.0,114287.39
145000.0,143236.06
85000.0,108940.555
230280.0,225634.12
75000.0,88336.93
62000.0,158173.08
149456.0,216965.17
95000.0,120551.29
92000.0,108355.63
63000.0,68427.99
129060.0,150339.06
95000.0,105681.91
230000.0,168859.97
330000.0,285453.2
1150000.0,918298.06
135000.0,228769.75
215000.0,225926.3
98000.0,122329.81
74900.0,94066.24
565000.0,420946.38
90000.0,109437.04
179900.0,159334.16
61000.0,86855.81
74500.0,81248.664
460000.0,336648.06
62500.0,81842.88
72000.0,93675.32
137000.0,139981.22
590000.0,365562.12
149900.0,133056.27
96000.0,111708.375
500000.0,581911.4
198000.0,181619.17
190000.0,235391.94
160000.0,184144.89
180000.0,143376.12
112000.0,131874.66
89500.0,150284.4
68900.0,65600.664
59900.0,89312.15
260000.0,310804.22
74000.0,75407.78
178000.0,181528.27
112000.0,116754.95
580000.0,384251.47
415000.0,554393.75
115000.0,123417.33
122400.0,107212.164
249000.0,364899.94
105000.0,111345.34
475000.0,308325.78
107968.0,108505.89
345000.0,315336.3
72000.0,62049.547
60000.0,96255.9
145000.0,140081.14
116000.0,216726.6
54900.0,87338.53
379000.0,302950.2
179000.0,149793.89
175000.0,125504.055
160000.0,119570.03
150000.0,214903.72
119000.0,170225.31
109900.0,193892.36
110000.0,111393.53
99000.0,94982.65
99500.0,124097.51
93410.0,95671.91
355000.0,698762.75
70000.0,54420.14
89000.0,81320.805
83000.0,80380.33
109000.0,80012.64
159000.0,333332.72
159000.0,227630.66
44000.0,54875.3
113000.0,126582.64
830000.0,688145.56
76900.0,80895.51
50000.0,83423.125
196000.0,187697.88
152000.0,153916.02
350000.0,275572.5
83250.0,107110.0
140000.0,143376.12
79000.0,201331.5
500000.0,210172.77
125000.0,109265.1
109000.0,98936.695
595000.0,793080.06
315000.0,275976.97
280000.0,333663.12
137000.0,132218.08
185000.0,141827.61
210000.0,196212.1
220000.0,155338.6
75000.0,102711.08
45000.0,73645.93
590000.0,418442.06
105000.0,88663.734
89600.0,97376.59
600000.0,570786.5
250000.0,187445.6
190000.0,187162.67
670000.0,398341.0
189000.0,141164.83
125000.0,136758.25
85000.0,106893.86
75000.0,91994.4
145000.0,158416.45
177000.0,188758.97
360000.0,233649.58
135000.0,142624.61
87500.0,90003.51
78000.0,63259.754
280000.0,151797.81
570000.0,497273.38
182000.0,205895.98
144000.0,103915.27
79000.0,118867.664
90000.0,98305.08
470000.0,314959.38
125000.0,174531.25
139000.0,128891.72
355000.0,506022.03
180000.0,176397.95
149000.0,125148.16
70000.0,68657.52
440000.0,525565.4
156990.0,128496.02
165000.0,141938.73
115000.0,96920.35
130000.0,110875.2
55000.0,69244.375
240000.0,302768.22
119000.0,135903.06
92000.0,84678.93
140000.0,159517.12
55000.0,86530.63
155000.0,109578.484
90000.0,81059.53
499000.0,536449.06
810000.0,578627.1
309000.0,279891.03
124000.0,125907.516
175000.0,293108.97
920000.0,961706.1
190000.0,163856.1
435000.0,249034.98
540000.0,345652.2
150000.0,140542.72
170000.0,137076.17
110000.0,136941.8
79500.0,101427.3
83900.0,113669.2
475000.0,499796.44
107000.0,116754.95
76000.0,64560.04
150000.0,144698.28
99500.0,172091.08
165000.0,148143.7
90000.0,89404.44
70000.0,54605.08
264355.0,265300.3
265000.0,343977.62
119000.0,118386.36
145000.0,181633.34
120000.0,103490.58
89000.0,153236.62
90000.0,103919.51
815000.0,535236.5
207000.0,216019.06
599000.0,682349.94
142000.0,132785.1
139900.0,168072.38
280000.0,331989.38
115000.0,172830.44
180000.0,222519.05
245000.0,149169.53
250000.0,416780.38
119000.0,137427.1
290000.0,279914.84
57000.0,83292.39
590000.0,387977.88
89000.0,101181.82
119000.0,146819.17
559500.0,432511.9
190000.0,254172.94
228000.0,128473.3
87000.0,101894.13
350000.0,453428.5
61900.0,64714.027
388000.0,296409.72
120000.0,141961.52
575000.0,617423.56
205000.0,208347.47
195000.0,179214.42
95900.0,105473.22
93000.0,123062.35
240000.0,238897.62
140000.0,271296.47
147000.0,178525.78
70000.0,99160.375
103000.0,132234.73
228000.0,168849.08
80000.0,83831.09
149900.0,151536.69
79500.0,123495.55
199000.0,215350.19
65000.0,66455.74
145000.0,215506.84
344900.0,362756.66
141102.0,135837.72
570000.0,396622.44
189000.0,199232.77
279000.0,242354.89
114000.0,135519.75
160000.0,167455.97
150000.0,136628.6
490000.0,471895.5
145000.0,139981.22
700000.0,412965.53
128000.0,104337.02
249000.0,178062.11
170000.0,243642.94
129000.0,121580.04
195000.0,140048.9
155000.0,142733.22
290000.0,428607.03
130000.0,191737.05
1300000.0,1046912.3
78000.0,99160.375
199800.0,269582.1
270000.0,240325.3
82000.0,69983.09
215000.0,260738.97
205000.0,299001.44
116761.0,97028.1
360000.0,305534.56
110000.0,141164.83
250000.0,255935.03
235000.0,263639.9
179000.0,195713.6
194900.0,156328.89
89900.0,101713.72
120000.0,82754.836
79900.0,85277.94
125000.0,119429.96
89800.0,66446.47
85000.0,109407.67
78000.0,109703.67
190000.0,148257.7
415000.0,415870.16
138000.0,187961.19
260227.0,265300.3
125000.0,127385.42
75000.0,103993.22
75000.0,90554.41
121200.0,84498.914
740000.0,453882.22
199000.0,185372.66
88000.0,97067.01
425000.0,306606.9
85000.0,82192.13
255000.0,293562.0
295000.0,349307.25
168900.0,160859.67
110000.0,104684.06
79000.0,133602.06
100000.0,82228.53
119000.0,131764.73
100000.0,326895.75
70000.0,83952.69
150000.0,248319.61
349000.0,497601.75
62000.0,85758.484
1200000.0,385016.84
198000.0,148387.36
320000.0,466414.22
74900.0,93142.95
89000.0,84119.33
300000.0,325547.97
199900.0,278642.44
110000.0,112540.53
182250.0,191033.7
355000.0,442792.47
588000.0,310865.28
125000.0,168758.55
184000.0,235512.94
205000.0,166911.19
193000.0,254051.97
159000.0,166646.23
66600.0,67220.27
168000.0,175443.62
380000.0,286636.1
285000.0,323352.78
179900.0,143638.52
252022.0,239744.81
94000.0,113628.9
190000.0,214773.84
83790.0,103418.89
369000.0,684956.25
80000.0,71235.8
204000.0,173600.47
110000.0,122983.06
200000.0,142733.22
76000.0,99399.92
168000.0,174360.55
290000.0,220932.53
238000.0,287742.1
82000.0,101460.625
495000.0,495225.75
249000.0,215070.62
49000.0,68243.8
142298.0,154150.62
114000.0,94827.91
145000.0,127022.445
275000.0,246512.2
99000.0,106039.91
182000.0,153448.33
124900.0,95930.086
58000.0,106937.64
295000.0,400254.97
270000.0,330904.66
329000.0,202031.95
449000.0,492618.72
49000.0,64546.508
304000.0,231865.78
790000.0,832512.56
63000.0,79006.42
130000.0,155050.86
365000.0,279274.34
250000.0,193509.3
200000.0,183806.88
270000.0,376317.03
88500.0,77086.29
79900.0,90698.74
170000.0,206385.52
59000.0,78532.445
298000.0,272771.34
108000.0,70096.555
210000.0,241358.31
170000.0,162262.12
130000.0,123328.086
69900.0,88491.89
164000.0,215568.16
215000.0,212131.19
21340.0,88816.9
235000.0,269232.9
820000.0,566927.5
238000.0,314959.38
65900.0,63259.754
228367.0,189473.9
140000.0,200127.25
145000.0,172348.6
75000.0,98221.086
130000.0,194366.2
79000.0,101125.95
90000.0,100362.734
184000.0,151218.39
120000.0,150853.27
94000.0,111233.055
70000.0,104383.625
940000.0,475074.6
120000.0,120248.35
90000.0,106439.83
460000.0,375631.9
125000.0,145203.73
175000.0,223745.86
197000.0,207228.22
169000.0,191589.6
275000.0,318661.0
130000.0,131476.33
85000.0,94775.92
48600.0,77563.62
450000.0,699476.6
99000.0,163216.8
1490000.0,325888.88
145000.0,117769.266
69000.0,90598.13
110000.0,104901.48
69900.0,66329.086
82000.0,90698.74
607000.0,383513.97
110000.0,142733.22
60000.0,89493.734
229500.0,347737.88
169000.0,132118.75
99000.0,111390.93
155000.0,96259.6
230000.0,252775.28
470000.0,367539.97
59500.0,81048.97
189000.0,164454.0
90000.0,94978.28
112000.0,99166.06
89246.0,94884.984
274588.0,268183.38
212400.0,258803.73
85000.0,96614.76
380000.0,311505.97
125000.0,132218.08
379000.0,298147.16
153000.0,153970.28
299000.0,243879.3
420000.0,212655.55
330000.0,278482.88
195000.0,209303.95
70000.0,57115.598
75000.0,98591.84
840000.0,540510.2
280000.0,293995.53
335000.0,547671.94
181248.0,154150.62
175000.0,174322.47
190000.0,257830.08
290000.0,289857.44
195258.0,120465.766
139000.0,137387.58
230000.0,314954.28
175000.0,166808.89
135000.0,166182.92
95000.0,141308.94
370000.0,245961.08
209000.0,214773.84
148956.0,133045.92
119900.0,140102.4
68000.0,76463.625
115000.0,134949.36
233530.0,231884.5
116500.0,92598.78
109650.0,107254.94
275000.0,252108.34
200000.0,141043.03
425000.0,285070.78
75000.0,85344.94
58000.0,88571.81
83000.0,96451.445
150000.0,169772.38
325000.0,217461.45
158000.0,143211.19
294900.0,242354.89
103000.0,98343.31
63000.0,79671.016
97000.0,113097.836
115000.0,123365.32
83000.0,64398.375
119000.0,123328.086
415000.0,554393.75
89900.0,111036.72
187000.0,211520.28
76000.0,132522.81
148000.0,123935.61
182000.0,233013.88
290000.0,275905.7
135000.0,128646.74
148000.0,208287.2
198000.0,141308.94
118000.0,99517.1
190000.0,232329.34
125000.0,79564.13
75000.0,179232.47
149900.0,152652.58
249900.0,165893.44
105000.0,89404.44
140000.0,222481.28
550000.0,628327.6
92900.0,124127.86
119900.0,115685.27
74000.0,84637.81
212084.0,181431.6
210000.0,228613.89
85000.0,99160.375
230000.0,141235.23
182408.0,195851.03
90000.0,89860.5
650000.0,867350.06
69000.0,85106.32
81000.0,112857.98
178000.0,129495.24
370000.0,343903.94
153000.0,140372.23
119000.0,163216.8
145000.0,163778.0
149000.0,146592.08
65000.0,108295.0
215000.0,186339.53
277000.0,302950.2
55000.0,85027.586
115000.0,120441.875
120000.0,132234.73
118000.0,97899.38
259000.0,226456.48
150000.0,145164.81
185000.0,223679.28
115000.0,124569.47
280000.0,370670.56
608862.0,475074.6
415000.0,364159.3
820000.0,782667.1
260000.0,330926.34
330000.0,269332.78
199000.0,211703.81
185000.0,187162.67
155000.0,193892.36
102000.0,98415.6
360000.0,232255.69
90000.0,94447.734
115000.0,182314.8
240000.0,193160.84
230000.0,189216.67
135000.0,110122.72
175000.0,233225.53
179900.0,198546.03
184000.0,182793.03
123500.0,137291.89
298000.0,400541.47
185000.0,161940.19
97460.0,79564.13
249900.0,180085.6
125000.0,176081.66
134000.0,160162.14
285000.0,277700.66
169000.0,177304.9
198000.0,220897.89
160000.0,221721.9
275000.0,183515.14
110750.0,92153.0
191400.0,216893.4
165000.0,156642.6
120000.0,111491.695
195000.0,218967.67
260000.0,245033.08
790000.0,657048.8
130000.0,128713.805
280000.0,274642.6
138000.0,126719.13
240000.0,245079.58
66500.0,68364.67
55000.0,79700.43
360000.0,365452.44
115000.0,108129.664
123000.0,209768.66
130000.0,181119.58
150000.0,97735.914
75000.0,117435.97
199000.0,233131.08
240000.0,262758.38
120000.0,145637.22
150000.0,181619.17
129000.0,132441.0
350000.0,453428.5
98000.0,141164.83
70000.0,88123.086
145000.0,145722.47
75000.0,93697.4
125000.0,136656.58
149500.0,156328.89
90000.0,132675.77
90000.0,130087.09
105000.0,95970.23
77000.0,120317.23
135000.0,130814.766
139900.0,157771.05
300000.0,246050.8
140000.0,229689.92
155000.0,164376.44
69000.0,84119.33
82000.0,232209.6
70000.0,106275.67
86000.0,93215.516
180000.0,237250.47
280000.0,342584.6
39900.0,52943.94
395000.0,348932.47
360000.0,334251.25
198000.0,206818.05
85000.0,108415.04
870000.0,375631.9
450000.0,202722.86
94784.0,100262.64
1100000.0,881880.94
229900.0,278642.44
219000.0,326228.25
90000.0,156195.97
225000.0,197109.27
78900.0,69983.09
205000.0,196266.11
159000.0,169013.89
75000.0,73416.02
129000.0,138907.42
225000.0,269332.78
157000.0,230514.7
134900.0,131072.4
239000.0,152706.56
87000.0,76084.57
849000.0,379679.9
82080.0,116937.75
115000.0,108309.42
85000.0,83430.945
69000.0,114446.16
278000.0,301618.28
80000.0,94066.24
163000.0,143579.0
75000.0,248033.06
175000.0,313682.12
1200000.0,548626.75
200000.0,292553.1
265000.0,420250.34
70000.0,158422.77
126000.0,221299.66
250000.0,180224.81
450000.0,518167.44
110000.0,130422.31
58900.0,338552.03
86000.0,110890.5
495000.0,475074.6
250000.0,308246.84
380000.0,192897.86
122000.0,115676.64
180000.0,195502.77
68000.0,95912.055
235000.0,283611.44
280000.0,198273.94
145000.0,146501.0
51000.0,50012.26
170000.0,120465.766
55000.0,63259.754
850000.0,900435.06
70000.0,110004.2
72000.0,85277.94
52000.0,67620.83
147000.0,177285.12
500000.0,508411.75
110000.0,128047.87
220000.0,212650.16
260000.0,249311.05
138000.0,126582.64
87000.0,124077.39
330000.0,251639.75
130000.0,153803.33
99000.0,113589.64
103800.0,144680.12
120000.0,104186.63
330000.0,301691.97
69000.0,145330.23
100404.0,94209.43
198000.0,250054.88
84000.0,70524.984
127900.0,148852.55
289000.0,280435.44
190000.0,176482.95
105000.0,92160.05
54800.0,93610.83
340000.0,352367.1
510000.0,349943.16
204900.0,255811.89
89000.0,126153.95
145000.0,129172.11
68000.0,83277.07
104900.0,109778.8
146000.0,192239.98
199000.0,166703.31
153000.0,151903.14
135500.0,117248.67
170400.0,206982.86
330000.0,251639.75
135000.0,128018.88
75000.0,67539.32
77000.0,93610.83
148000.0,169474.64
200000.0,212057.48
72000.0,102229.14
153000.0,347334.72
72000.0,76364.305
141760.0,126277.93
338000.0,476032.16
400000.0,376956.34
102000.0,116754.95
139000.0,127190.05
159000.0,133443.06
127000.0,166892.88
160000.0,145654.92
500000.0,510376.28
169000.0,188017.61
320000.0,187463.8
90400.0,63041.113
85500.0,99424.51
155000.0,153418.47
229000.0,206776.16
141300.0,185372.66
160000.0,155753.0
235000.0,228126.44
80000.0,201331.5
140000.0,96490.54
215000.0,357533.06
149900.0,110171.48
89000.0,104830.95
199000.0,261122.62
80000.0,102273.02
340000.0,343903.94
189000.0,173447.12
140000.0,184144.89
680000.0,405521.2
500000.0,386406.53
148000.0,174531.25
85000.0,128773.016
1100000.0,1117193.5
69000.0,120551.29
160000.0,152921.81
145000.0,162545.88
130000.0,109750.914
110400.0,98930.88
330000.0,495946.53
482000.0,274495.6
54000.0,77266.305
750000.0,764640.44
149000.0,149867.6
55000.0,51955.31
160000.0,121505.72
155000.0,177179.78
139000.0,174210.42
129900.0,173484.0
105879.0,139939.19
145000.0,124034.96
950000.0,893016.94
109000.0,131906.73
120000.0,119135.86
360000.0,260848.4
143000.0,161960.62
185000.0,194569.48
750000.0,660306.94
140000.0,131533.17
88000.0,89485.85
120000.0,119421.0
155000.0,212131.19
34980.0,82610.58
68193.0,95222.38
599000.0,548735.5
98000.0,131997.88
320000.0,253814.72
134000.0,123078.125
225000.0,345334.1
65000.0,66150.82
148000.0,148548.6
195000.0,149505.89
395000.0,623557.3
72013.0,88123.086
125000.0,177196.92
240000.0,269955.78
124295.0,137715.61
65000.0,103992.71
149500.0,102148.79
74000.0,63259.754
147500.0,119476.23
74000.0,78886.56
145000.0,155590.56
248000.0,345826.72
65000.0,93537.12
129000.0,169115.92
238000.0,220824.19
185000.0,218090.61
225000.0,192537.9
90000.0,115513.02
630000.0,535236.5
149000.0,185840.36
135000.0,186521.11
290000.0,371168.47
79000.0,75995.31
360000.0,415870.16
80000.0,144465.8
87000.0,103223.56
125000.0,99017.17
119900.0,170078.34
245000.0,264796.4
135000.0,127888.23
260000.0,245887.38
256000.0,314959.38
150000.0,203456.0
72500.0,54512.062
255000.0,282001.2
150000.0,239720.08
120000.0,113135.484
124000.0,158927.16
139900.0,176455.22
118000.0,151218.39
220000.0,183139.36
139000.0,109703.67
149000.0,159762.45
200000.0,229269.14
130282.0,74641.37
105000.0,200377.84
530000.0,346989.22
269000.0,273783.62
85000.0,92177.08
187000.0,199216.34
120000.0,148142.1
334000.0,245079.58
121500.0,107869.27
145000.0,115641.82
450000.0,577051.3
259000.0,189778.19
85000.0,184138.98
167000.0,169418.38
165000.0,209376.78
239000.0,192495.94
55200.0,78573.234
258000.0,233876.33
315000.0,406819.0
127500.0,130154.07
240000.0,234861.7
299999.0,237612.92
41860.0,52606.13
259000.0,371968.47
246270.0,225926.3
170000.0,152846.62
115000.0,144033.23
105000.0,215529.1
200000.0,223321.52
1420000.0,935162.5
189000.0,155082.53
115000.0,108467.56
150000.0,164619.47
245000.0,182032.9
145000.0,179718.12
700000.0,262779.8
320000.0,309607.0
69000.0,63433.414
410000.0,421846.7
130000.0,305569.8
740000.0,621874.25
59000.0,73376.77
348000.0,308325.78
229000.0,198662.3
81000.0,98823.43
77000.0,125103.305
90000.0,110273.766
102000.0,194512.3
330000.0,326705.2
129900.0,135180.78
78000.0,87138.48
140000.0,103218.89
175000.0,123078.125
100000.0,106296.57
180000.0,197082.19
250000.0,384422.53
92000.0,155548.88
135000.0,138825.73
890000.0,858259.44
120000.0,126583.664
99000.0,104015.47
52000.0,91336.66
520000.0,528738.7
235000.0,113161.54
98000.0,230300.23
55000.0,97735.914
120000.0,212111.39
76000.0,106659.04
200000.0,146347.36
129000.0,119421.0
400000.0,257268.92
188000.0,253637.75
135000.0,178525.78
118545.0,103969.21
87000.0,101124.5
95000.0,113305.29
429000.0,407073.97
295000.0,318311.5
99900.0,128048.445
142000.0,160756.06
165000.0,209104.86
340000.0,171516.72
900000.0,967978.56
108000.0,100242.32
79000.0,97795.23
184000.0,249897.2
140400.0,141206.77
245000.0,144680.12
62000.0,102969.74
70001.0,157214.25
1300000.0,896822.25
135000.0,149161.48
247177.0,325888.88
105000.0,111711.11
350000.0,348858.25
104000.0,125340.74
145000.0,269942.7
118000.0,171778.8
97000.0,103514.625
155000.0,169598.33
200000.0,156328.89
194900.0,250054.88
75000.0,106468.445
54000.0,52551.637
295000.0,383873.34
850000.0,867895.7
342900.0,137272.77
141600.0,125304.03
80000.0,89135.44
250000.0,265565.88
165000.0,156128.84
185000.0,189622.22
225000.0,250552.55
265000.0,325888.88
445000.0,520968.03
119000.0,158503.42
105000.0,66492.836
118000.0,105570.375
68000.0,67032.36
141455.0,130140.6
200000.0,324452.8
80000.0,110875.2
130000.0,127198.69
172208.0,151588.4
195000.0,307090.25
180000.0,232067.97
114822.0,133262.72
81500.0,96920.35
137000.0,137603.42
72300.0,93154.84
51000.0,98679.61
139000.0,130370.77
243000.0,126080.086
140000.0,183559.03
198000.0,181928.97
219000.0,241284.61
255000.0,242609.8
320000.0,466057.25
278000.0,189001.88
490000.0,624860.5
160000.0,284220.66
172000.0,148387.36
94000.0,84659.87
115000.0,158128.4
78500.0,83136.96
125000.0,143579.0
690000.0,348073.8
1300000.0,1051957.2
240000.0,198486.88
45500.0,58714.188
50100.0,57911.195
81000.0,82541.98
216000.0,170969.86
209800.0,249034.98
145000.0,178802.06
94000.0,142227.19
117000.0,113014.7
110000.0,101386.4
140000.0,172671.39
115000.0,133451.0
65000.0,89851.17
110000.0,119437.01
299990.0,308325.78
118000.0,141841.08
1452000.0,763343.3
297000.0,235406.94
125000.0,101172.625
970000.0,593906.6
70000.0,85758.484
1300000.0,1040820.2
92600.0,103133.14
169000.0,136982.9
169900.0,248768.88
178000.0,232520.52
150000.0,132011.3
95000.0,356082.62
60000.0,63721.758
280000.0,223996.62
199000.0,218552.62
105900.0,88571.81
245000.0,192396.34
118000.0,133404.02
275000.0,260738.97
118000.0,106675.09
162000.0,148087.48
255000.0,180085.6
128000.0,217755.39
101365.0,119793.49
44000.0,68364.67
145000.0,149007.75
179900.0,220824.19
290000.0,301855.03
175000.0,255034.02
269000.0,224127.78
300000.0,217123.11
135000.0,157771.05
59000.0,72167.28
139890.0,125712.02
115000.0,144224.62
72000.0,55606.473
310000.0,500579.06
149000.0,101985.54
889000.0,724938.94
99000.0,110077.914
100000.0,118380.19
55000.0,86322.65
335000.0,256893.19
98000.0,235112.0
135000.0,128646.74
490000.0,437307.62
190000.0,145373.56
310000.0,265071.53
124000.0,126582.64
155000.0,138260.66
67000.0,93975.086
570000.0,581651.5
180000.0,128850.07
99000.0,128743.41
120000.0,189127.08
99000.0,100012.016
68000.0,115382.11
250000.0,288307.22
35000.0,131736.17
71000.0,94785.28
118000.0,134970.45
550000.0,516970.5
78000.0,81302.99
140000.0,178652.1
69000.0,87941.61
174000.0,151890.36
89000.0,137497.83
89500.0,114873.77
169000.0,193578.66
35000.0,50601.188
195000.0,168806.39
229900.0,243715.89
99000.0,119374.71
175000.0,282813.88
65000.0,104071.6
490000.0,237770.94
75000.0,96412.44
53000.0,52606.13
149000.0,184356.64
235000.0,165347.69
180000.0,195988.9
75000.0,82100.49
120000.0,133401.69
150000.0,199232.77
120000.0,123695.78
115000.0,117698.3
49000.0,52606.13
129600.0,170494.72
69000.0,96766.83
105000.0,107869.27
295000.0,343903.94
195000.0,246846.8
49500.0,52679.836
170000.0,190410.83
378000.0,226665.36
62000.0,105307.04
480000.0,365566.44
209900.0,177689.89
240000.0,249034.98
95000.0,86870.48
131000.0,157904.56
85000.0,90031.53
135000.0,163778.0
90000.0,110787.7
77000.0,69152.45
159900.0,248768.88
77243.0,93810.625
270000.0,289312.03
129900.0,139244.03
135000.0,124375.336
89000.0,79794.41
299000.0,301034.75
81000.0,107110.0
1000000.0,401844.84
139000.0,133178.94
130000.0,108467.56
90000.0,109469.03
550000.0,383556.72
115000.0,146465.64
380000.0,247407.55
130700.0,150274.48
520000.0,370095.88
310000.0,596060.8
205000.0,283131.12
80000.0,94447.734
99000.0,115861.9
285000.0,213690.36
287000.0,320043.5
133000.0,103133.14
220000.0,213159.5
190000.0,212057.48
115000.0,91862.61
98000.0,88571.81
230000.0,233027.17
415000.0,390501.4
460000.0,226000.22
135000.0,236428.58
585000.0,534816.4
175000.0,158943.88
118000.0,129935.055
57000.0,55774.766
175000.0,228800.5
81400.0,82113.71
219900.0,159024.5
90000.0,90316.36
144900.0,165710.97
1400000.0,1015398.9
130000.0,122215.86
172000.0,152818.5
225000.0,115175.016
189000.0,189877.38
115000.0,130187.18
215000.0,220106.9
65000.0,69983.09
75000.0,123514.164
158000.0,150807.17
160000.0,159470.48
156000.0,159052.19
80000.0,161511.47
200000.0,164062.36
220000.0,212057.48
125000.0,152956.08
95000.0,108905.414
295000.0,158052.53
125000.0,134895.95
238000.0,182112.97
650000.0,468764.66
91300.0,95222.38
110000.0,272288.0
170000.0,194780.47
73000.0,164149.8
82000.0,89167.766
83000.0,112819.94
137000.0,213031.38
320000.0,318704.72
180000.0,162998.6
620000.0,269942.7
130000.0,131717.94
149000.0,248296.44
155000.0,153303.89
269000.0,218181.02
83000.0,102634.086
105000.0,102409.984
65000.0,136089.45
80000.0,105016.6
179500.0,153707.48
55000.0,100561.91
110000.0,133056.27
130000.0,121580.04
710000.0,376567.12
78000.0,87381.984
410000.0,393353.38
60000.0,74795.9
95000.0,126020.73
65000.0,91052.234
330000.0,301618.28
86000.0,99990.414
68000.0,92870.9
148000.0,151437.55
82000.0,116083.73
125000.0,145051.47
598000.0,505311.75
133000.0,130101.664
214000.0,164062.36
283000.0,219184.6
900000.0,787274.0
58500.0,93610.83
85000.0,147097.23
375400.0,284667.16
192000.0,182615.16
85000.0,66446.47
460000.0,349400.12
140000.0,163890.67
270000.0,289138.22
465000.0,454207.62
112000.0,105156.67
104900.0,94750.42
77000.0,70524.984
79500.0,101387.31
220000.0,284094.03
190000.0,168326.98
140000.0,246920.5
230000.0,195277.25
64500.0,76364.03
89000.0,77563.62
130000.0,147128.36
285000.0,283865.7
298000.0,400541.47
140000.0,194525.66
189000.0,265321.22
159000.0,179679.25
139000.0,134219.61
230000.0,194502.72
85000.0,89167.766
80000.0,131636.16
100273.0,108355.63
189000.0,206358.38
339000.0,400303.44
37000.0,50631.93
600000.0,413500.84
210000.0,232029.42
135000.0,156526.83
225000.0,243715.89
105000.0,120789.984
264000.0,245079.58
132000.0,148975.89
98000.0,113088.695
89000.0,61734.76
420000.0,383792.84
148000.0,138140.03
85000.0,118818.914
83000.0,108599.03
68300.0,79278.54
76600.0,98679.61
150000.0,123254.375
145000.0,159401.75
270000.0,237416.11
225000.0,315182.88
113000.0,114694.27
182000.0,314954.28
64358.0,101377.87
137500.0,207829.11
109000.0,145225.19
103000.0,115950.35
95000.0,118199.07
298000.0,364159.3
115000.0,149579.6
139000.0,121580.04
78000.0,202244.17
159000.0,155736.75
460000.0,390049.94
95000.0,109264.17
197000.0,131644.23
115000.0,124311.8
79000.0,94830.055
165000.0,165342.23
80000.0,99160.375
55000.0,77964.57
225000.0,255396.14
225000.0,188091.31
48000.0,81266.87
220000.0,300108.22
83000.0,139376.5
355000.0,232329.34
105000.0,123408.78
140000.0,142855.94
63500.0,94827.91
600000.0,741303.94
345000.0,249089.95
470000.0,227840.34
120256.0,112561.67
238000.0,208395.92
530000.0,923816.56
205000.0,225560.42
304000.0,351624.34
110000.0,137387.58
147000.0,116940.95
318000.0,227556.95
130000.0,169057.45
200000.0,224582.92
340000.0,311167.78
145000.0,136164.3
570000.0,624525.06
137900.0,125489.4
239000.0,233814.8
690000.0,712838.94
125000.0,236428.58
230000.0,186634.14
134000.0,120775.2
180000.0,143610.72
77000.0,107858.21
892000.0,925359.56
90000.0,123078.125
70000.0,201257.8
190000.0,158490.16
98000.0,84209.09
55000.0,79298.27
180000.0,181859.78
80000.0,107942.984
80000.0,96378.46
280000.0,369199.6
304000.0,236672.19
130200.0,134333.1
70000.0,90385.31
179500.0,368835.44
65000.0,86527.97
180900.0,195502.77
130000.0,128148.2
165000.0,161899.39
75000.0,78484.63
80000.0,85001.17
99000.0,83453.484
129000.0,123520.65
63850.0,93937.88
105000.0,108415.04
129000.0,145795.1
129000.0,252548.02
209000.0,157520.22
169000.0,293475.25
85000.0,65600.664
260000.0,225004.81
107000.0,142339.53
145000.0,115880.28
87900.0,78693.88
122856.0,104917.28
105000.0,126006.375
155000.0,151519.3
100000.0,70998.41
69000.0,92714.57
228000.0,304773.8
53000.0,77301.85
153000.0,197964.83
75000.0,94982.65
130000.0,156955.44
114000.0,102586.72
470000.0,358563.4
165000.0,155338.6
115000.0,104001.15
140000.0,142218.08
159000.0,184144.89
115000.0,189139.77
44000.0,55486.426
135000.0,114083.07
239000.0,301618.06
109999.0,174531.25
93000.0,101766.016
118000.0,95089.664
225000.0,227333.52
139000.0,189622.22
84000.0,101114.89
165000.0,156428.53
120000.0,124171.22
1200000.0,1025846.0
118000.0,104830.95
420000.0,435468.03
69000.0,84707.6
110000.0,133401.69
148000.0,143438.28
298000.0,295305.7
150000.0,238695.58
110000.0,121793.22
265000.0,184529.64
240000.0,282740.2
220000.0,210636.64
85000.0,68491.7
250000.0,501626.4
118000.0,148974.47
53000.0,61887.234
74000.0,66382.03
44900.0,89619.25
121072.0,150394.34
125000.0,120603.234
150000.0,131644.23
90000.0,103379.195
308000.0,316028.75
89000.0,84616.87
339000.0,461763.6
137094.0,96920.35
79900.0,94955.0
1100000.0,740587.06
79000.0,98908.48
127000.0,247701.72
68000.0,217755.39
85000.0,221299.66
79800.0,95006.96
70000.0,143056.48
190000.0,142227.19
345000.0,331270.2
245000.0,215982.8
146000.0,153418.47
66000.0,85093.09
250000.0,186819.45
124000.0,165344.42
121000.0,85068.76
140000.0,167153.69
89000.0,89135.44
92092.0,108355.63
350000.0,255103.98
93000.0,88454.71
100000.0,103940.34
220000.0,136628.6
159000.0,156642.6
132000.0,137911.97
130000.0,112322.28
120000.0,154094.02
285000.0,212057.48
120000.0,127996.04
190000.0,220419.31
75000.0,81834.586
99900.0,127556.64
140000.0,145849.88
165000.0,158950.8
185000.0,213692.08
165000.0,160630.56
280000.0,233225.53
212000.0,123078.125
180000.0,111319.73
126000.0,106014.64
320000.0,372255.6
185000.0,191436.56
77500.0,105417.086
39000.0,47416.887
100000.0,150891.38
250000.0,640716.9
160000.0,203851.72
420000.0,313039.44
219000.0,243789.53
120000.0,122044.14
525000.0,576908.94
135000.0,103232.38
90000.0,123365.32
595000.0,601972.4
120000.0,137272.77
243000.0,316539.62
79000.0,102294.9
85000.0,96259.6
53000.0,60748.605
420000.0,344779.72
57000.0,181619.56
390000.0,414793.1
143900.0,229641.9
120000.0,105140.44
96757.0,119793.49
140000.0,181136.19
130000.0,135855.38
79900.0,66446.47
120000.0,160720.58
97000.0,110912.08
88000.0,107869.27
199000.0,191663.34
67000.0,69226.9
175000.0,138916.86
90000.0,90698.74
110000.0,93682.42
138000.0,148461.06
490000.0,308325.78
220000.0,210636.64
270000.0,416857.53
161226.0,126975.29
160000.0,142963.39
90000.0,76866.69
490000.0,383511.5
315000.0,259923.14
119000.0,210420.62
150000.0,325627.06
115000.0,128316.66
89000.0,107563.945
1400000.0,967978.56
309000.0,280751.03
74500.0,101653.59
119000.0,137059.7
280000.0,224127.78
149000.0,140372.23
229000.0,160756.06
520000.0,564778.75
200000.0,195879.81
183000.0,177196.92
64000.0,104138.94
197512.0,159173.17
135000.0,115027.19
57000.0,221648.2
71000.0,99424.51
149000.0,184144.89
123000.0,126852.98
700000.0,614060.6
145000.0,133451.0
112500.0,114092.32
175000.0,194507.6
132000.0,154442.42
167000.0,198674.7
68000.0,71414.79
85000.0,108355.63
108000.0,92026.17
83999.0,104523.53
169900.0,153236.36
65000.0,65600.664
279900.0,214031.36
280000.0,321269.1
90000.0,61140.906
110000.0,136633.25
125000.0,141946.42
210000.0,201805.1
450000.0,479655.88
135000.0,158978.48
136000.0,308325.78
720000.0,890122.0
78000.0,103866.63
267000.0,263139.16
92500.0,148335.83
115600.0,124774.734
79000.0,90662.85
170200.0,178525.78
249900.0,328579.4
410000.0,386794.7
550000.0,412269.47
340000.0,364159.3
385000.0,341066.8
95000.0,111865.73
115000.0,115980.164
88000.0,68568.68
70000.0,80895.51
250000.0,216045.83
130000.0,97251.195
126000.0,225926.3
105000.0,113495.25
800000.0,724837.3
89000.0,83189.805
95000.0,65600.664
240000.0,197398.69
370000.0,492618.72
142000.0,169931.62
110000.0,191176.84
520000.0,338478.34
73000.0,178495.38
80000.0,103108.914
390000.0,292341.22
149500.0,255861.33
160000.0,220011.39
95000.0,143195.66
198000.0,166557.34
89000.0,115719.31
490000.0,606720.0
166400.0,118460.07
300000.0,262905.53
99000.0,107051.63
282000.0,233006.67
142000.0,113135.484
99000.0,110546.8
285000.0,426105.1
151500.0,160627.1
249000.0,401210.6
650000.0,831468.3
98900.0,131621.98
170000.0,241195.14
40000.0,48097.98
375000.0,233225.53
67000.0,115836.305
335400.0,499796.44
115650.0,99858.266
79000.0,61979.156
195000.0,181431.6
245000.0,212057.48
232000.0,202078.42
65000.0,90003.51
150000.0,200533.72
190000.0,131874.66
60000.0,73376.33
900000.0,967978.56
189000.0,145373.56
1500000.0,800405.75
129000.0,116614.88
199920.0,178062.11
668000.0,423247.47
154999.0,171279.2
155000.0,236428.58
440000.0,432327.2
670000.0,608656.44
320000.0,259680.66
82000.0,90154.92
220000.0,279348.03
121000.0,132218.08
350000.0,291147.4
63000.0,68610.56
612000.0,968606.0
68000.0,85245.84
305000.0,219582.2
179000.0,279914.84
545000.0,522065.25
130000.0,145095.7
165000.0,144680.12
290000.0,234861.7
370000.0,281425.78
230000.0,228080.27
165000.0,179186.42
200000.0,301618.28
120000.0,85093.09
114000.0,94588.984
600000.0,298624.34
257000.0,241284.61
175000.0,172686.06
258000.0,197618.03
145000.0,98689.31
98000.0,84781.29
119000.0,104523.53
132000.0,106598.52
255000.0,217691.38
155000.0,135974.17
94000.0,83277.07
235000.0,162867.53
250000.0,297189.38
79000.0,63333.46
168000.0,143376.12
380000.0,262153.78
420000.0,407147.66
168000.0,146677.56
90000.0,283739.6
135000.0,161490.33
105000.0,145330.23
189000.0,153236.36
245000.0,296448.75
185000.0,239560.89
99000.0,103646.99
245000.0,271311.06
155809.0,144680.12
145000.0,153384.88
109000.0,130282.26
150000.0,230180.73
97000.0,98639.76
110000.0,113686.03
65000.0,121803.08
165000.0,162736.95
320000.0,298698.03
125000.0,100819.7
260000.0,199789.47
129900.0,231280.42
199900.0,207027.53
69000.0,59584.074
250000.0,194569.48
240000.0,253711.45
65000.0,216284.28
135000.0,103452.87
105000.0,99381.73
45000.0,98192.266
154000.0,195316.84
380000.0,192897.86
73000.0,112522.92
699000.0,223104.11
230000.0,237467.45
244900.0,174875.14
59900.0,65600.664
110000.0,144224.62
180000.0,193015.6
159000.0,152144.33
119200.0,109809.89
95000.0,82681.125
670000.0,646198.56
480000.0,335757.03
97000.0,100362.734
58000.0,54037.83
66000.0,68290.14
115000.0,105537.98
75000.0,98322.984
225000.0,189529.36
130000.0,140026.98
108000.0,96630.61
76000.0,111390.93
175610.0,212330.67
90000.0,118867.664
159000.0,145898.84
385000.0,290384.03
55000.0,53473.062
449000.0,499775.66
80000.0,106812.305
79000.0,182048.98
105000.0,109585.09
104000.0,120481.95
199000.0,216101.39
165000.0,205344.44
76000.0,97116.555
138906.0,81916.59
220000.0,230744.31
138000.0,198765.5
630000.0,437309.9
390000.0,276313.9
110000.0,95733.0
129000.0,164004.6
248000.0,329373.62
134900.0,123346.3
119500.0,113584.9
490000.0,237770.94
195000.0,196212.1
104900.0,75995.31
126000.0,158422.77
205000.0,207527.56
249000.0,283973.72
235000.0,182285.73
96000.0,110875.2
85000.0,95671.91
100000.0,110875.2
285000.0,279891.03
49990.0,80380.33
67990.0,85536.77
710000.0,621874.25
220000.0,284094.03
135000.0,119570.03
120000.0,163457.7
95000.0,132011.3
265000.0,216965.17
280000.0,301618.28
450000.0,254726.12
169000.0,119585.89
480000.0,371008.2
79000.0,80970.37
140000.0,128359.86
85000.0,110927.77
189900.0,151610.39
150000.0,150460.11
149500.0,163778.0
120000.0,135903.06
330000.0,231184.94
215000.0,305601.62
640000.0,534090.44
135900.0,123444.13
359000.0,234842.5
128000.0,137207.06
129000.0,154175.31
52000.0,82174.2
173000.0,169774.2
390000.0,381136.97
260000.0,227196.73
99000.0,106867.21
1050000.0,958701.06
118000.0,174318.03
108000.0,83518.37
480000.0,663020.75
105000.0,114813.72
313000.0,215982.8
220000.0,278984.7
399500.0,476827.25
72000.0,64173.914
135000.0,132161.03
135000.0,155534.95
69000.0,69487.266
660000.0,497513.75
190000.0,181125.69
119000.0,135986.17
179000.0,132557.02
150000.0,163080.9
309000.0,247774.95
89000.0,75660.38
225000.0,190742.61
135000.0,132161.03
324900.0,465017.56
370000.0,366289.5
125000.0,198002.83
170000.0,137603.42
143000.0,158952.3
125000.0,150948.45
679000.0,598438.44
310000.0,415870.16
99000.0,106491.66
320000.0,275924.78
175000.0,137588.77
199000.0,233669.97
100000.0,91996.02
267300.0,211176.39
135000.0,113231.58
96000.0,88571.81
85200.0,71425.92
395000.0,331272.78
565000.0,384549.2
110000.0,224630.58
110000.0,155502.36
630000.0,648021.56
159000.0,197544.33
159000.0,140643.16
375000.0,302654.25
85000.0,80153.02
373000.0,343903.94
89900.0,147843.61
259000.0,261915.23
99000.0,106341.84
85000.0,60731.63
108612.0,67598.484
173000.0,148184.6
320000.0,341761.53
145000.0,181644.9
140000.0,160720.58
69900.0,76413.65
180000.0,193345.38
80000.0,94827.91
199000.0,178525.78
78000.0,89860.5
81000.0,98908.48
75900.0,79671.016
118000.0,105204.484
129500.0,140399.5
198000.0,148303.12
130000.0,166328.83
310000.0,345261.53
153000.0,127190.05
300000.0,247085.0
980000.0,566638.75
118000.0,167553.55
158000.0,153032.12
179000.0,191737.05
260000.0,485817.56
360000.0,320691.28
98000.0,138583.11
109000.0,132507.16
122500.0,112561.67
99000.0,117698.3
295000.0,478151.44
280000.0,236084.45
128000.0,132046.39
279000.0,259984.94
48600.0,77563.62
249500.0,239177.16
245000.0,229968.73
232000.0,309852.28
277000.0,269942.7
50000.0,52551.637
95000.0,94209.43
88000.0,109308.38
125000.0,147641.16
179000.0,202389.75
79500.0,84484.63
115000.0,122373.73
175000.0,209906.45
89900.0,105983.875
305000.0,421846.7
87000.0,125727.58
78000.0,96766.83
199000.0,188423.31
119000.0,97503.32
125000.0,162018.27
62000.0,52551.637
148000.0,172827.23
345000.0,250220.92
79000.0,98151.234
127000.0,138748.73
199000.0,276944.1
149000.0,131995.33
149900.0,146313.78
110000.0,109809.89
139000.0,153928.72
129900.0,109742.28
102004.0,103940.34
187000.0,152260.34
199900.0,173535.5
150000.0,124097.51
320000.0,336648.06
137000.0,153928.72
227000.0,255861.33
105000.0,221648.2
130000.0,107051.63
140000.0,169054.42
290000.0,243415.67
310000.0,311398.53
485000.0,412110.22
680000.0,839984.9
95500.0,79671.016
260000.0,214628.05
449000.0,353512.88
63000.0,85101.3
95000.0,73751.32
96140.0,118339.28
95000.0,99748.41
87000.0,387612.5
123900.0,128128.8
165000.0,189911.28
580000.0,593906.6
220000.0,249034.98
73940.0,93144.37
49900.0,61979.156
150000.0,117996.625
84500.0,93142.95
120000.0,133401.69
140000.0,158978.48
99000.0,143618.52
69000.0,95855.305
259900.0,264032.2
74000.0,101470.01
298000.0,400541.47
127626.0,113161.54
195000.0,224102.11
222000.0,181633.34
115000.0,106082.945
80000.0,69997.234
136000.0,152486.7
430000.0,430497.53
54000.0,54283.72
119900.0,149210.73
265680.0,163355.45
69000.0,106893.86
235000.0,280123.06
149300.0,153303.89
189900.0,172856.55
185000.0,211476.77
185000.0,201738.17
48000.0,103567.7
170000.0,120775.2
110000.0,115513.02
320000.0,199346.55
80000.0,92147.35
240000.0,186280.67
95000.0,108259.6
105000.0,97394.46
365000.0,252746.77
100000.0,112948.53
128000.0,102003.81
290000.0,195793.1
160000.0,121793.22
189990.0,183139.36
620000.0,568841.6
250000.0,263212.84
114900.0,91435.96
85000.0,74257.32
249000.0,297793.9
90000.0,113686.03
168000.0,144943.52
89900.0,73869.695
199000.0,160553.39
195000.0,232362.69
139800.0,142233.0
150000.0,110787.7
107000.0,149456.89
245000.0,224414.7
91500.0,92147.35
62000.0,114481.68
95000.0,111692.61
80000.0,90698.74
220000.0,210636.64
145000.0,161374.83
299000.0,252425.3
218000.0,236474.36
121000.0,100204.27
84000.0,142027.56
490000.0,303528.72
99000.0,111987.875
360000.0,320299.1
1100000.0,719372.06
170000.0,149078.98
229000.0,160027.84
55000.0,59359.133
159000.0,333332.72
315000.0,341761.53
75000.0,101713.72
125000.0,174531.25
59900.0,98870.67
75000.0,113595.49
350000.0,520645.0
99000.0,113135.484
289000.0,291376.75
248300.0,182795.31
144000.0,212070.83
170000.0,255240.0
79500.0,69057.55
148000.0,170235.95
107000.0,82215.42
148000.0,105103.18
190000.0,118186.19
295000.0,313039.44
170000.0,243415.67
89900.0,109750.914
860000.0,564232.5
1300000.0,904782.4
435000.0,342919.06
460000.0,582251.8
215000.0,222435.22
97500.0,111590.05
148000.0,154559.22
90000.0,131476.33
243000.0,292764.7
53000.0,67451.9
230000.0,218090.61
590000.0,542948.2
129000.0,115676.64
89000.0,93322.805
435000.0,643144.9
73000.0,108467.56
95000.0,157803.25
125000.0,148992.78
119900.0,125318.33
40000.0,49753.09
120000.0,144224.62
54000.0,61249.582
119000.0,111173.37
260000.0,349538.44
165000.0,144465.8
335000.0,343713.9
500000.0,450483.1
68000.0,95057.47
125000.0,147176.62
99000.0,173694.6
49500.0,84020.17
105000.0,125277.13
99000.0,119930.38
172000.0,148387.36
115000.0,124179.055
121000.0,108122.84
890000.0,652960.06
75000.0,84119.33
460000.0,377439.34
135000.0,144680.12
137000.0,155265.78
89000.0,92266.195
298000.0,241393.4
120000.0,114789.2
129000.0,122447.72
590000.0,703097.94
575000.0,530158.25
78000.0,101960.766
349000.0,397681.6
170000.0,260095.39
270000.0,226929.14
74900.0,85245.016
84000.0,114463.53
125000.0,133811.12
198000.0,218839.31
210000.0,180291.1
85000.0,253926.17
199500.0,189734.97
119000.0,107869.27
105000.0,80012.64
359900.0,243486.84
90000.0,113014.7
158000.0,275571.12
67230.0,128318.375
215000.0,237483.23
195000.0,170665.2
127000.0,179402.12
78000.0,77301.85
189000.0,233647.1
280000.0,420946.38
110000.0,150394.34
78500.0,74090.94
61900.0,75758.29
89000.0,95057.47
83000.0,104757.24
75000.0,79844.664
85000.0,95105.25
550000.0,592622.3
208000.0,241613.94
124000.0,126582.64
120000.0,94424.836
195000.0,144289.17
148000.0,163359.94
70000.0,112468.414
95000.0,103640.69
150000.0,126676.36
38500.0,47308.164
46500.0,72562.13
350000.0,245079.58
220000.0,166205.44
109000.0,121494.3
250000.0,215122.94
158000.0,152706.56
160000.0,133811.12
230000.0,160771.72
205000.0,198089.53
280000.0,347737.88
120000.0,117368.65
520000.0,412269.47
230000.0,321758.0
88000.0,104757.24
120000.0,107051.63
46500.0,59787.07
157520.0,128359.86
237000.0,209303.95
69000.0,69861.125
229000.0,270061.22
139000.0,164936.64
250000.0,342584.44
79000.0,195728.11
110000.0,125275.4
590000.0,601012.7
59000.0,71774.19
56000.0,62790.637
169000.0,146503.83
99000.0,122689.28
150000.0,179214.42
84000.0,99160.375
65000.0,92091.24
90860.0,99166.06
85000.0,75283.36
260000.0,228205.42
82000.0,117487.89
95000.0,75031.93
370000.0,323000.4
95526.0,99424.51
235000.0,366224.84
65000.0,84389.7
595000.0,610473.25
77000.0,92427.336
186000.0,162739.84
235000.0,220419.31
680000.0,575173.6
170000.0,156543.06
79000.0,99990.414
150000.0,160958.14
210000.0,246969.9
92900.0,90031.53
1170000.0,985327.56
420000.0,555242.3
95000.0,113031.664
480000.0,624323.56
132000.0,130396.26
108000.0,144205.8
65000.0,78554.625
120000.0,188741.14
120000.0,119570.03
69000.0,79671.016
298544.0,341126.97
77000.0,83831.09
425000.0,480271.6
115000.0,113031.664
580000.0,415736.06
90000.0,110932.195
110000.0,129749.22
62900.0,70075.016
79000.0,98513.695
79000.0,90698.74
178000.0,137207.06
1500000.0,971479.1
87000.0,110873.94
60000.0,67622.484
395000.0,221439.3
150000.0,133811.12
115000.0,100596.234
849000.0,801899.06
260000.0,233111.55
260000.0,158682.1
140000.0,142747.0
330000.0,348858.25
42000.0,68800.79
188000.0,302843.12
149000.0,133313.66
540000.0,444182.6
135000.0,116754.95
265000.0,241460.83
289000.0,292606.75
415000.0,355514.44
220000.0,283725.03
169000.0,241513.53
109000.0,102804.75
75000.0,236428.58
390000.0,365026.34
1200000.0,858259.44
125000.0,136985.64
299000.0,453650.16
115000.0,154612.66
185000.0,128473.59
50000.0,52551.637
150000.0,139206.33
145000.0,148715.7
99000.0,119343.39
820000.0,737522.8
250000.0,169357.67
229175.0,159173.17
135000.0,229910.62
113339.0,133811.12
130000.0,108739.78
350000.0,426522.44
184700.0,142733.22
75000.0,94238.73
180000.0,195728.11
80000.0,92110.42
84500.0,99468.04
108000.0,84378.914
45000.0,58081.883
375000.0,405810.1
1250000.0,1042372.6
315000.0,264595.4
65000.0,94827.91
195000.0,299001.44
250000.0,368259.75
120000.0,143376.12
142000.0,114092.32
400000.0,257268.92
397000.0,390230.4
170000.0,161291.39
529000.0,473553.25
89000.0,112575.99
155000.0,207841.89
88000.0,95928.586
119000.0,122383.36
250000.0,329373.62
132000.0,127190.05
168000.0,222162.62
120000.0,117035.28
119000.0,128646.74
199900.0,196216.27
95900.0,90003.51
68000.0,99689.5
94500.0,127198.69
159000.0,156642.6
89000.0,97937.734
69300.0,130759.3
59936.0,67452.164
175000.0,171611.58
132000.0,96766.83
107000.0,149456.89
110000.0,159323.39
84000.0,96378.46
124000.0,108533.93
96000.0,106272.97
86000.0,128838.17
240000.0,313911.5
138000.0,178073.27
65000.0,68527.31
209000.0,189166.4
170000.0,204770.86
89000.0,110403.56
80000.0,95928.586
145000.0,145821.78
85000.0,93144.37
500000.0,346358.6
180000.0,247988.1
70000.0,94488.234
199000.0,239720.08
209000.0,256268.12
130535.0,104917.28
219310.0,212426.45
156000.0,195503.6
59080.0,93045.05
145000.0,176665.3
735000.0,767167.9
84000.0,93118.766
118000.0,107942.984
93000.0,151835.67
360000.0,272771.34
180000.0,165724.4
59000.0,110089.53
680000.0,432327.2
330000.0,330685.22
136000.0,105467.99
195000.0,131615.39
110000.0,108355.63
65000.0,141081.97
230000.0,240837.17
240000.0,131358.2
85000.0,76046.05
205000.0,140586.05
159000.0,148543.94
80000.0,104014.055
195000.0,321269.1
75000.0,94240.414
83000.0,150182.05
580000.0,397681.6
89000.0,110809.875
232000.0,219356.72
165000.0,170366.64
600000.0,879725.4
219000.0,218181.02
635000.0,649516.3
470000.0,290398.1
224000.0,215982.8
89000.0,109667.4
79500.0,100728.51
60000.0,65916.71
141735.0,148155.7
515000.0,568915.4
129500.0,140399.5
165495.0,116692.47
115000.0,131874.66
133000.0,204047.52
169000.0,246483.72
490000.0,237770.94
199900.0,183139.36
193000.0,164353.2
72000.0,102622.586
165000.0,180927.12
449000.0,439023.0
136999.0,149210.73
105000.0,101373.8
92000.0,109742.28
240000.0,195502.77
170000.0,103604.44
115000.0,116674.64
169000.0,160756.06
94799.0,99412.56
89000.0,93969.55
295000.0,362800.7
224900.0,171907.77
68000.0,102229.14
490000.0,450483.1
149000.0,160411.16
229000.0,288482.53
120000.0,189419.86
225000.0,215033.75
375000.0,235425.67
73000.0,103866.63
190000.0,187506.22
190000.0,178688.62
145000.0,116026.375
595000.0,302950.2
95000.0,143579.0
235000.0,204684.77
190000.0,126141.664
160000.0,114566.68
179000.0,172719.39
146000.0,143088.56
200000.0,261828.73
84000.0,107869.27
94000.0,109656.97
220000.0,206144.4
135000.0,172348.6
145000.0,137015.52
225000.0,233440.52
89000.0,233814.8
135000.0,122392.85
220000.0,310625.06
52077.0,81916.59
349000.0,329306.38
117000.0,179679.25
90000.0,129213.805
89000.0,106255.33
105000.0,118818.914
160000.0,158978.48
175000.0,159280.66
85600.0,72703.75
134900.0,105570.375
70000.0,77588.68
85000.0,103133.14
57000.0,60731.63
95000.0,82228.53
85000.0,139576.89
143000.0,161194.02
85000.0,108355.63
150000.0,183290.12
240000.0,321684.3
76700.0,99173.34
229000.0,202004.72
69900.0,94827.91
105000.0,99758.555
130000.0,124569.984
265000.0,274545.38
78000.0,124491.11
79000.0,101799.37
510000.0,602480.8
430000.0,243415.67
57000.0,62421.5
249000.0,217691.38
110000.0,110171.48
75000.0,94959.39
105000.0,94209.43
85000.0,96186.26
95000.0,122464.01
380000.0,425943.72
46500.0,50012.26
98000.0,198797.47
230000.0,306834.9
208000.0,239177.16
210000.0,177009.62
106000.0,102409.984
245000.0,249108.69
90000.0,93872.055
170000.0,140059.48
430000.0,568915.4
130000.0,124390.74
73000.0,141233.56
253000.0,180085.6
115000.0,153749.45
77243.0,59359.133
148000.0,161899.39
65000.0,75905.94
335000.0,326644.6
132000.0,139733.33
124900.0,114515.97
68000.0,130685.59
120000.0,88571.81
74900.0,86459.28
380000.0,578719.5
82000.0,85903.31
46000.0,62817.72
270000.0,149135.47
180000.0,137207.06
120000.0,97527.234
129000.0,185744.27
125000.0,85536.77
103950.0,100277.984
225000.0,246665.06
350000.0,244814.81
247000.0,231884.5
262000.0,268183.38
210000.0,260738.97
175000.0,286041.56
129900.0,117996.625
285000.0,309437.3
160000.0,123930.914
260000.0,218045.05
122000.0,126324.086
224000.0,291108.88
105000.0,79762.94
196000.0,128791.086
89900.0,105307.04
280000.0,237099.06
249000.0,222293.69
139000.0,169418.38
159000.0,166522.39
160000.0,360882.78
139900.0,140544.86
499000.0,337992.34
89000.0,115767.53
100000.0,108249.05
163000.0,191663.34
160000.0,165746.19
146800.0,116120.45
182000.0,170284.22
69000.0,81855.27
125000.0,115861.9
139000.0,127082.33
72800.0,83136.96
150000.0,158733.77
172000.0,144680.12
210000.0,156642.6
140000.0,146313.78
59000.0,82329.98
82000.0,142567.4
275000.0,343903.94
85000.0,99424.51
132000.0,101613.14
215000.0,237250.47
99000.0,99517.1
99000.0,120298.06
62000.0,85371.26
114000.0,221648.2
98000.0,103418.89
630000.0,819005.75
269000.0,245079.58
330000.0,324807.53
199900.0,163355.45
340000.0,231671.67
80000.0,122383.36
184000.0,161129.9
85000.0,110927.77
120000.0,91777.77
112000.0,96011.375
117700.0,110070.12
155000.0,158950.8
51500.0,63721.758
110000.0,111692.61
135000.0,111271.63
87500.0,108355.63
45000.0,54032.152
83900.0,229641.9
220000.0,257127.06
249900.0,248667.27
228900.0,227556.95
100000.0,147679.86
100000.0,114780.58
72000.0,85516.484
130000.0,103364.086
680000.0,713461.06
81000.0,89340.445
329000.0,281323.44
600000.0,566638.75
145000.0,148110.89
160000.0,169115.92
130000.0,116849.22
209000.0,204651.88
139000.0,113452.69
89000.0,87941.61
95000.0,104684.06
240000.0,311987.12
258000.0,251040.05
130000.0,136434.31
160000.0,201676.72
950000.0,442488.84
140000.0,120199.54
228000.0,218552.62
109000.0,139645.58
220000.0,193041.86
219500.0,153598.5
92000.0,113686.03
97914.0,107117.05
78000.0,233814.8
229000.0,224888.42
89000.0,104901.48
120000.0,107449.63
69000.0,107330.25
94000.0,105296.305
129000.0,119209.95
129000.0,136408.72
42000.0,52852.02
259000.0,328579.4
136300.0,125023.945
74000.0,73170.734
145000.0,113074.56
167900.0,181002.7
129000.0,120652.734
130000.0,133262.72
135000.0,113019.17
125000.0,126582.64
105000.0,114691.98
78500.0,70747.305
199000.0,215033.75
180000.0,242449.6
135000.0,128168.984
115000.0,108533.93
95000.0,86870.48
123000.0,129172.11
199000.0,214628.05
100000.0,133811.12
94000.0,103919.0
73000.0,98151.234
88000.0,89485.85
882000.0,366289.5
148000.0,126118.74
126000.0,89708.03
215000.0,281638.97
129000.0,140254.55
330000.0,307896.2
840000.0,862784.44
209900.0,159675.11
148000.0,128646.74
198000.0,369576.53
260000.0,234737.88
345000.0,272227.9
275000.0,301618.28
450000.0,386258.88
72500.0,100727.555
128000.0,149787.52
166000.0,157303.44
185000.0,209976.36
120000.0,117744.98
112500.0,102409.266
139900.0,186939.88
149500.0,140843.95
79660.0,83518.37
137000.0,130396.26
95000.0,100010.25
228600.0,176840.66
220000.0,226269.5
138000.0,120343.16
128000.0,159675.11
160000.0,121503.54
113800.0,85027.586
395000.0,420654.53
134000.0,125524.27
95085.0,108355.63
109000.0,98415.6
53000.0,81501.875
87000.0,132891.12
250000.0,314954.28
177000.0,204843.56
49500.0,93931.75
200000.0,154745.7
340000.0,420526.4
305000.0,289178.97
68918.0,103017.72
590000.0,578637.0
285000.0,282001.2
290000.0,371168.47
329000.0,222873.12
275000.0,235499.38
115000.0,84045.62
205000.0,139185.73
395000.0,326893.88
125000.0,133811.12
260000.0,267636.94
390000.0,288724.25
145000.0,106482.16
88000.0,107254.94
137500.0,93602.17
615000.0,594544.8
149000.0,166946.3
148000.0,213470.56
112000.0,122215.42
102000.0,94750.42
210000.0,155736.75
133000.0,115676.64
241644.0,241390.23
164900.0,126582.64
117000.0,112716.02
115000.0,152921.81
470000.0,248319.61
260000.0,151588.4
420000.0,257268.92
88000.0,80380.33
360000.0,345261.53
720000.0,574175.75
115000.0,114482.08
149000.0,153854.48
80000.0,122205.336
350000.0,252574.61
269000.0,220544.42
175000.0,162122.61
125000.0,143095.67
620000.0,879725.4
50000.0,45916.863
55000.0,53135.25
89900.0,134252.69
172000.0,137207.06
75000.0,102003.81
81000.0,78939.72
115000.0,109750.914
115000.0,148143.7
170000.0,125841.78
119000.0,108850.57
225000.0,155338.6
105000.0,104410.734
210000.0,181359.17
120000.0,108259.6
165000.0,109300.97
90000.0,109966.51
290000.0,366151.16
494000.0,325888.88
239000.0,256204.06
340000.0,426854.28
240000.0,311987.12
82000.0,87867.9
390000.0,387362.16
195000.0,267691.0
1390000.0,982272.5
220000.0,120662.08
69000.0,201295.42
40000.0,59101.117
310000.0,203816.81
105000.0,96205.63
127600.0,150232.95
239000.0,237770.94
292000.0,205467.05
80000.0,123208.305
535000.0,503237.22
143500.0,195502.77
110000.0,126006.375
82000.0,76364.03
298000.0,296448.75
125000.0,136655.12
135000.0,124379.83
83900.0,101894.13
225000.0,172017.38
149000.0,171778.8
90000.0,123012.0
139000.0,201586.33
1350000.0,455899.12
155000.0,115623.99
170000.0,181415.28
75000.0,94785.28
92000.0,86659.24
212000.0,345261.53
480000.0,465017.56
220000.0,173694.6
129000.0,139422.5
240000.0,235854.86
149900.0,133056.27
71900.0,69210.68
450000.0,497109.97
600000.0,525565.4
149000.0,134949.36
65000.0,92947.87
126000.0,145130.03
79847.0,96841.71
88900.0,162668.17
275000.0,182112.97
330000.0,383792.84
135000.0,132387.14
399000.0,250220.92
230000.0,168933.67
330000.0,371168.47
84000.0,77445.59
185000.0,168026.39
460000.0,356634.6
74000.0,101996.14
210000.0,318407.8
260000.0,267264.06
265000.0,286917.62
67500.0,98976.06
77000.0,72625.664
75000.0,93326.13
84000.0,114463.53
77000.0,68438.38
59000.0,70994.0
79000.0,107869.27
72000.0,105570.375
125000.0,139724.97
255895.0,151829.44
118000.0,87361.58
650000.0,579299.44
125000.0,109110.484
809000.0,736161.0
585000.0,260223.55
148000.0,174210.42
230000.0,177228.31
125000.0,110004.2
470000.0,366151.16
98000.0,108876.3
375000.0,364159.3
345000.0,272227.9
105000.0,111711.11
140000.0,137456.28
135000.0,117769.266
120000.0,102711.08
205000.0,225926.75
79500.0,73670.664
132900.0,165039.78
140000.0,106079.4
460000.0,250106.1
158000.0,127082.33
750000.0,890250.56
85600.0,109965.79
850000.0,432756.9
90000.0,98277.086
130000.0,145852.27
145000.0,190373.27
108500.0,118186.19
168000.0,218552.62
105000.0,144050.38
175000.0,212131.19
265000.0,181659.73
320000.0,442866.16
145000.0,124593.91
173411.0,143609.94
130000.0,160613.16
149000.0,152299.02
129500.0,91382.45
79900.0,110089.53
79500.0,121413.49
450000.0,376014.22
160000.0,149755.48
200000.0,284987.75
199623.0,143723.23
215000.0,275245.22
155000.0,145295.81
80900.0,104211.67
65000.0,104861.734
155000.0,169418.38
158000.0,135763.0
460000.0,322617.72
105000.0,98530.516
87000.0,65920.9
180000.0,136985.64
109000.0,102644.3
55000.0,61586.855
600000.0,651694.8
89000.0,90554.41
159000.0,150642.88
440000.0,302654.25
490000.0,429718.53
259999.0,382446.0
110000.0,148110.89
310980.0,426615.94
109900.0,108505.89
196000.0,119620.74
375000.0,292606.75
245000.0,193853.95
115000.0,111692.61
89900.0,127311.71
219000.0,198658.12
219000.0,219439.83
200000.0,139697.22
390000.0,834213.0
79000.0,101470.01
165000.0,181692.88
64000.0,94827.91
70000.0,61490.715
152000.0,133313.66
185000.0,149489.73
71000.0,72575.91
91022.0,108355.63
170000.0,116026.375
185000.0,165790.95
82866.0,116846.44
188000.0,178525.78
137000.0,166466.42
329000.0,336558.9
89000.0,99748.41
150000.0,138655.58
740000.0,598438.44
129000.0,127639.3
120000.0,75031.93
199900.0,241195.14
60000.0,46887.766
590000.0,585572.06
400000.0,508012.75
147000.0,180925.53
99000.0,152995.66
80000.0,88599.23
240000.0,300768.1
259000.0,151500.22
185000.0,290052.12
48000.0,63259.754
79900.0,71716.48
525000.0,670140.0
235000.0,680363.7
99000.0,83831.09
230000.0,172348.6
495000.0,519115.56
141000.0,163778.0
430000.0,512035.9
84000.0,104722.89
400000.0,299153.72
45000.0,71131.914
63000.0,75035.516
112000.0,124973.93
200000.0,242732.92
65000.0,82754.836
150000.0,149456.89
390000.0,374363.8
109900.0,125483.25
185000.0,181859.78
115000.0,146313.78
129500.0,148387.36
109000.0,146052.11
94000.0,130636.78
585000.0,629346.56
249000.0,261524.75
1085000.0,1017647.7
209000.0,265363.7
79900.0,100708.16
538000.0,593906.6
218900.0,160921.39
175000.0,172686.06
87000.0,109742.28
157000.0,147519.47
275000.0,182793.03
116000.0,106566.91
215000.0,187948.75
98000.0,101996.14
56000.0,71200.52
209000.0,134329.02
149000.0,137207.06
595000.0,581078.5
65000.0,79854.76
210000.0,137207.06
370000.0,251591.9
180000.0,203254.3
117500.0,118439.04
60000.0,86527.97
78000.0,68610.56
55000.0,76364.03
128000.0,142233.0
87000.0,110927.77
135000.0,136164.3
87300.0,108355.63
123674.0,119395.875
135000.0,152682.44
123000.0,115437.99
170000.0,156904.66
115000.0,148387.36
200000.0,181193.28
169000.0,158490.16
55000.0,68900.69
115000.0,99486.27
125000.0,82754.836
115000.0,154274.1
220000.0,174065.39
98000.0,122061.32
350000.0,375631.9
390000.0,338540.34
55000.0,76487.36
490000.0,471475.38
190000.0,171907.77
55000.0,69188.375
100000.0,104757.24
220000.0,275607.2
215000.0,148317.16
215000.0,174462.72
84000.0,79564.13
180000.0,226866.77
69000.0,126613.62
117000.0,136582.58
90000.0,136393.27
125000.0,144967.78
55000.0,65600.664
285000.0,220544.42
84000.0,85303.24
69000.0,136688.16
120000.0,101573.22
170000.0,216680.7
325000.0,206818.05
150000.0,133064.14
69900.0,73183.34
320000.0,510376.28
129000.0,158091.7
135000.0,130131.99
150000.0,143444.31
88000.0,123012.0
1290000.0,1036574.5
990000.0,338552.03
75000.0,123408.78
126000.0,198538.16
110000.0,134949.36
122000.0,154274.1
82321.0,105827.53
1000000.0,547671.94
65000.0,93317.41
120000.0,107225.92
350000.0,241390.23
450000.0,632521.06
145035.0,154150.62
121900.0,106085.15
53000.0,59584.074
1100000.0,635278.44
36149.0,89502.82
169000.0,150898.05
98000.0,115767.53
590000.0,364073.6
293000.0,345108.7
65000.0,58081.883
98900.0,124075.68
124950.0,114780.58
169778.0,154995.73
295000.0,411733.5
105000.0,156202.55
185000.0,222162.62
250000.0,258177.03
1330000.0,933412.0
169000.0,150284.4
90000.0,133262.72
175000.0,146313.78
220000.0,198801.1
220000.0,159135.23
158000.0,290052.12
112050.0,125340.74
350000.0,302600.84
1350000.0,1005749.3
81000.0,96920.35
108000.0,113215.93
105000.0,105531.38
188000.0,191663.34
84000.0,100689.96
123000.0,109809.89
185000.0,135872.0
640000.0,560357.4
85000.0,83202.414
175000.0,272177.25
400000.0,386393.22
199900.0,115316.85
288000.0,220544.42
105000.0,104523.53
238000.0,253711.45
310000.0,269942.7
149900.0,133383.89
99900.0,216284.28
149000.0,187992.0
229000.0,270572.06
160000.0,165621.78
148000.0,177268.84
60000.0,162433.14
85000.0,99441.61
142000.0,165443.73
76670.0,101386.4
295000.0,245555.47
139000.0,128018.88
620000.0,534090.44
190000.0,227333.52
119000.0,136702.3
69500.0,106893.86
140000.0,165334.27
170000.0,208766.23
62000.0,92343.23
182000.0,187449.45
235000.0,217123.11
320000.0,343727.5
64000.0,67721.805
135000.0,210562.94
479900.0,235477.36
305000.0,315336.3
195000.0,162716.36
115000.0,124097.51
269000.0,255103.98
65000.0,230914.95
185000.0,185392.94
82504.0,77941.62
83000.0,98870.67
85000.0,85726.92
115000.0,104174.86
125000.0,158801.2
117900.0,142685.45
650000.0,453882.22
64900.0,93602.17
189000.0,202389.75
255000.0,306476.2
159000.0,189618.17
123900.0,119429.96
449000.0,803375.75
189000.0,243789.53
145000.0,104917.28
169000.0,171302.39
75000.0,74795.9
240000.0,184024.19
199000.0,147712.27
55000.0,69057.55
95000.0,97123.21
86000.0,63259.754
249000.0,222581.42
149000.0,153749.45
149900.0,138260.66
175000.0,306834.9
135000.0,107212.164
96000.0,69983.09
168000.0,127474.48
150000.0,125718.445
162000.0,149748.56
149000.0,125559.01
115000.0,217123.11
66000.0,94827.91
385000.0,570514.94
149500.0,184931.5
63000.0,105656.63
289000.0,276944.1
720000.0,647761.7
335000.0,296448.75
99000.0,117403.32
195000.0,179214.42
79900.0,102148.79
135000.0,146052.11
145000.0,143169.38
115900.0,116552.914
174900.0,250346.88
190000.0,117248.67
158000.0,184144.89
367000.0,390928.47
118000.0,110541.32
185000.0,195974.56
82000.0,130685.59
52000.0,64714.027
95000.0,95131.18
350000.0,316539.62
90000.0,87701.914
129000.0,109369.49
800000.0,878352.2
217900.0,188788.48
209000.0,151262.72
480000.0,638078.75
220000.0,135589.53
250000.0,240443.92
124000.0,125326.266
123000.0,143284.48
230000.0,284219.9
133000.0,165692.6
175000.0,202084.28
182000.0,181136.19
130000.0,146001.02
65000.0,98823.43
134000.0,163373.75
144000.0,152706.56
105000.0,91994.4
235000.0,288854.44
125000.0,154328.2
72000.0,99585.04
250000.0,285806.78
240000.0,281638.97
60000.0,221299.66
850000.0,867895.7
115830.0,102470.9
360000.0,300959.84
104900.0,103284.57
77000.0,93531.16
390000.0,316059.84
129000.0,133769.48
430000.0,243415.67
275000.0,188408.02
240000.0,343813.97
95000.0,192755.98
395000.0,499796.44
179900.0,262002.2
360000.0,314950.94
130000.0,135330.19
111000.0,133401.69
275000.0,170925.64
139000.0,134252.69
57900.0,68380.375
360000.0,325888.88
129900.0,134669.75
115000.0,108309.42
53000.0,93438.83
139000.0,189287.03
105900.0,114789.2
105000.0,83453.484
208000.0,183060.38
110000.0,90924.15
71100.0,56813.766
279000.0,231651.44
330000.0,339520.53
575000.0,475074.6
115000.0,117368.65
95000.0,125091.41
55000.0,130759.3
126248.0,116467.43
600000.0,566638.75
315000.0,289438.0
65000.0,92533.11
85000.0,119476.23
44900.0,68290.14
76000.0,133401.69
145000.0,139981.22
355000.0,494238.0
275000.0,296522.44
170000.0,219430.42
100000.0,103995.54
115000.0,119570.03
145000.0,114201.34
125000.0,128174.41
188000.0,193201.53
268000.0,211176.39
55000.0,79084.49
110000.0,76013.9
198000.0,206144.4
111000.0,136164.3
140000.0,103640.69
265000.0,376317.03
164800.0,142889.81
400000.0,406556.34
52158.0,81800.484
215000.0,253637.75
130000.0,233814.8
105000.0,193892.36
99000.0,163583.39
350000.0,347706.16
78000.0,93810.625
99000.0,131961.97
260000.0,375232.66
280000.0,255935.03
490000.0,237770.94
263000.0,187366.81
260000.0,148388.62
78500.0,85433.305
160000.0,187440.69
430000.0,338478.34
1250000.0,776260.44
99000.0,102644.3
99000.0,114249.67
160000.0,195090.52
130363.0,154150.62
650000.0,819005.75
105000.0,124034.96
110000.0,172430.28
149900.0,169418.38
120000.0,141235.23
279000.0,345261.53
320000.0,387231.53
70000.0,138212.95
155000.0,156664.08
165000.0,146313.78
113240.0,255554.81
415000.0,201718.2
87000.0,153514.89
110000.0,117528.05
180000.0,139981.22
89000.0,88097.74
185000.0,199486.08
189000.0,195385.83
119500.0,125023.945
104000.0,126899.99
225000.0,287725.66
149000.0,156202.55
140000.0,118818.914
165000.0,113811.28
75000.0,59787.07
498000.0,284094.03
220000.0,135589.53
164000.0,154526.08
196000.0,119616.35
385000.0,336648.06
59000.0,179232.47
99000.0,166911.19
90000.0,96378.46
264000.0,371168.47
279000.0,289782.94
189000.0,175407.4
138000.0,147712.27
77000.0,113686.03
127500.0,104975.19
335000.0,411983.97
250000.0,288307.22
73000.0,95434.89
145000.0,105273.26
99000.0,105156.67
180000.0,207688.88
98900.0,118220.73
84000.0,90116.4
185000.0,258707.36
134900.0,169065.48
92000.0,119437.01
122500.0,149755.48
99500.0,104722.89
100000.0,168849.08
165000.0,148518.36
280000.0,326042.5
128000.0,127622.15
240000.0,195528.1
115000.0,141352.31
160000.0,206044.64
150000.0,163859.42
139000.0,113235.25
285000.0,337992.34
140000.0,75905.94
650000.0,620314.7
219000.0,150637.5
119000.0,123440.945
58000.0,109703.67
495000.0,654104.25
91000.0,70042.26
70000.0,201257.8
110000.0,127413.51
105000.0,89157.94
168000.0,210624.11
149000.0,116351.88
89900.0,84701.375
44000.0,49753.09
50900.0,89728.85
120000.0,99923.016
265000.0,314954.28
165000.0,159762.45
69900.0,132821.05
220000.0,235512.64
815000.0,535236.5
79000.0,73359.02
140000.0,175632.08
85000.0,72606.766
146000.0,195502.77
217300.0,220189.36
1050000.0,708950.06
139000.0,151294.36
75000.0,90463.95
160000.0,194067.84
179500.0,131356.03
220000.0,358961.72
235000.0,188091.31
87000.0,93810.625
125000.0,148303.12
295000.0,195390.55
240000.0,302048.3
85000.0,119924.484
129000.0,139206.33
335000.0,249034.98
100000.0,125566.56
125000.0,112512.23
120000.0,142889.81
210000.0,200759.36
355000.0,218262.72
127000.0,108355.63
135000.0,190757.3
95000.0,158978.48
69000.0,94467.01
1300000.0,867895.7
141000.0,129802.76
170000.0,169179.23
62000.0,60731.63
190000.0,200808.27
265000.0,271296.47
155000.0,140542.72
65000.0,98930.88
125000.0,97422.06
123000.0,116425.87
138000.0,140803.98
32000.0,66861.29
115000.0,139201.28
124000.0,100689.96
820000.0,937665.0
84500.0,108355.63
475000.0,427044.38
219000.0,261200.95
118000.0,96452.17
255000.0,150502.27
255000.0,150333.86
110000.0,83018.44
330000.0,312112.44
158000.0,151088.28
122000.0,162262.12
90000.0,163653.31
195000.0,138602.6
148000.0,129980.96
620000.0,308325.78
164000.0,226456.48
350000.0,415870.16
117000.0,107051.63
267000.0,228200.14
150000.0,143376.12
640000.0,769353.1
117500.0,146156.42
118000.0,91280.984
60000.0,98870.67
179999.0,295534.6
97000.0,123012.0
389000.0,475074.6
84500.0,76013.9
180000.0,229771.45
59000.0,83682.79
120000.0,230471.17
95000.0,106134.55
89000.0,111421.0
135000.0,141884.42
258000.0,330157.9
395000.0,283973.72
80455.0,97394.46
550000.0,581651.5
135000.0,352367.1
209000.0,428196.8
205000.0,197964.83
735000.0,767167.9
69500.0,97003.305
130000.0,121873.57
215000.0,160756.06
369999.0,317592.53
260000.0,865431.0
640000.0,560357.4
159000.0,119476.23
148000.0,115767.53
269000.0,320299.1
60000.0,61968.523
87000.0,114463.53
54297.0,78653.24
109000.0,108558.61
56000.0,64427.977
180000.0,188408.02
590000.0,562229.5
96000.0,88918.55
210000.0,208435.8
68500.0,92714.57
205000.0,167144.95
498000.0,303694.8
159000.0,202126.53
105000.0,114788.53
112000.0,118790.14
90000.0,126020.73
74475.0,73959.26
135000.0,148360.48
414900.0,319576.28
125000.0,120739.836
224500.0,244215.48
212000.0,345261.53
1100000.0,713461.06
131725.0,134754.12
365000.0,635921.6
420000.0,209381.52
135000.0,133928.75
360000.0,320299.1
95000.0,93662.586
134900.0,143579.0
219900.0,223368.33
260000.0,575786.75
450000.0,364205.6
69900.0,94345.88
150000.0,131838.44
241000.0,212366.05
109000.0,94965.86
99000.0,141164.83
130000.0,158811.03
125000.0,138589.9
104500.0,122447.72
95000.0,123965.02
135000.0,132161.03
61900.0,90116.4
250000.0,378007.7
149000.0,194780.47
1300000.0,911138.06
119000.0,117818.69
129000.0,110873.94
129000.0,170494.52
900000.0,642419.2
300000.0,344779.72
145000.0,151784.27
179000.0,169774.2
193000.0,136408.72
335000.0,199890.77
69000.0,87941.61
175000.0,149078.98
125000.0,172830.44
108000.0,122549.21
59000.0,60544.945
330000.0,354554.66
62000.0,77547.66
59000.0,72867.79
168000.0,146124.23
64000.0,73645.93
450000.0,366215.8
72000.0,81248.664
80000.0,138190.86
175000.0,133696.78
253000.0,400729.1
109000.0,189327.94
136000.0,174048.38
125000.0,142306.7
99500.0,113618.91
650000.0,386406.53
470000.0,411367.62
75000.0,107709.586
88000.0,136731.0
98000.0,144883.02
220000.0,200719.67
380000.0,344779.72
58000.0,131497.69
177000.0,171611.58
230000.0,195385.83
58000.0,70096.555
104999.0,103678.09
129000.0,120835.945
370000.0,437558.72
160000.0,189529.36
170000.0,200105.53
112000.0,142230.3
1100000.0,855109.56
1180000.0,718058.9
201590.0,139311.5
104000.0,103866.63
480000.0,510376.28
129000.0,128646.74
99000.0,191663.34
105000.0,128773.016
149000.0,106425.21
45000.0,189327.94
60000.0,70524.984
139000.0,126583.664
230000.0,218090.61
138000.0,154150.62
255000.0,217691.38
82000.0,110587.39
98000.0,325888.88
98000.0,127620.38
270000.0,252832.69
348000.0,274831.88
41000.0,54174.25
130000.0,107171.836
235000.0,302950.2
99000.0,140586.05
252000.0,234780.31
960000.0,848935.94
88000.0,103727.23
290000.0,261664.83
280000.0,255034.02
137000.0,165806.89
219000.0,193853.95
49500.0,59859.79
88000.0,123417.33
260000.0,211848.17
52000.0,54283.72
105553.0,109190.46
275000.0,232742.39
105000.0,112636.06
189000.0,251236.66
339000.0,484941.9
92000.0,108333.69
400000.0,595506.7
210000.0,158441.97
83000.0,129689.78
69000.0,91308.74
125000.0,120739.836
90000.0,132218.08
75000.0,101713.72
130000.0,119585.89
265000.0,149007.75
197800.0,177253.48
183000.0,175002.92
195000.0,208363.8
75000.0,88951.84
147000.0,168072.38
132000.0,131764.73
79607.0,100605.04
212000.0,198273.94
159000.0,171332.44
515000.0,475074.6
83000.0,98656.83
93000.0,95057.47
349000.0,386406.53
95000.0,114694.27
115000.0,94965.86
117165.0,110196.43
99000.0,131283.64
150000.0,123594.36
750000.0,401820.03
275000.0,284010.7
209000.0,137207.06
65000.0,87143.47
319000.0,335429.25
90000.0,92265.7
120000.0,176114.25
168000.0,152818.5
95000.0,114789.2
320000.0,469877.0
140000.0,138129.22
140000.0,158978.48
147000.0,147340.03
144900.0,99399.92
85000.0,99160.375
70000.0,85106.32
64000.0,79794.41
370000.0,349307.25
1300000.0,1051957.2
125000.0,154390.75
270000.0,246665.06
495000.0,833714.25
72000.0,89107.68
278000.0,326042.5
285000.0,234861.7
99000.0,101274.32
380000.0,324976.22
119000.0,139354.6
79000.0,63259.754
1150000.0,839984.9
55000.0,54037.83
215000.0,143376.12
135000.0,135180.78
335000.0,375132.8
164000.0,172067.0
120000.0,113595.49
107000.0,117079.805
110000.0,195503.83
125000.0,201257.8
285602.0,286253.7
280000.0,213346.4
120000.0,176066.7
89000.0,109780.164
118000.0,201331.5
125000.0,130714.97
89000.0,107254.94
219900.0,255068.95
449000.0,598064.25
163800.0,130496.02
52000.0,97856.375
65000.0,71842.26
169000.0,250886.17
85000.0,108355.63
105000.0,122499.945
129900.0,141729.27
185000.0,146656.72
148000.0,128662.14
49800.0,99419.33
260000.0,197109.27
150000.0,124171.22
86400.0,103086.35
98000.0,117820.92
220000.0,222873.12
184000.0,172348.6
140000.0,102804.75
170000.0,202706.22
120000.0,157229.73
89000.0,92147.35
115000.0,275571.12
645000.0,763343.3
63000.0,78452.375
180000.0,120703.984
265000.0,299001.44
1200000.0,858259.44
120000.0,197173.27
195000.0,150106.28
130000.0,120911.42
165000.0,138140.03
135000.0,142733.22
205000.0,325888.88
83000.0,63219.594
199000.0,204639.28
139000.0,137941.81
235000.0,203456.0
177000.0,151588.4
120000.0,101386.4
79900.0,67631.24
98000.0,102371.16
890000.0,912961.7
210000.0,134592.14
745000.0,757240.56
59000.0,77716.38
123000.0,136656.28
154000.0,110122.72
330000.0,345261.53
265000.0,145225.19
99000.0,91616.81
140000.0,146313.78
180000.0,301618.28
120000.0,177889.67
375000.0,408602.66
35750.0,80259.09
1280000.0,646571.75
360000.0,386053.28
133000.0,143088.56
189000.0,142889.81
289050.0,242207.0
750000.0,376041.94
120000.0,112819.94
66500.0,68364.67
78000.0,105788.64
168180.0,141114.73
287000.0,198015.83
97000.0,108355.63
89000.0,111179.85
240000.0,186255.86
315000.0,352697.66
159000.0,128547.32
188000.0,151829.44
202000.0,228495.9
310000.0,323857.8
85000.0,95928.586
119000.0,151500.22
71000.0,133164.16
100000.0,94232.9
349000.0,279490.2
68000.0,78063.95
85000.0,103418.89
79000.0,72470.22
45000.0,74696.58
140000.0,104432.016
248900.0,288482.53
138000.0,122215.42
230000.0,209376.78
115000.0,106134.55
312000.0,381866.12
242000.0,270498.38
97000.0,138907.42
140000.0,84197.0
92000.0,217755.39
550000.0,566638.75
99000.0,91616.81
150000.0,159024.5
116876.0,168094.39
260000.0,343903.94
142000.0,240809.14
120000.0,317588.4
82000.0,99127.87
86426.0,91096.3
58000.0,98247.53
195000.0,271296.47
87000.0,106272.97
99000.0,116301.195
189000.0,218871.11
95000.0,159675.11
145000.0,123594.36
100000.0,142733.22
239000.0,203131.03
155000.0,155278.62
178000.0,177228.31
130000.0,123078.125
88000.0,107098.125
120000.0,181619.17
218000.0,234962.11
165000.0,164159.19
134000.0,133451.0
375000.0,400406.34
134000.0,102732.375
110000.0,84270.71
450000.0,518167.44
598000.0,663364.8
260000.0,177358.83
105000.0,145330.23
208000.0,193571.02
75500.0,69983.09
440000.0,625395.9
145617.0,87249.16
112000.0,120739.836
390000.0,336648.06
220000.0,283892.88
145800.0,111173.37
136000.0,99107.71
175925.0,154150.62
169000.0,192239.98
195000.0,153448.33
180000.0,119476.23
85000.0,101427.3
215000.0,250490.9
85000.0,83056.96
185000.0,160756.06
57800.0,74524.305
210000.0,197630.2
220000.0,220897.89
265000.0,449208.5
113000.0,102867.79
168500.0,475688.47
265000.0,266945.66
157000.0,149367.22
350000.0,411733.5
82600.0,133811.12
94000.0,113135.484
100000.0,108674.43
425000.0,325888.88
82000.0,104523.53
650000.0,482840.38
143640.0,113509.72
185000.0,186783.11
144800.0,150394.34
77500.0,123417.33
65000.0,76800.78
125000.0,156765.98
155000.0,153916.02
124705.0,166223.17
350000.0,319576.28
175000.0,299001.44
220000.0,338540.34
69000.0,101089.35
150000.0,126582.64
48000.0,69983.09
110000.0,169227.4
125000.0,133383.4
125000.0,148243.72
525000.0,568841.6
128000.0,98689.31
186000.0,157879.89
119900.0,144680.12
229000.0,264513.75
128552.0,148461.06
350000.0,481269.8
150000.0,169972.5
250000.0,167171.88
135000.0,118818.914
135913.0,133178.94
25000.0,91100.984
299000.0,165893.44
185000.0,157229.73
620000.0,453882.22
122000.0,103501.445
305000.0,243997.81
180000.0,142474.67
170000.0,217317.44
399000.0,352367.1
175000.0,204139.42
87000.0,104757.24
88000.0,106542.16
105900.0,114789.2
420000.0,583249.44
138000.0,133262.72
165000.0,156428.53
152000.0,133313.66
163000.0,199220.94
950000.0,981827.0
150000.0,169790.45
410000.0,499376.3
56000.0,56813.766
66990.0,88599.23
95000.0,105983.875
149000.0,156848.36
127000.0,150394.34
145000.0,132118.75
69000.0,72470.22
90000.0,84701.375
218000.0,241158.12
105000.0,134175.6
345000.0,185567.25
240000.0,195974.56
420000.0,242367.14
238000.0,345261.53
120000.0,231823.67
185000.0,219366.12
75000.0,87941.61
130000.0,158814.9
980000.0,938018.7
182000.0,189589.48
239000.0,177368.56
195000.0,198662.3
172000.0,166976.39
148000.0,120248.35
112000.0,95105.25
179000.0,367929.53
89000.0,103866.63
130000.0,160688.7
420000.0,291716.12
125000.0,138655.25
158000.0,177623.98
149000.0,145373.56
84000.0,110965.086
500000.0,528738.7
50000.0,46887.766
59500.0,56813.766
150000.0,131113.69
179000.0,152544.02
86000.0,99990.414
279000.0,313016.1
208000.0,184144.89
106000.0,101766.016
119000.0,103604.44
85000.0,67539.32
65000.0,90876.91
84000.0,71676.99
85000.0,240609.44
159500.0,161899.39
94000.0,140803.98
189000.0,119300.22
380000.0,407073.97
170000.0,140012.89
64491.0,57133.18
120000.0,118031.45
420000.0,602809.2
89000.0,118768.34
105000.0,121793.22
110000.0,135935.22
130000.0,148335.83
121000.0,102482.98
69700.0,87571.57
96800.0,102047.98
194000.0,237818.8
215000.0,281877.03
480000.0,467745.47
265000.0,326042.5
135000.0,148110.89
125000.0,186287.33
179500.0,149007.75
120000.0,142474.67
149000.0,143095.67
175000.0,183493.02
140000.0,139206.33
470000.0,387231.53
82863.0,108355.63
245000.0,280123.06
95000.0,99107.71
460000.0,390230.4
550000.0,512695.66
70000.0,77326.42
139000.0,192595.4
162000.0,162208.42
240000.0,235593.75
59000.0,59753.195
300000.0,301188.1
103000.0,110072.16
65000.0,90449.4
210000.0,258161.84
115000.0,129172.11
115000.0,129162.336
71000.0,101157.9
63000.0,93438.83
145000.0,158715.17
108000.0,112716.02
114500.0,131476.33
249000.0,364159.3
89000.0,98530.516
118000.0,158876.2
279900.0,214031.36
175000.0,254172.94
145000.0,125566.56
114426.0,110187.695
110000.0,233440.52
350000.0,326369.12
130000.0,139981.22
120000.0,134826.8
350000.0,344976.8
40548.0,159508.67
320000.0,298554.6
1250000.0,1025079.0
68000.0,102969.74
89000.0,185993.9
245000.0,243010.12
70000.0,79671.016
79000.0,99689.5
135000.0,128047.87
160000.0,138916.86
553000.0,301732.2
49900.0,75019.68
149000.0,157479.84
180000.0,142995.28
82000.0,91855.28
299000.0,433612.5
199000.0,226269.5
295000.0,299667.0
84000.0,86567.98
239000.0,258177.03
100000.0,116458.62
90000.0,200756.67
149000.0,148192.38
64900.0,106893.86
325000.0,339520.53
68000.0,65312.58
438000.0,656597.8
249000.0,386728.25
78500.0,104334.87
240000.0,171907.77
145000.0,131838.44
75000.0,105628.63
415000.0,328220.28
275000.0,176397.95
125000.0,125718.445
110000.0,119578.664
145000.0,214628.05
590000.0,739303.5
68000.0,92147.35
153400.0,131838.44
49300.0,57115.598
89000.0,116639.19
210000.0,231964.92
600000.0,399466.3
95000.0,94701.414
192687.0,385016.84
72000.0,82228.53
132000.0,101031.09
270000.0,163612.16
92000.0,99328.67
154400.0,139303.95
340000.0,142046.64
63166.0,90405.25
135000.0,133262.72
148000.0,153970.28
67285.0,91109.4
89000.0,78628.336
70000.0,58114.184
260000.0,249311.05
395000.0,656597.8
58000.0,54174.25
359000.0,323326.7
109000.0,234483.39
279000.0,345261.53
190000.0,224663.61
189000.0,173535.5
105000.0,112649.26
380000.0,330838.66
160000.0,149456.89
120000.0,139950.06
94000.0,118386.36
800000.0,669801.0
135000.0,114843.14
103500.0,102603.39
345000.0,296448.75
530000.0,402798.9
176000.0,243415.67
56000.0,69688.305
595000.0,501126.97
90000.0,95500.484
114450.0,144227.97
128000.0,109412.125
120000.0,156664.08
255000.0,179923.44
150000.0,118318.26
649900.0,535236.5
129000.0,154150.62
199000.0,232329.34
105000.0,78672.87
84000.0,137902.33
147000.0,124390.74
60000.0,110875.2
80000.0,85277.94
297500.0,277666.22
79000.0,118151.24
137000.0,144643.08
74999.0,88454.71
110000.0,125566.56
85000.0,103940.34
102000.0,131476.33
75000.0,71700.48
130000.0,112322.28
230000.0,213939.08
69900.0,64253.41
75000.0,72625.664
130000.0,201672.39
228000.0,188497.02
89000.0,94447.734
65000.0,95523.67
104999.0,97228.445
259000.0,224888.42
115000.0,111787.484
293000.0,345108.7
166150.0,174455.58
92000.0,111866.32
128000.0,133178.94
365000.0,352367.1
149000.0,189383.33
144000.0,113584.9
270000.0,255605.56
620000.0,501577.97
95000.0,105204.484
395300.0,370287.8
88000.0,132785.1
495000.0,313672.2
250000.0,212846.25
95000.0,108355.63
67000.0,109541.984
125900.0,163223.25
123500.0,108789.984
190000.0,290052.12
184000.0,174455.9
99900.0,100076.47
54000.0,53080.76
55000.0,65556.47
65000.0,52852.02
280000.0,244933.89
255000.0,211446.58
160000.0,164729.25
115000.0,87361.58
120000.0,139981.22
192362.0,137207.06
75000.0,71716.48
138000.0,123991.97
120000.0,131804.72
125000.0,76109.76
98900.0,101470.01
110000.0,148992.78
210000.0,178802.06
209905.0,186686.75
170000.0,127702.0
499000.0,583249.44
300000.0,304288.53
119900.0,152736.08
110000.0,250983.34
495000.0,284094.03
269900.0,198486.88
485000.0,269332.78
112000.0,126200.414
143000.0,143592.3
135000.0,181071.25
82000.0,107473.3
215000.0,251446.28
69000.0,54119.76
89900.0,111987.875
289000.0,133707.48
350000.0,347334.72
87000.0,118107.555
255000.0,304573.97
170000.0,203257.34
151500.0,115633.0
71362.0,73959.26
79000.0,88571.81
94900.0,166946.3
156000.0,142474.67
105000.0,165499.9
198000.0,228063.88
132000.0,155848.38
98000.0,221648.2
89000.0,89655.14
189000.0,154150.62
125000.0,104684.06
180000.0,137239.4
63000.0,88100.695
59900.0,98281.04
59000.0,85687.53
149000.0,126080.086
480000.0,450718.53
120000.0,103866.63
159900.0,275318.9
99000.0,233814.8
800000.0,661810.44
119309.0,135072.56
168800.0,204843.8
79000.0,102501.805
115710.0,69561.16
66200.0,136688.16
109999.0,132361.22
115000.0,102644.3
110000.0,108950.555
176000.0,127918.86
185000.0,307342.7
295000.0,292098.66
265000.0,229689.92
139000.0,127082.33
75000.0,122215.42
114800.0,181582.67
150000.0,137902.33
840000.0,955530.56
45000.0,52679.836
69900.0,86567.98
80000.0,124628.42
82000.0,84020.17
99000.0,125477.62
143000.0,136393.27
69000.0,86881.914
159000.0,160553.39
310000.0,259179.03
118000.0,97585.48
380000.0,269428.94
160000.0,187103.31
55000.0,75315.914
184000.0,142832.75
260000.0,213346.4
530000.0,605030.94
78000.0,100604.87
112000.0,113167.91
95000.0,101996.14
94320.0,112789.734
135000.0,134339.9
195000.0,180028.78
115000.0,184024.19
175000.0,173486.25
160000.0,115624.58
220000.0,251639.75
189900.0,149154.47
320000.0,480271.6
57000.0,63425.383
120000.0,102396.22
88000.0,93268.836
140000.0,128496.02
170000.0,144680.12
870000.0,693389.4
118000.0,120310.625
598000.0,270103.3
148000.0,103452.46
80000.0,85277.94
129000.0,146313.78
90000.0,105307.04
117000.0,133262.72
79990.0,100433.734
148000.0,247453.03
106800.0,114691.98
198000.0,207548.92
495000.0,548626.75
110000.0,125379.68
167000.0,183418.27
218000.0,187905.38
319000.0,548830.25
247000.0,248427.61
122000.0,115676.64
250000.0,217908.11
115000.0,117691.586
210000.0,191007.0
349900.0,343903.94
124000.0,134882.83
67000.0,55851.844
105000.0,86959.21
158000.0,164345.8
219900.0,185372.66
280000.0,236675.36
350000.0,295822.8
295000.0,293281.94
280000.0,346399.28
113000.0,118186.19
185000.0,322896.16
253000.0,203131.03
690000.0,725157.56
149500.0,172348.6
55000.0,68528.42
94000.0,144050.38
80000.0,100242.32
97499.0,97972.586
56000.0,55851.844
98000.0,123012.0
119900.0,146539.34
160000.0,137207.06
159000.0,131246.95
1400000.0,969178.44
130000.0,129430.22
155000.0,145981.42
148000.0,123078.125
165000.0,121154.625
196464.0,220227.08
1240000.0,869922.0
107000.0,142958.88
95000.0,116940.95
155000.0,141744.36
75000.0,182242.44
243000.0,289030.12
88000.0,144680.12
150000.0,168072.38
115000.0,108355.63
129000.0,154175.31
120000.0,148675.62
130000.0,105329.53
240000.0,144102.83
110000.0,107869.27
990000.0,911138.06
125000.0,100992.445
115000.0,177268.84
210000.0,194892.16
530000.0,475492.16
82500.0,83752.56
179900.0,228013.69
90000.0,91541.805
60900.0,66129.42
105000.0,108279.8
65000.0,82192.13
171272.0,154150.62
760000.0,747524.8
78500.0,104523.53
339800.0,218181.02
73500.0,65600.664
160000.0,142027.56
208000.0,169965.62
140000.0,155352.33
183000.0,255060.88
85000.0,124097.51
100000.0,98917.85
115000.0,105103.18
176000.0,218552.62
185000.0,127057.02
118000.0,138462.53
90000.0,164975.7
149000.0,234483.39
60000.0,87766.03
368000.0,475074.6
170000.0,184820.84
115000.0,180925.53
175000.0,236675.36
92000.0,101031.09
89900.0,116754.95
78000.0,110199.65
176500.0,183200.6
134000.0,114481.68
58000.0,84020.17
172000.0,148387.36
1200000.0,1073132.4
81500.0,98968.414
97500.0,109742.28
83600.0,74057.36
275000.0,216154.31
230000.0,317793.0
130000.0,172830.44
105000.0,124097.51
115400.0,127413.51
115000.0,113595.49
290000.0,257089.27
50375.0,119955.94
165000.0,171611.58
399000.0,411872.06
69000.0,85156.48
276900.0,225112.8
125000.0,107051.63
259000.0,179912.97
170000.0,186331.69
220000.0,255103.98
495000.0,517432.6
470000.0,351049.2
122000.0,87110.6
160000.0,207603.16
90000.0,61048.984
144900.0,127190.05
299900.0,350405.97
440000.0,418212.66
50000.0,65974.66
112000.0,156328.89
78000.0,81048.97
169000.0,180853.42
139000.0,202078.42
167000.0,106272.97
45500.0,63259.754
144000.0,133811.12
340000.0,368667.22
183000.0,239084.12
745000.0,703704.56
165000.0,148387.36
240000.0,226665.36
99000.0,135721.66
115000.0,98748.47
295000.0,264881.16
760000.0,586241.7
235000.0,155828.64
200000.0,286347.25
1090000.0,928242.6
90000.0,114521.62
55700.0,52852.02
164000.0,216032.58
240000.0,295944.9
210000.0,248762.23
1250000.0,1025079.0
230000.0,237626.25
70000.0,79006.42
184000.0,172719.39
240000.0,242412.75
59900.0,129088.625
179000.0,173181.47
205000.0,138999.06
139000.0,155114.19
215000.0,205228.17
128000.0,148143.7
39000.0,56368.656
138000.0,150394.34
149000.0,137376.64
349000.0,282001.2
157000.0,291033.12
74000.0,52551.637
420000.0,385881.34
120000.0,144648.27
196000.0,152940.95
68000.0,83218.4
349000.0,281270.7
32500.0,56900.99
340000.0,306543.97
78000.0,113135.484
299800.0,764470.94
115000.0,97422.06
60000.0,77195.766
195000.0,227803.97
346000.0,439634.44
132000.0,160818.58
255000.0,237770.94
210000.0,386406.53
155000.0,166254.5
91000.0,135235.8
980000.0,928242.6
55000.0,94447.734
130000.0,166277.72
290000.0,345335.22
155000.0,141938.73
449000.0,366215.8
180000.0,269582.1
130000.0,159762.45
159400.0,142733.22
134000.0,121708.0
160000.0,148257.7
55000.0,72421.91
80000.0,95503.92
280000.0,265565.88
197000.0,177228.31
169000.0,124569.47
147000.0,136389.62
760000.0,348007.7
84000.0,118097.08
240000.0,298780.25
89400.0,90616.33
92000.0,82187.42
160000.0,135094.6
200000.0,289515.66
77000.0,79671.016
165000.0,141376.31
140000.0,214628.05
299000.0,280428.03
155000.0,406655.28
320000.0,196558.34
400000.0,288191.56
75000.0,76112.7
269000.0,222085.69
170000.0,258182.1
89000.0,92499.7
100000.0,158955.16
115000.0,120551.29
220000.0,176417.67
98000.0,111236.53
195000.0,178631.12
107000.0,145225.19
130000.0,180291.1
460000.0,480271.6
160000.0,202004.72
135000.0,149508.17
89000.0,107869.27
330000.0,246969.9
298000.0,364159.3
135000.0,150284.4
240000.0,269955.78
350000.0,335732.28
1300000.0,1051957.2
330000.0,258486.12
150000.0,134861.8
120900.0,125387.55
550000.0,388875.2
350000.0,973632.8
245000.0,196119.61
195000.0,225560.42
109650.0,106272.97
74000.0,99222.13
98000.0,93952.76
520000.0,457626.94
239000.0,181255.75
145000.0,111720.98
137000.0,111116.99
147000.0,168849.08
79000.0,65920.9
89000.0,129172.11
525000.0,407057.62
45000.0,151728.86
235000.0,301163.78
119000.0,112926.53
420000.0,282536.88
39900.0,57739.21
65000.0,107869.27
350000.0,329373.62
165000.0,151434.5
45900.0,51504.035
139900.0,203860.44
126450.0,124556.72
218000.0,169418.38
108000.0,132118.75
215000.0,271077.38
98000.0,162451.69
167297.0,151588.4
199000.0,165374.42
98041.0,108666.42
140000.0,159024.5
280000.0,254628.73
98000.0,105273.26
80000.0,91377.42
125000.0,108467.56
65000.0,63038.94
120000.0,139981.22
120000.0,117744.98
94500.0,102867.79
195000.0,214872.72
110000.0,115667.43
450000.0,364159.3
489000.0,533641.0
749000.0,607755.0
95000.0,86010.1
133000.0,115676.64
115000.0,142974.69
115000.0,119236.836
80000.0,108599.03
116900.0,105111.805
590000.0,418442.06
69000.0,95671.91
730000.0,457006.8
595000.0,475149.62
115000.0,137791.4
135000.0,108384.516
140000.0,127022.445
148000.0,126582.64
124500.0,113167.91
235000.0,224127.78
84000.0,143242.95
178000.0,158306.06
128000.0,184830.66
138000.0,186787.84
695000.0,713461.06
159000.0,94458.38
125000.0,122373.73
147000.0,157773.1
525000.0,349943.16
85000.0,110927.77
150000.0,172067.0
95000.0,189327.94
234000.0,160756.06
260000.0,274595.25
55000.0,63041.113
197000.0,213939.08
79000.0,89910.55
55000.0,70599.15
169800.0,195316.84
59900.0,84194.37
187000.0,207540.14
355000.0,272635.97
236000.0,171611.58
195000.0,153435.86
223000.0,198727.39
157000.0,128924.234
180000.0,258388.48
80000.0,112115.87
157093.0,154150.62
240000.0,291643.7
75000.0,143355.67
390000.0,643144.9
78000.0,100689.96
125000.0,145225.19
144000.0,115591.23
130000.0,149314.84
650000.0,548830.25
155000.0,125465.04
184500.0,228541.17
105000.0,167325.17
55000.0,88116.04
59000.0,64710.664
65000.0,98944.38
115000.0,140620.0
55000.0,63821.56
220000.0,255322.44
790000.0,598438.44
215000.0,172116.95
250000.0,159173.17
422400.0,341467.9
131509.0,90003.51
105000.0,107171.836
160000.0,219270.73
119000.0,159922.47
278000.0,263423.5
350000.0,248018.44
1200000.0,726738.56
158000.0,130370.77
109000.0,82732.55
99000.0,150891.38
244000.0,228714.67
215000.0,169418.38
124600.0,117368.65
115000.0,138808.11
189000.0,207228.22
115000.0,104260.34
290000.0,165621.78
295000.0,380365.72
690000.0,938018.7
133675.0,121505.72
99500.0,92090.484
198900.0,246522.06
249900.0,225112.8
239000.0,145051.47
109500.0,148110.89
150000.0,164302.73
259000.0,198727.39
55000.0,68528.42
65000.0,68380.375
75000.0,94884.984
117000.0,160888.1
130000.0,132234.73
155000.0,281058.4
318000.0,190373.27
195000.0,276331.56
114450.0,148818.73
87000.0,102644.3
63000.0,54023.62
159000.0,148387.36
85000.0,90698.74
110000.0,111236.53
187000.0,137207.06
65000.0,62421.5
120000.0,102634.086
140000.0,140048.9
135000.0,109578.484
97000.0,94827.91
159000.0,158280.33
159000.0,271355.25
355000.0,240605.52
96000.0,110875.2
129000.0,192313.77
165000.0,224705.27
170000.0,146688.64
365000.0,383792.84
475000.0,499775.66
109000.0,93602.17
67000.0,84645.91
99000.0,173945.95
300000.0,228577.03
128000.0,125223.23
82000.0,107948.195
799000.0,412269.47
59000.0,73645.93
155000.0,191007.0
229000.0,325246.97
285000.0,220544.42
249000.0,216163.6
82484.0,84105.08
89000.0,98679.61
88000.0,190890.55
189000.0,191663.34
93600.0,88110.63
81770.0,74936.195
420000.0,397681.6
240000.0,234567.78
375000.0,282074.88
357000.0,456681.22
109000.0,101224.125
90000.0,133401.69
120000.0,130154.07
200000.0,366751.22
330000.0,280553.97
210000.0,155916.66
400000.0,384465.6
315000.0,341204.97
220000.0,338540.34
180000.0,147202.06
320000.0,421846.7
96000.0,102644.3
145000.0,115382.11
97000.0,97272.13
195000.0,162716.36
193000.0,243415.67
69900.0,99160.375
140000.0,132069.03
159000.0,121665.625
193000.0,243415.67
224900.0,264796.4
380000.0,348478.5
156000.0,154150.62
125000.0,163662.27
330000.0,477696.5
100000.0,119437.01
150000.0,174531.25
128000.0,141235.23
81323.0,98780.34
1100000.0,692593.7
280000.0,308839.16
350000.0,367592.4
148000.0,194421.17
94890.0,120684.71
169937.0,154150.62
175000.0,320299.1
560000.0,663078.06
163000.0,216722.16
53000.0,69983.09
260000.0,258177.03
275000.0,162706.1
125000.0,135931.92
133004.0,144680.12
56700.0,68906.56
99900.0,247701.72
229000.0,265487.4
179000.0,225560.42
105000.0,140801.27
184000.0,178223.33
129900.0,84701.375
110000.0,98917.85
57000.0,67907.58
470000.0,421846.7
60000.0,87143.47
160000.0,148682.23
49500.0,54283.72
390000.0,685108.7
113000.0,91028.58
72000.0,64173.914
127000.0,137842.03
119000.0,100392.414
95000.0,129213.805
245000.0,324517.88
240000.0,245118.03
389000.0,456044.06
1300000.0,985838.9
98000.0,93118.766
99000.0,103915.27
135000.0,145211.5
97000.0,107869.27
98000.0,130946.75
630000.0,252775.28
120000.0,118892.625
198000.0,182223.9
550000.0,619420.7
149000.0,174439.77
84900.0,95359.95
430000.0,411807.2
99000.0,168758.55
56000.0,70298.59
140000.0,182510.03
270000.0,292606.75
250000.0,153712.72
89000.0,88571.81
195000.0,211304.14
160000.0,221721.9
155000.0,153303.89
79500.0,70813.85
300000.0,219396.95
145000.0,148739.88
169000.0,192329.31
70000.0,89655.14
219000.0,263333.1
115000.0,112561.67
159000.0,126382.38
153000.0,146682.05
187767.0,143564.81
220000.0,274027.1
690000.0,602232.25
61900.0,65600.664
469000.0,341126.97
490000.0,205656.14
120000.0,114780.58
350000.0,375680.47
145000.0,98689.31
130000.0,146156.42
550000.0,619420.7
90000.0,92110.42
349000.0,325888.88
320000.0,168012.8
75000.0,86010.1
250000.0,159173.17
1150000.0,971921.56
179000.0,158950.8
235000.0,193988.6
88652.0,212330.67
115000.0,116425.87
210000.0,198597.47
140000.0,189650.25
110000.0,170712.02
139000.0,136164.3
105000.0,101983.54
134900.0,94458.38
168000.0,233814.8
80000.0,92090.484
89000.0,91395.43
175000.0,150339.06
325000.0,490664.84
92000.0,94447.734
88000.0,85377.99
110000.0,102630.43
460000.0,571400.4
400000.0,397681.6
62000.0,87217.18
105000.0,99017.17
119000.0,132377.9
145000.0,124569.47
118000.0,148303.12
109070.0,127750.836
275000.0,355092.28
145000.0,124593.91
239000.0,304773.8
87000.0,132891.12
48300.0,71467.695
199000.0,187366.81
138000.0,148184.6
119000.0,97860.44
95000.0,135082.45
100000.0,78584.56
72000.0,60731.63
85000.0,94985.33
128000.0,146677.56
55000.0,73336.586
79000.0,95928.586
260000.0,191423.86
77000.0,98944.38
140000.0,181431.6
56000.0,85205.08
89000.0,99107.71
225000.0,204795.39
220000.0,125712.02
95000.0,101352.83
244000.0,200806.56
89000.0,107992.6
90000.0,99399.92
86000.0,109300.97
255000.0,215938.14
75000.0,84701.375
95000.0,103927.29
450000.0,442562.53
53000.0,52943.94
1300000.0,1015398.9
55000.0,97735.914
133135.0,113161.54
850000.0,479946.0
320000.0,308325.78
80000.0,105354.01
560000.0,325888.88
126000.0,147340.03
130000.0,166646.23
115000.0,102068.56
155000.0,150587.14
79500.0,102969.74
63000.0,101996.14
270000.0,235112.0
68500.0,90449.4
115000.0,176783.12
55000.0,69244.375
125000.0,105156.67
110000.0,235965.1
395536.0,376567.12
80000.0,104896.61
95904.0,97792.984
230000.0,272914.62
85000.0,135292.8
170000.0,147650.64
380000.0,331272.78
180000.0,216247.5
130000.0,96630.61
189000.0,192239.98
200000.0,264948.34
163000.0,125247.48
54400.0,97856.375
125000.0,108129.664
68000.0,95970.23
210000.0,290589.56
133000.0,150394.34
79000.0,98513.695
76000.0,96630.61
58000.0,87143.47
121402.0,129369.39
120000.0,137865.11
119000.0,172680.58
64050.0,93937.88
79000.0,123408.78
70000.0,97910.23
67000.0,78792.13
185000.0,137207.06
133900.0,126582.64
175000.0,301618.28
460000.0,372753.94
690000.0,642044.0
126000.0,149152.33
46500.0,55532.766
420000.0,365026.34
650000.0,428793.53
135000.0,159537.3
490000.0,343903.94
210000.0,237612.92
81000.0,108895.65
360000.0,370287.8
219900.0,189166.4
166413.0,154150.62
120000.0,133811.12
340000.0,392303.72
90990.0,147023.53
132000.0,127159.24
140000.0,181859.36
195000.0,269533.25
470000.0,342741.0
179000.0,156904.66
190000.0,142227.19
130000.0,127915.64
139731.0,118480.37
140000.0,87361.58
168000.0,146677.56
60000.0,87143.47
125000.0,221622.98
198000.0,189419.86
159000.0,176646.73
895000.0,554696.2
300000.0,475074.6
395000.0,431879.12
93500.0,101031.09
210000.0,185033.6
180000.0,160794.28
169500.0,234580.56
120000.0,98105.18
149000.0,189622.22
135000.0,138916.86
179000.0,128359.86
95000.0,100297.73
75000.0,61979.156
56000.0,126990.48
59000.0,89851.17
223000.0,188246.83
155000.0,146819.17
115000.0,97718.02
105000.0,98466.58
63000.0,59787.07
124900.0,137411.81
129000.0,160196.06
165000.0,178793.23
43000.0,62891.426
420000.0,338111.1
123000.0,138907.42
96000.0,91308.74
111563.0,116937.0
139000.0,139760.17
179900.0,178889.02
740000.0,661434.6
568000.0,410404.97
89000.0,126277.93
176000.0,128359.86
350000.0,548830.25
79500.0,93455.375
400000.0,354795.5
117600.0,132228.61
380000.0,397681.6
145000.0,127564.15
258000.0,312060.8
89000.0,133261.62
700000.0,972642.9
78000.0,105655.62
87000.0,68702.484
69000.0,94488.234
250000.0,247091.8
98000.0,101071.586
159000.0,186819.45
49500.0,88116.04
280000.0,198589.69
97000.0,84793.484
74000.0,66145.734
82000.0,92084.2
47000.0,91336.66
118000.0,129763.75
138000.0,115880.28
166000.0,150325.05
160000.0,160336.45
115000.0,114361.61
90000.0,106468.445
139000.0,186650.38
83000.0,93537.12
1100000.0,881880.94
175000.0,287471.56
140000.0,162749.8
115000.0,122776.234
88000.0,150995.62
360000.0,442488.84
259900.0,282740.2
430000.0,286731.0
56000.0,83634.16
140800.0,132907.97
197000.0,154094.02
850000.0,653735.6
300000.0,363156.8
93000.0,119832.96
114900.0,124774.734
69000.0,83678.85
329000.0,230240.6
195000.0,154077.92
175000.0,173054.61
76000.0,96703.16
155000.0,200806.56
490000.0,525565.4
900000.0,1042964.44
125000.0,195096.47
110000.0,119578.664
213000.0,183115.16
108000.0,85277.94
74600.0,89860.5
95000.0,123857.2
220000.0,191713.77
57000.0,76364.03
490000.0,349538.44
133000.0,158978.48
95000.0,274480.62
119000.0,114282.23
80000.0,103940.34
137000.0,197376.14
115000.0,140803.98
168000.0,120301.92
48500.0,110013.3
149000.0,221622.98
103000.0,83136.96
94600.0,118392.25
63700.0,70994.0
750000.0,911470.9
127000.0,141653.84
140000.0,214773.84
64900.0,84633.42
120000.0,158753.7
67000.0,69226.9
200000.0,308246.84
139900.0,143202.42
89000.0,58114.184
72000.0,102835.7
129000.0,125398.97
58000.0,90449.4
107000.0,117509.68
135000.0,150703.42
159900.0,139422.5
200000.0,166646.23
960000.0,504290.62
130000.0,118460.07
680000.0,435588.78
114900.0,101365.086
52000.0,83144.09
210000.0,210012.23
210000.0,226456.48
1245000.0,879725.4
198000.0,169485.31
179000.0,207228.22
234000.0,184783.53
210000.0,159675.11
110000.0,103841.56
55000.0,95347.234
189000.0,265300.3
296000.0,393353.38
140000.0,170265.58
115000.0,138916.86
99000.0,101443.836
59000.0,84389.7
135000.0,172396.55
177000.0,178516.31
138000.0,127190.05
635000.0,435169.94
142000.0,133401.69
255000.0,207228.22
73000.0,90234.69
75000.0,94165.77
108900.0,138907.42
112000.0,131145.27
145000.0,192154.27
90000.0,116565.58
225000.0,251279.88
270000.0,271546.16
279000.0,343903.94
500000.0,316035.66
430000.0,464707.25
78000.0,198797.47
614008.0,548626.75
70000.0,58909.426
434900.0,352367.1
210429.0,274545.38
98000.0,109703.67
225000.0,301163.78
215000.0,206818.05
249000.0,200806.56
150000.0,125386.99
69300.0,68491.7
120000.0,211446.58
84500.0,103646.99
720000.0,564705.0
390000.0,285745.22
615000.0,707814.8
380000.0,397681.6
140000.0,141031.81
86000.0,109656.97
139000.0,221373.36
114900.0,103940.34
165000.0,154150.62
85000.0,85001.17
120000.0,125404.195
89000.0,108317.336
270000.0,178335.72
129250.0,114481.68
190000.0,186819.45
55000.0,89851.17
144900.0,219356.72
118000.0,107869.27
72000.0,70994.0
545000.0,526321.3
112500.0,101909.83
114900.0,113135.484
109200.0,101470.01
299000.0,376390.72
360000.0,313039.44
850000.0,688281.06
155000.0,220316.19
190000.0,357533.06
197808.0,144680.12
140000.0,137272.77
170000.0,146539.34
144900.0,155278.62
199000.0,212360.14
189000.0,181659.73
360000.0,232255.69
125000.0,112078.42
147000.0,125326.266
86000.0,99758.555
399000.0,564705.0
90000.0,125850.4
137900.0,113298.01
105000.0,133727.28
110000.0,124347.86
85000.0,112295.96
127900.0,148852.55
150000.0,149438.55
137500.0,95039.57
150000.0,150815.28
83000.0,93402.99
135000.0,163080.9
387000.0,476032.16
189000.0,178525.78
159000.0,171103.8
89000.0,94500.83
105000.0,160853.69
95000.0,121380.46
83000.0,106373.92
148000.0,108435.89
139900.0,130496.02
125000.0,141164.83
130000.0,121494.3
110000.0,120106.914
340000.0,310950.0
238000.0,245232.78
105000.0,91030.305
195000.0,158490.16
295000.0,269332.78
122500.0,145225.19
110000.0,94000.68
179000.0,268857.78
295000.0,289178.97
59000.0,132675.77
319000.0,217900.36
85000.0,143807.08
99000.0,134266.2
139900.0,127190.05
79000.0,95928.586
80000.0,99107.71
450000.0,581911.4
115000.0,119751.38
159000.0,139499.98
310000.0,243879.3
118000.0,96324.35
76300.0,62587.13
140000.0,136393.27
75000.0,88663.734
73000.0,108343.84
140000.0,99017.17
160000.0,148110.89
120000.0,117915.14
280000.0,316206.2
53500.0,56317.004
73019.0,73959.26
108800.0,108355.63
89000.0,106066.4
45000.0,68900.69
139000.0,161499.39
269000.0,267908.9
124700.0,123408.78
138000.0,167698.05
290000.0,218552.62
89000.0,233814.8
135000.0,160629.25
70000.0,98030.766
125000.0,169418.38
195000.0,299075.12
134900.0,117245.79
595000.0,534090.44
540000.0,251639.75
120000.0,96408.44
180000.0,153281.8
135000.0,125585.96
330000.0,352367.1
125000.0,141164.83
930000.0,593906.6
172000.0,156587.31
88900.0,101894.13
54000.0,90964.17
1500000.0,1005749.3
260000.0,274595.25
145000.0,304874.78
620000.0,526134.4
72800.0,99160.375
119999.0,174531.25
89000.0,100362.734
137000.0,170284.22
379000.0,320790.28
233000.0,159470.48
85000.0,56801.3
87000.0,124304.09
149000.0,192239.98
105900.0,88571.81
270000.0,227333.52
320000.0,320299.1
90000.0,108129.664
298000.0,386406.53
144000.0,127702.0
176000.0,128359.86
79000.0,107709.586
116000.0,105773.19
96000.0,108876.3
240000.0,255114.53
110000.0,98639.76
159000.0,191031.23
279000.0,411132.25
250000.0,260902.7
470000.0,352367.1
1150000.0,378360.3
650000.0,177376.08
620000.0,347407.6
265000.0,242354.89
108000.0,146720.39
550000.0,389805.84
117539.0,132785.1
105000.0,113509.72
315000.0,343977.62
210000.0,178631.12
69000.0,54119.76
120000.0,129508.375
65000.0,94488.234
169000.0,190993.7
76000.0,102804.75
69000.0,83531.35
58000.0,77301.85
90000.0,118432.22
170000.0,156642.6
149000.0,148143.7
275000.0,292606.75
79990.0,112948.53
142000.0,152086.36
74000.0,83731.77
450000.0,472756.5
94900.0,97972.586
199000.0,144680.12
84000.0,114711.9
265000.0,180412.61
498000.0,548830.25
115000.0,115359.53
145000.0,135108.36
129999.0,195502.77
116000.0,114522.125
490000.0,366151.16
135000.0,126582.64
390000.0,235435.33
139000.0,168504.17
57500.0,96904.79
319000.0,302950.2
165000.0,170870.08
137000.0,143095.67
194000.0,178623.2
67000.0,92357.625
199800.0,154150.62
750000.0,376567.12
120000.0,152402.9
39500.0,52606.13
620000.0,568376.4
339000.0,232409.48
315000.0,290471.78
137000.0,145429.05
128000.0,171281.69
85000.0,80429.67
750000.0,549084.94
92000.0,89334.34
200000.0,247612.56
230000.0,232329.34
140000.0,137193.4
133000.0,150390.48
279000.0,510376.28
355000.0,325888.88
120000.0,104443.57
215000.0,308055.44
195000.0,152846.62
185000.0,169900.58
60000.0,63259.754
79000.0,111697.41
330000.0,263741.1
99000.0,113589.64
77700.0,100605.04
150000.0,111720.98
155000.0,105156.67
211000.0,160756.06
72500.0,63095.6
138000.0,166336.14
95000.0,88110.63
77000.0,99173.34
569000.0,397821.6
78000.0,94447.734
160000.0,202886.72
67000.0,95604.61
290000.0,303839.9
199500.0,222873.12
120000.0,177889.67
119900.0,95089.664
345000.0,316065.2
120000.0,133451.0
55000.0,69389.39
115000.0,129172.11
88000.0,88571.81
103000.0,125524.27
206800.0,165172.81
110000.0,102593.805
156000.0,180925.53
230000.0,305966.28
175000.0,253636.97
495000.0,420946.38
60000.0,90317.734
650000.0,402973.12
134000.0,118439.04
90000.0,96833.12
198000.0,148184.6
44800.0,68364.67
180000.0,314068.3
130000.0,156548.25
145000.0,134155.48
120000.0,107051.63
149993.0,154150.62
140000.0,172202.55
148000.0,152381.7
135000.0,124627.805
112500.0,112561.67
119000.0,110122.72
115000.0,107620.586
120000.0,84105.08
189000.0,181964.6
309000.0,275952.62
77243.0,97116.555
95600.0,89167.766
126000.0,130140.6
115000.0,138705.95
359000.0,343107.44
78000.0,138137.72
350000.0,287228.88
320000.0,314400.25
750000.0,401820.03
120000.0,129569.15
384900.0,499796.44
135000.0,166277.72
595000.0,601972.4
189000.0,155817.31
85000.0,93537.12
169000.0,190731.53
419900.0,366215.8
52500.0,164223.5
133600.0,130814.266
150000.0,151281.77
122000.0,97786.73
86000.0,99017.17
180000.0,216019.06
129000.0,94827.91
156500.0,117922.914
220000.0,316209.4
136000.0,114481.68
47000.0,57225.367
46452.0,52606.13
109900.0,187961.19
254000.0,222122.58
105000.0,129701.09
90000.0,109534.91
66000.0,94238.73
59900.0,105111.805
80000.0,126582.64
139000.0,184144.89
460000.0,461603.4
128000.0,165495.25
125000.0,123365.32
135000.0,156642.6
119900.0,103005.87
150000.0,160756.06
200000.0,154320.34
192000.0,209220.48
126309.0,105448.055
89500.0,79671.016
84999.0,86486.87
74900.0,126080.086
225000.0,188017.61
69800.0,103802.445
350000.0,280553.97
155000.0,138916.86
128000.0,105908.164
135000.0,175740.4
225500.0,274831.88
1300000.0,972642.9
95000.0,352149.47
132000.0,305232.72
159000.0,172229.66
119900.0,113097.836
189000.0,246846.8
140600.0,185372.66
84900.0,93134.086
380000.0,346358.6
185000.0,146648.52
163000.0,131995.33
189000.0,159922.47
265000.0,301618.28
190000.0,171907.77
219000.0,128798.48
125000.0,89708.03
58000.0,77301.85
70000.0,82904.5
139000.0,107869.27
165000.0,256104.69
517266.0,325888.88
138500.0,127918.86
104900.0,110875.2
86000.0,95500.484
159500.0,186344.45
210000.0,221721.9
89000.0,88110.63
49100.0,89139.7
209000.0,156700.58
126000.0,96545.89
420000.0,344263.9
420000.0,390059.3
230000.0,167325.17
247000.0,217810.55
315000.0,294408.62
210000.0,176077.02
155000.0,235036.23
189000.0,181659.73
390000.0,253481.89
490000.0,303528.72
142800.0,115633.0
360000.0,343903.94
99000.0,113589.64
72000.0,124442.836
120000.0,101114.89
273000.0,259637.33
220000.0,220824.19
100000.0,82919.12
142000.0,168072.38
160000.0,196269.05
128094.0,127413.51
220000.0,210636.64
260000.0,465017.56
1200000.0,473794.1
110000.0,164509.36
95000.0,97003.305
75900.0,61641.344
90000.0,61140.906
144900.0,146572.9
215000.0,161267.72
73000.0,91880.36
550000.0,471743.1
119900.0,100927.69
80000.0,85051.97
165000.0,211471.88
660000.0,370287.8
300000.0,609354.44
80000.0,117996.625
545000.0,629346.56
165000.0,189981.42
245000.0,233193.89
79000.0,107961.195
285000.0,193943.27
90000.0,103940.34
125000.0,124075.68
670000.0,422038.94
390000.0,512977.0
305000.0,271026.8
345000.0,185182.77
110000.0,118386.36
112000.0,133839.45
230000.0,177285.12
89000.0,65600.664
85000.0,103452.87
65000.0,62052.863
264900.0,314954.28
178000.0,338540.34
75000.0,76013.9
170000.0,201257.8
95000.0,117584.305
62000.0,58683.758
72000.0,92147.35
92000.0,100604.87
119000.0,103133.14
135000.0,139185.73
480000.0,274303.7
152000.0,133727.28
625000.0,646280.1
210000.0,222085.69
99000.0,124564.81
139890.0,125712.02
49000.0,52606.13
147000.0,145097.34
103700.0,101967.84
100000.0,118749.48
110000.0,95037.26
128500.0,156079.27
83076.0,120739.836
178000.0,205656.14
140600.0,116120.45
96000.0,119762.445
95000.0,104574.16
130000.0,131476.33
93000.0,100022.695
67000.0,73959.26
195000.0,274001.88
260000.0,216045.83
490000.0,462817.22
450000.0,350430.25
135000.0,235891.39
80000.0,107869.27
99000.0,141683.17
80000.0,66150.82
180000.0,116026.375
74900.0,80895.51
146000.0,112964.81
133500.0,122607.05
195000.0,151500.22
115000.0,79070.49
480000.0,499796.44
77000.0,93268.836
205000.0,271731.2
65000.0,52551.637
84900.0,91566.555
205000.0,189087.95
72078.0,108355.63
73900.0,79481.61
79000.0,93602.17
96530.0,65866.414
450000.0,575598.7
369000.0,421846.7
93000.0,98228.75
69900.0,140503.34
20000.0,56846.13
89700.0,108265.98
378000.0,421846.7
230000.0,178875.77
242000.0,188960.84
82000.0,96125.695
77000.0,119783.82
129000.0,111271.63
230000.0,284052.2
530000.0,343903.94
95000.0,89404.44
160000.0,180461.58
335000.0,307342.7
159000.0,177268.84
160000.0,172579.66
210000.0,220689.69
75000.0,92084.2
240000.0,218552.62
138000.0,247660.9
82000.0,92569.27
157000.0,134809.3
103000.0,96630.61
104000.0,93969.55
174901.0,223368.33
100000.0,119570.03
220000.0,149586.36
73000.0,75035.516
249000.0,397681.6
120000.0,102396.22
105040.0,123587.875
65000.0,94488.234
108000.0,86459.28
220000.0,341313.2
325000.0,211793.72
240000.0,138916.86
78000.0,81008.89
585000.0,589086.3
150000.0,126582.64
85500.0,99424.51
199000.0,201263.19
255000.0,280005.06
176000.0,198628.31
120000.0,114492.97
115000.0,109932.52
330000.0,383792.84
115000.0,137427.1
70900.0,122299.22
172216.0,179779.69
109000.0,156237.08
220000.0,225926.3
85000.0,76495.555
145000.0,190240.9
103000.0,123558.305
95000.0,97422.49
180000.0,176077.02
395000.0,365970.88
114000.0,132387.14
94900.0,141938.73
170000.0,271026.8
180000.0,133144.16
145000.0,128047.87
624000.0,582251.8
200000.0,194201.86
94000.0,88394.66
369000.0,214144.33
140000.0,243616.9
115000.0,97963.95
112000.0,134318.73
115000.0,172964.14
360000.0,461223.0
77000.0,102711.08
70000.0,75123.85
223200.0,162208.42
119000.0,108467.56
109000.0,98639.76
165000.0,212504.22
64269.0,90698.74
180000.0,164228.17
90000.0,170712.02
129000.0,170268.22
265000.0,241933.64
279000.0,343613.62
124000.0,101909.83
161300.0,144967.78
189999.0,167325.17
99000.0,160896.14
159000.0,127995.61
88000.0,102479.52
330000.0,320691.28
670000.0,718522.75
235000.0,252108.34
152000.0,133313.66
335000.0,215507.9
95000.0,144671.88
60000.0,70522.74
260000.0,242367.14
215551.0,309852.28
149900.0,133703.8
305000.0,233006.67
340000.0,338540.34
115000.0,118460.07
129000.0,119421.0
179000.0,148387.36
195000.0,181415.28
155000.0,163715.5
120000.0,120739.836
97495.0,110122.72
85000.0,150182.05
110000.0,102891.0
249000.0,343903.94
55000.0,67378.45
238000.0,154230.55
295000.0,600613.94
135000.0,117418.76
370000.0,265487.4
105000.0,153236.62
239900.0,341761.53
53800.0,75035.516
215000.0,203254.3
185000.0,191663.34
175000.0,191436.56
142500.0,166351.42
98000.0,80012.64
155000.0,146313.78
360000.0,215919.4
89000.0,105908.164
207000.0,223759.62
161226.0,126975.29
57000.0,57055.98
128000.0,137485.52
309000.0,274831.88
145000.0,132154.9
108000.0,109036.77
118000.0,80429.375
160000.0,276257.88
137500.0,207829.11
170000.0,219366.12
265000.0,195910.92
99000.0,60691.5
158000.0,189621.67
58000.0,172787.36
165000.0,195030.25
112094.0,142999.84
153720.0,168924.89
95000.0,114694.27
84000.0,89139.7
59900.0,84194.37
395000.0,237818.8
750000.0,549084.94
148000.0,125398.97
109000.0,105111.805
169000.0,139939.19
246500.0,299001.44
239900.0,189419.86
122000.0,133727.61
85000.0,108475.43
61000.0,135518.33
95000.0,101352.83
68000.0,94306.74
585000.0,568495.44
62500.0,77266.305
239000.0,316035.66
109900.0,116137.62
218000.0,242354.89
240000.0,249034.98
355000.0,270130.8
119999.0,115382.11
220000.0,202389.75
115500.0,99017.17
140000.0,179347.58
104000.0,93322.805
259000.0,226665.36
560000.0,445269.53
270000.0,197815.6
185000.0,149169.53
105000.0,132387.14
190000.0,219356.72
160000.0,138746.72
78000.0,131146.22
115000.0,181215.03
169000.0,133262.72
57000.0,54119.76
120000.0,110087.59
75000.0,113389.64
36149.0,100290.39
450000.0,301618.28
174000.0,164353.2
150000.0,190257.9
205000.0,192694.55
148000.0,146156.42
159700.0,135330.19
114000.0,221648.2
385000.0,297793.9
119000.0,144697.44
68000.0,65663.17
62000.0,77984.7
390000.0,201257.8
142000.0,149025.1
97000.0,128631.055
190000.0,197964.83
66000.0,75905.94
66000.0,63622.707
229900.0,327892.66
135000.0,183336.42
180000.0,180285.55
118000.0,134658.64
100000.0,128646.74
149500.0,155352.33
215000.0,338948.8
149000.0,154995.73
134000.0,126442.57
530500.0,292712.75
109000.0,141938.73
189000.0,341126.97
59500.0,94447.734
155552.0,118097.08
95000.0,97720.36
74500.0,67539.32
710000.0,314959.38
115000.0,124171.22
63000.0,103997.9
250000.0,274831.88
56700.0,68906.56
93000.0,79671.016
156000.0,118460.07
475000.0,649498.1
78000.0,111393.53
75000.0,124875.25
130000.0,144680.12
209500.0,229771.45
590000.0,643194.94
123000.0,158607.72
125000.0,174210.42
240000.0,303919.9
255000.0,138320.77
55000.0,63210.406
239000.0,343903.94
160000.0,222042.84
231382.0,222873.12
65000.0,94999.12
100000.0,114092.32
144900.0,158978.48
130000.0,123254.375
110000.0,126582.64
320000.0,317401.84
442000.0,249311.05
295000.0,277614.06
67000.0,79671.016
210000.0,181125.69
500000.0,364159.3
230000.0,250776.55
55000.0,61887.234
279000.0,235965.1
192468.0,152093.1
118000.0,80427.29
64000.0,67539.32
290000.0,272635.97
140000.0,152945.58
399900.0,533641.0
310000.0,257268.92
520000.0,583249.44
66900.0,62152.316
339903.0,273333.75
445000.0,498832.34
55000.0,65775.12
640000.0,651454.5
172000.0,200806.56
235000.0,228577.03
260000.0,144115.34
255000.0,180085.6
289000.0,258472.25
235000.0,133544.83
92000.0,72573.055
90000.0,101996.14
215000.0,365526.12
340000.0,272555.56
670000.0,583268.25
139000.0,93969.55
149000.0,107973.39
126000.0,140219.28
790000.0,608656.44
90000.0,85844.54
135000.0,189911.28
125000.0,106093.77
230000.0,185446.36
144900.0,135222.34
184000.0,195277.25
115000.0,143292.92
58999.0,61887.234
66000.0,78672.87
144900.0,139882.4
46000.0,53080.76
159000.0,189621.67
299000.0,303839.9
260000.0,274545.38
90000.0,86659.24
185000.0,179758.38
53000.0,54119.76
170000.0,142474.67
83800.0,77549.984
285000.0,360107.34
240000.0,228577.03
51000.0,62972.383
159000.0,141164.83
310000.0,170885.81
600000.0,833943.25
135000.0,127385.42
140000.0,172229.66
205000.0,256654.5
85000.0,79566.06
50000.0,157214.25
94000.0,146001.02
105000.0,131615.39
153650.0,171830.42
123000.0,93602.17
129000.0,145368.34
290000.0,384243.8
218000.0,226187.86
270000.0,226665.36
65000.0,74485.48
66000.0,74936.195
239000.0,324819.2
95000.0,108001.73
229000.0,207548.92
930000.0,763343.3
140000.0,131476.33
98000.0,186052.38
285000.0,315301.25
109000.0,125148.16
525000.0,676908.94
105000.0,99107.71
127000.0,132645.03
130000.0,150999.83
165000.0,271026.8
190000.0,129376.93
110000.0,99544.266
201200.0,187103.31
380000.0,308567.4
122500.0,145225.19
224000.0,120835.945
298000.0,325888.88
87500.0,108384.516
100000.0,119762.445
149000.0,155436.27
99500.0,100023.125
97000.0,123012.0
129000.0,305707.2
235000.0,265363.7
93410.0,95671.91
180000.0,150790.64
158860.0,151439.36
310000.0,192897.86
125000.0,101443.836
105000.0,110004.28
119000.0,160553.39
225000.0,224365.77
264900.0,271789.7
129000.0,151944.03
375000.0,343977.62
195000.0,98781.18
104235.0,107517.39
375000.0,457626.94
200000.0,183774.17
67000.0,102485.55
70000.0,82135.29
142375.0,133262.72
1300000.0,972642.9
1250000.0,416692.84
245000.0,258210.56
192000.0,193201.53
70000.0,88571.81
150000.0,175625.42
105900.0,114789.2
96000.0,94958.695
200000.0,116236.88
285000.0,234861.7
93500.0,109485.836
45000.0,89851.17
320000.0,301034.75
100000.0,122874.01
168000.0,346157.03
134000.0,134949.36
149500.0,199882.31
529000.0,473553.25
215000.0,264466.62
172000.0,150274.48
84900.0,84117.98
428000.0,332409.28
150000.0,107869.27
330000.0,284602.84
220000.0,176487.6
390000.0,465464.12
105000.0,98277.086
123000.0,134423.45
180000.0,125737.625
86000.0,126133.66
79999.0,115571.28
85000.0,93039.625
71000.0,100362.734
150000.0,265632.44
152000.0,355861.53
145000.0,202069.19
390000.0,291926.75
54900.0,70827.67
600000.0,454463.5
76700.0,95105.25
265000.0,211243.98
81000.0,99200.266
620000.0,360072.56
495000.0,528738.7
224000.0,160627.1
180000.0,163891.88
245000.0,269942.7
70000.0,101089.35
125000.0,111271.63
115000.0,170712.02
55000.0,94355.48
102000.0,240609.44
148000.0,121503.54
115000.0,118818.914
185000.0,217619.89
100000.0,96712.91
550000.0,462267.62
370300.0,227572.42
269999.0,341761.53
232000.0,183046.44
87000.0,64714.027
79000.0,113595.49
85000.0,112611.55
90000.0,127190.05
99500.0,102733.875
150000.0,187961.19
79000.0,102901.7
125000.0,101172.625
165000.0,218967.67
99000.0,113452.69
124000.0,132367.08
279000.0,364159.3
490000.0,582690.0
345000.0,441037.28
150000.0,193228.84
480000.0,648834.2
420000.0,309607.0
109000.0,132507.16
72900.0,63673.69
79500.0,88454.71
240000.0,235094.16
81900.0,83678.85
90000.0,98221.086
69500.0,94965.86
136105.0,121505.72
400000.0,510449.97
159900.0,218819.66
615000.0,548830.25
55000.0,104622.66
165000.0,251195.7
190000.0,224725.72
79900.0,111412.76
105000.0,106765.3
140000.0,141164.83
186000.0,255861.33
330000.0,295414.72
280000.0,383792.84
170000.0,138357.55
95000.0,90154.92
93000.0,90616.33
110000.0,94827.91
88000.0,88571.81
90323.0,102732.375
150000.0,139673.94
700000.0,478604.06
140000.0,118460.07
290000.0,425581.88
72000.0,98363.4
720000.0,575732.2
95000.0,104865.27
94005.0,108055.45
160000.0,110004.28
290000.0,198559.88
350000.0,399772.0
190000.0,217693.97
125000.0,120855.695
345000.0,262408.8
209000.0,250942.75
230000.0,303919.9
285000.0,514965.25
159000.0,136202.86
220000.0,160101.89
59500.0,80532.36
290000.0,253123.9
170000.0,307973.62
97000.0,109742.28
76900.0,68900.69
750000.0,564705.0
215000.0,293995.53
137000.0,181119.58
215000.0,241460.83
370000.0,475074.6
129000.0,232279.28
350000.0,345261.53
148000.0,186287.33
99000.0,94498.375
305000.0,292606.75
84000.0,106812.305
195000.0,162716.36
420000.0,339260.62
265000.0,321758.0
168000.0,129276.86
140400.0,147712.27
292500.0,257268.92
134990.0,152299.02
130000.0,161194.02
195000.0,216019.06
470000.0,533641.0
113000.0,249994.58
89000.0,103586.52
44600.0,54438.51
138500.0,106082.945
70000.0,76553.01
165000.0,218513.89
97000.0,97003.305
138000.0,115880.28
72000.0,74485.48
110000.0,195503.83
125000.0,159643.55
92000.0,97663.44
129900.0,195592.14
105000.0,102003.81
182000.0,300108.22
79000.0,85277.94
110000.0,400785.44
92500.0,77867.91
94990.0,83678.85
59000.0,63259.754
86900.0,99585.04
149990.0,125379.68
47500.0,93937.88
110000.0,122427.51
120000.0,127998.88
200000.0,231551.17
159900.0,169418.38
198000.0,154734.55
220000.0,213217.86
91900.0,99990.414
151000.0,132413.28
88683.0,63095.6
89630.0,99585.04
320000.0,363078.16
339000.0,252938.05
105000.0,112522.92
212000.0,345261.53
740000.0,993442.56
95000.0,147986.38
160000.0,174967.77
243000.0,188741.14
119000.0,99644.66
62000.0,105307.04
165000.0,219168.95
81000.0,101427.3
115000.0,81603.39
84900.0,191599.83
79900.0,109553.05
375000.0,339260.62
70000.0,90550.51
107000.0,103452.87
100000.0,136164.3
80000.0,56813.766
189900.0,208535.39
189000.0,201376.7
80535.0,86953.39
110000.0,128047.87
145000.0,140581.61
90000.0,232255.69
75000.0,68491.7
68000.0,94447.734
105000.0,98395.305
520000.0,219356.72
95000.0,133518.69
120000.0,95955.086
138000.0,125391.33
137000.0,131764.73
165000.0,217810.55
126000.0,137563.38
1200000.0,739177.2
96000.0,123966.09
285000.0,249034.98
162604.0,144680.12
179900.0,220824.19
196790.0,189437.05
135000.0,121535.25
199000.0,196377.02
500000.0,545797.0
122000.0,112948.53
350000.0,243879.3
400000.0,225171.28
140000.0,131533.17
135000.0,164345.8
95000.0,108666.42
132000.0,109190.46
219000.0,264948.34
95000.0,105703.914
440000.0,382982.9
179900.0,179935.27
188000.0,98806.414
119031.0,148387.36
120000.0,151327.45
140000.0,168504.17
460000.0,571400.4
99000.0,118339.28
62000.0,112561.67
1200000.0,871740.9
190000.0,305403.94
50000.0,69511.42
94900.0,120891.4
84999.0,100054.34
120000.0,103218.89
245000.0,297219.03
97000.0,200304.14
192900.0,135501.95
215000.0,133144.16
65371.0,97963.95
137000.0,138357.55
140000.0,135986.17
43000.0,62891.426
80000.0,76725.375
95000.0,108599.03
319000.0,461095.72
225000.0,260979.22
85000.0,115586.734
144000.0,186728.8
750000.0,628327.6
159000.0,212652.95
230000.0,204489.34
217000.0,154150.62
66200.0,136688.16
390000.0,398439.53
75000.0,92500.51
175000.0,197831.1
225000.0,206385.52
335000.0,296313.84
89000.0,99107.71
77520.0,87059.61
87000.0,90795.805
385000.0,386406.53
93000.0,77935.88
184500.0,175924.1
160000.0,156543.06
300000.0,262638.66
470000.0,295414.22
315000.0,227333.52
229000.0,252108.34
66000.0,58611.39
140310.0,156428.53
59500.0,73066.88
90000.0,117769.266
48000.0,70901.38
160000.0,160027.84
77900.0,85371.26
85000.0,111893.54
99000.0,98094.8
95000.0,109331.39
149000.0,141381.05
95000.0,106468.445
260000.0,301729.72
63000.0,76934.984
465000.0,397681.6
79000.0,105655.62
75000.0,212330.67
113000.0,129895.81
390000.0,415870.16
200000.0,215506.84
169000.0,143376.12
237900.0,332215.03
132000.0,124171.22
108000.0,122983.06
159000.0,182747.84
295000.0,269942.7
164000.0,211558.67
74900.0,99990.414
160000.0,169130.77
128000.0,147340.03
115000.0,112231.77
198000.0,219396.95
240000.0,254172.94
490000.0,379679.9
259900.0,299632.72
180000.0,166872.6
117000.0,127452.42
95000.0,94000.68
100000.0,96712.91
52000.0,87143.47
149900.0,135766.06
77500.0,114694.27
410000.0,720802.1
89900.0,128911.15
137000.0,157409.92
255000.0,282584.56
52500.0,78071.64
695000.0,442693.8
69700.0,98806.414
297000.0,286668.44
136000.0,126173.484
75000.0,93215.516
105000.0,99017.17
720000.0,723428.44
130000.0,182285.73
85000.0,68600.64
160000.0,174229.72
1217000.0,925455.7
169000.0,278737.44
265000.0,242367.14
69000.0,61641.344
65000.0,101418.586
185000.0,211476.77
140000.0,143618.52
225000.0,271077.38
110000.0,84105.08
149500.0,203161.52
75400.0,95105.25
149000.0,130132.695
145000.0,168504.17
90000.0,112921.48
45000.0,55486.426
89000.0,96534.914
145000.0,273566.84
79000.0,201331.5
119000.0,148517.78
109000.0,108355.63
87000.0,94652.26
85000.0,94785.28
290000.0,349307.25
278000.0,276944.1
84000.0,110004.2
99000.0,99517.1
97000.0,75201.21
180000.0,203347.6
62000.0,76413.65
297000.0,301618.28
88000.0,170019.2
260000.0,233765.12
110000.0,118339.28
129000.0,144680.12
179000.0,130496.02
118900.0,132234.73
74000.0,96904.79
59000.0,69688.305
199000.0,343903.94
164500.0,207228.22
170000.0,292612.4
71300.0,99424.51
158000.0,146677.56
174000.0,171316.17
99000.0,121873.57
240000.0,231773.58
168000.0,103005.87
510000.0,341126.97
120000.0,108599.03
89500.0,119317.125
210000.0,215880.67
98950.0,88571.81
155000.0,135180.78
83000.0,107996.87
74900.0,113686.03
158000.0,243002.31
149900.0,151536.69
107000.0,110414.08
92900.0,113595.49
86000.0,115035.73
220000.0,184601.08
489000.0,528738.7
110000.0,167292.12
50000.0,66665.4
199000.0,343107.44
110000.0,153293.69
441000.0,439634.44
95000.0,116294.09
76500.0,112231.77
210000.0,219323.25
125000.0,91435.96
129000.0,145130.03
158000.0,195316.84
99900.0,111914.164
1300000.0,941506.25
220000.0,211092.7
300000.0,283973.72
990000.0,498834.62
58000.0,68004.9
630000.0,576713.7
105000.0,115685.27
80000.0,132935.55
370000.0,425943.72
45900.0,76725.375
130000.0,133262.72
160000.0,101586.055
390000.0,348858.25
95000.0,108475.43
249000.0,227333.52
59900.0,153225.58
79000.0,133602.06
159900.0,145368.34
34900.0,59451.055
189200.0,233011.55
180540.0,246609.36
182000.0,134106.86
110000.0,137007.47
125000.0,108739.78
168000.0,161596.94
240000.0,281638.97
105000.0,114565.34
90000.0,97963.95
269500.0,211176.39
149000.0,129172.11
88000.0,96658.23
147000.0,128168.984
157000.0,135986.17
1250000.0,912961.7
320000.0,264595.4
205000.0,216965.17
92000.0,105908.164
295000.0,512609.38
120000.0,96658.23
355000.0,390854.78
260000.0,202048.31
200000.0,311439.7
180000.0,156195.97
225000.0,293620.75
189000.0,197618.03
230000.0,365970.88
272000.0,303839.9
570000.0,366151.16
380000.0,256882.06
118000.0,133144.16
198000.0,251639.75
65000.0,74219.24
87000.0,89167.766
150000.0,90137.33
86000.0,126153.95
95000.0,144680.12
108000.0,108435.89
85000.0,80082.59
108000.0,156807.22
85000.0,77316.56
87000.0,113298.01
234001.0,245961.08
299000.0,141235.23
520000.0,309834.16
146400.0,107560.53
225000.0,290925.47
60000.0,64554.38
184000.0,127057.02
350000.0,308325.78
180000.0,215966.9
249000.0,155228.83
95000.0,134949.36
129000.0,118386.36
360000.0,237105.66
50000.0,82100.49
140000.0,144680.12
279000.0,296448.75
225000.0,282727.84
410000.0,397801.53
159000.0,188741.14
195000.0,209303.95
76000.0,80116.78
89000.0,86171.98
210000.0,176077.02
980000.0,767067.4
395000.0,337245.62
198000.0,172409.44
270000.0,193228.33
85000.0,147023.53
122000.0,120609.55
229500.0,255103.98
127000.0,133428.48
800000.0,575325.44
490000.0,329306.38
308000.0,379819.25
150000.0,180925.53
79000.0,107922.7
68000.0,114711.9
133000.0,113584.9
595000.0,745968.25
134500.0,163680.47
83000.0,67220.27
210000.0,136408.72
230000.0,245961.08
230000.0,315027.97
178000.0,185528.12
255000.0,205724.64
180000.0,142733.22
125000.0,170078.34
239000.0,286959.3
210000.0,248842.58
230000.0,176791.4
189900.0,246522.06
99000.0,131840.53
139000.0,128461.04
130000.0,166231.97
345000.0,315336.3
155000.0,168289.0
345000.0,223360.44
76500.0,91177.164
550000.0,510376.28
343300.0,279754.7
224500.0,170301.44
320000.0,206385.52
200000.0,173399.19
250000.0,187366.81
71200.0,87143.47
145000.0,198538.16
75000.0,79904.5
180000.0,159762.45
72000.0,87941.61
165000.0,136976.53
179000.0,304870.16
195000.0,146677.56
395000.0,260669.5
750000.0,213821.05
359900.0,277359.47
239000.0,289178.97
450000.0,518167.44
245000.0,290208.25
247000.0,234962.11
240000.0,213690.36
149000.0,140372.23
179000.0,212591.72
85000.0,65600.664
130000.0,125379.68
540000.0,371168.47
48000.0,158902.08
142000.0,149456.89
285000.0,224663.61
114500.0,124162.44
225000.0,287725.66
79900.0,72625.664
300000.0,455491.06
115000.0,108789.984
250000.0,146677.56
94600.0,88185.8
160000.0,205729.84
119000.0,115765.26
146000.0,179935.27
210000.0,360503.97
135000.0,115676.64
64900.0,86168.586
880000.0,557505.25
139440.0,166223.17
273000.0,253481.89
799000.0,378724.72
119900.0,106373.92
290000.0,288133.5
158000.0,250924.97
175000.0,209303.95
159000.0,136202.86
219000.0,148461.06
72000.0,72573.055
120000.0,210333.06
720000.0,401755.16
125000.0,130396.26
308000.0,319576.28
85000.0,131358.2
400000.0,291433.94
95000.0,125877.29
780000.0,764310.2
70000.0,98513.695
130000.0,118307.16
130000.0,112421.6
317550.0,354344.9
395000.0,347291.72
300000.0,282741.8
180000.0,227630.66
179000.0,226665.36
172000.0,218967.67
58000.0,82834.164
135000.0,164182.3
58000.0,98385.5
114280.0,119793.49
298000.0,411733.5
38000.0,73612.29
150000.0,222873.12
380000.0,235854.86
130000.0,139382.03
98000.0,100010.25
230000.0,288854.44
250000.0,302950.2
125000.0,177196.92
168000.0,218552.62
84500.0,97177.484
85000.0,82339.09
109000.0,178062.11
395000.0,499796.44
139000.0,150642.88
130000.0,120252.37
96500.0,104574.16
230000.0,328802.7
550000.0,787468.94
172000.0,159774.3
328000.0,512609.38
49000.0,52852.02
165000.0,154274.1
89900.0,117744.98
146000.0,111173.37
125000.0,120384.336
375000.0,285486.88
220000.0,270430.8
83000.0,119939.05
137000.0,93969.55
165000.0,118386.36
172000.0,169115.92
230000.0,285576.06
49500.0,88116.04
105000.0,115175.016
85000.0,69152.45
250000.0,142733.22
136000.0,120512.28
134900.0,133707.48
89000.0,118318.26
344990.0,386406.53
298000.0,362799.7
253000.0,285078.28
165030.0,183299.47
150000.0,109609.26
107125.0,157739.08
75526.0,100596.234
105000.0,128359.86
94000.0,100605.04
73000.0,59442.254
129900.0,144313.83
470000.0,397212.22
118000.0,143796.94
190000.0,325888.88
120000.0,114595.836
150000.0,170225.31
69000.0,67631.24
170000.0,144967.78
110000.0,127428.625
149000.0,158978.48
99000.0,124097.51
220000.0,112423.62
79950.0,90385.31
139000.0,117876.38
240000.0,226533.58
66000.0,62421.5
75000.0,124297.47
119900.0,95434.89
120000.0,111720.98
75000.0,104912.96
49000.0,56813.766
95000.0,97430.695
69900.0,94355.24
159000.0,213031.38
79500.0,75035.516
65000.0,82228.53
89900.0,114547.625
240000.0,242367.14
55000.0,152339.19
100000.0,181928.97
145000.0,128572.914
175000.0,171611.58
230000.0,191663.34
92000.0,113595.49
86500.0,84008.81
299000.0,201805.1
84500.0,100927.69
560000.0,415870.16
165000.0,211192.61
199000.0,192541.19
169000.0,282813.88
580000.0,386406.53
89000.0,108871.586
92129.0,124390.74
68500.0,113997.51
140000.0,248768.88
64500.0,90390.24
350000.0,271956.0
175000.0,160704.27
145000.0,95162.984
245000.0,196584.12
110000.0,121921.695
66500.0,77005.77
53792.0,81923.88
160000.0,152995.66
121000.0,132785.1
218900.0,177689.89
139000.0,133262.72
115000.0,128768.64
109000.0,114813.72
60000.0,80258.61
450000.0,407073.97
145000.0,159401.75
200000.0,172719.39
139000.0,131764.73
280000.0,281712.66
240000.0,311398.53
849900.0,992525.94
1100000.0,838442.1
111000.0,138916.86
175000.0,176791.4
240000.0,241239.02
125000.0,116754.95
309000.0,222873.12
315000.0,258860.72
95000.0,112231.77
98000.0,98094.8
236200.0,294012.28
125000.0,117574.5
120000.0,189327.94
149000.0,155114.19
230000.0,275245.22
300000.0,280531.16
175000.0,197964.83
190000.0,176997.47
89000.0,120739.836
190000.0,182727.11
1150000.0,693389.4
210000.0,93916.49
110000.0,114481.68
109000.0,106791.69
420000.0,508012.75
114900.0,118386.36
420000.0,365026.34
110000.0,152601.03
495000.0,835904.6
115000.0,102294.9
255000.0,218637.5
107000.0,133811.12
99000.0,90317.734
90000.0,54493.848
125000.0,116940.95
79000.0,105273.26
93000.0,107082.58
220000.0,199628.0
520000.0,615560.7
198000.0,250490.9
185000.0,186087.27
93000.0,102733.875
99900.0,78828.24
79999.0,82681.125
770000.0,683571.75
63000.0,75031.93
285000.0,154150.62
270000.0,216308.56
275000.0,228577.03
212000.0,345261.53
51877.0,52606.13
77000.0,93215.06
240000.0,183046.44
69000.0,79671.016
165000.0,137762.27
230000.0,222789.9
64000.0,92017.53
143000.0,115765.26
143500.0,118460.07
344900.0,362756.66
125001.0,88571.81
489000.0,371014.1
103500.0,221648.2
84350.0,85285.35
419000.0,416147.5
85000.0,104614.53
53071.0,76364.03
289000.0,228929.53
115000.0,139486.03
150000.0,160778.44
100188.0,111271.63
220000.0,251639.75
107000.0,107051.63
89000.0,90116.4
240000.0,294437.03
180000.0,137611.62
159900.0,151062.66
110000.0,102732.375
139000.0,158978.48
110000.0,301691.97
84500.0,88816.9
99900.0,113595.49
110000.0,115242.14
175000.0,166630.66
314900.0,332075.06
78000.0,108871.266
155000.0,269655.78
126750.0,134676.31
130000.0,119616.35
335000.0,249034.98
260000.0,175319.3
91900.0,70900.93
60196.0,207548.92
81770.0,73959.26
145000.0,179266.2
130000.0,115027.19
600000.0,833943.25
155000.0,200806.56
150000.0,194754.16
490000.0,826663.5
115000.0,128010.78
140000.0,156559.72
165000.0,146018.38
75000.0,99160.375
80000.0,142682.08
109000.0,132507.16
69000.0,81390.29
80000.0,82100.49
155000.0,114482.08
105000.0,109503.99
250000.0,133369.14
72000.0,78939.72
114500.0,129205.21
85000.0,94965.86
200000.0,285511.6
95000.0,102644.3
235000.0,269232.9
99900.0,91463.375
420000.0,535236.5
68000.0,92147.35
94000.0,157303.44
240000.0,241427.05
75000.0,57081.555
150000.0,154150.62
399000.0,247988.1
85000.0,94976.86
230280.0,225634.12
163000.0,176694.8
65000.0,87571.57
140000.0,134433.52
260000.0,199441.22
379900.0,370044.28
450000.0,237061.48
105000.0,117948.69
61000.0,52551.637
80000.0,81314.164
530000.0,684956.25
250000.0,255861.33
125000.0,132979.58
125000.0,131358.2
125000.0,146904.05
215000.0,216811.08
75000.0,103557.734
110000.0,112819.94
188000.0,233034.88
580000.0,293347.38
89000.0,100040.97
75000.0,67955.67
190000.0,205228.17
83925.0,107517.39
184900.0,319075.3
58000.0,68772.86
1190000.0,890250.56
90000.0,124628.42
260000.0,291115.88
1000000.0,871740.9
250000.0,200806.56
174485.0,171547.84
198000.0,183470.86
134900.0,125398.97
98000.0,128661.98
90000.0,97272.13
209000.0,331932.16
159000.0,204651.88
650000.0,941506.25
155000.0,175669.94
136000.0,160820.38
47000.0,67378.45
170000.0,172964.14
220000.0,176676.17
68500.0,69020.3
190000.0,191033.4
380000.0,308246.84
72000.0,91000.81
78188.0,78584.56
175000.0,140822.88
270000.0,154995.73
62500.0,64714.027
440000.0,629346.56
129000.0,125398.97
167000.0,276787.75
92000.0,121793.22
168000.0,181136.08
135000.0,121648.016
130000.0,180925.53
105000.0,94978.28
825000.0,764310.2
490000.0,467730.6
134136.0,142733.22
95000.0,103380.06
87000.0,102644.3
145000.0,125762.17
77000.0,95483.836
120000.0,152497.38
35759.0,93969.55
109000.0,145475.11
1050000.0,907946.2
53700.0,90449.4
324000.0,217584.16
68000.0,94282.7
89900.0,94827.91
73000.0,133911.62
131000.0,136684.55
166000.0,166183.12
49900.0,67964.92
185000.0,148303.12
116184.0,148387.36
44900.0,54420.14
107000.0,92598.78
295000.0,226320.94
245000.0,148461.06
94999.0,116754.95
170000.0,144115.34
172500.0,152089.86
57000.0,78041.48
582274.0,475074.6
145000.0,160720.58
170000.0,248835.94
97000.0,158606.42
295000.0,222867.94
57000.0,83303.195
55000.0,55851.844
490000.0,439634.44
240000.0,282740.2
290000.0,272177.25
83900.0,90326.77
210000.0,218552.62
140000.0,130422.31
135000.0,141164.83
248000.0,325547.97
108000.0,121708.0
110000.0,236428.58
42000.0,48171.688
520000.0,370095.88
98000.0,133659.27
63000.0,102312.63
70000.0,94597.21
190000.0,226000.0
87000.0,89340.445
490000.0,265071.53
110000.0,160720.58
220000.0,198242.73
430000.0,355344.97
67000.0,69057.55
185000.0,258319.36
195000.0,115235.52
73000.0,106430.48
200000.0,210636.64
69000.0,74411.586
89000.0,93198.0
123000.0,156807.22
220000.0,425176.4
210000.0,183559.03
88000.0,101104.805
170000.0,127506.23
495000.0,475074.6
130000.0,158978.48
147000.0,136389.62
158000.0,151536.69
118000.0,233814.8
115000.0,164576.55
299000.0,282724.53
119000.0,119616.35
150000.0,158153.11
138000.0,130422.31
129000.0,141914.16
490000.0,648548.56
79900.0,77941.62
253000.0,203131.03
120000.0,106213.39
77500.0,81248.664
120000.0,134184.3
92000.0,56709.38
65000.0,98991.68
125000.0,130841.48
127000.0,101725.66
112000.0,168592.75
109000.0,112301.81
490000.0,632693.0
107000.0,100945.07
139900.0,172067.0
89000.0,103866.63
172000.0,119620.74
155000.0,163094.22
85000.0,86407.88
235000.0,367524.75
120000.0,134508.62
63319.0,57133.18
125000.0,115513.02
230000.0,261019.19
285000.0,264796.4
280000.0,462854.1
125000.0,182148.25
61250.0,93537.12
199900.0,143564.81
490000.0,237770.94
168000.0,147961.61
320000.0,377918.12
160000.0,140068.42
260000.0,216719.05
128000.0,269332.78
619000.0,439852.56
155000.0,159122.1
760000.0,740723.06
195000.0,225575.53
85000.0,87759.125
205000.0,312060.8
185000.0,259563.52
295000.0,269942.7
235000.0,278851.44
67000.0,98540.945
75000.0,99455.44
138000.0,119441.305
80000.0,81314.164
175000.0,261211.78
76000.0,94773.27
1100000.0,768663.3
65000.0,99932.14
76000.0,103940.34
650000.0,557505.25
548000.0,454854.34
150000.0,138907.42
590000.0,381143.44
940000.0,918298.06
195000.0,268058.78
238000.0,283338.38
105000.0,125541.55
69900.0,84378.914
55000.0,67620.83
71400.0,101894.13
280000.0,311398.53
104000.0,93969.55
75000.0,123209.52
860000.0,605227.7
88000.0,117435.97
169000.0,189911.28
43500.0,72569.68
139000.0,125379.68
55000.0,77892.58
155000.0,168922.78
77000.0,166872.6
143000.0,197109.27
185882.0,173976.86
188800.0,151697.69
680000.0,235593.75
75000.0,92661.195
80500.0,108384.516
189000.0,213346.4
189000.0,210563.88
94550.0,131568.25
185000.0,149224.38
258000.0,273952.3
45000.0,48097.98
174000.0,208395.92
75000.0,92084.2
205000.0,196667.11
75000.0,99381.73
690000.0,469782.62
84900.0,94453.27
158000.0,155709.97
1390000.0,982272.5
75000.0,101713.72
89000.0,102901.7
89700.0,114714.305
188900.0,185592.36
95000.0,103919.51
128000.0,115540.46
350000.0,421846.7
48000.0,51245.285
93000.0,101157.9
182000.0,166911.19
210000.0,255034.02
112000.0,118853.305
165000.0,144680.12
145000.0,110181.84
95000.0,134949.36
320000.0,198693.58
85800.0,89167.766
87000.0,139449.06
65000.0,144348.62
290000.0,302251.62
149500.0,301618.28
77500.0,100204.27
65000.0,63095.6
405000.0,582690.0
349000.0,241390.23
305000.0,280887.56
163000.0,131995.33
57000.0,65004.457
150000.0,166432.56
200000.0,299001.44
159000.0,150284.4
180000.0,170284.22
85000.0,109533.39
110000.0,114730.62
90000.0,79794.41
109000.0,118867.664
140000.0,150426.7
98000.0,115466.35
89900.0,120377.836
137000.0,115980.164
75000.0,103748.55
329000.0,281638.97
119000.0,98489.53
57000.0,62163.332
70000.0,94498.375
159000.0,155278.62
180000.0,159762.45
89000.0,85303.24
184900.0,218907.27
77000.0,120441.875
72000.0,77852.52
85000.0,72573.055
45000.0,56801.3
190000.0,218090.61
166000.0,341126.97
94000.0,98917.85
120000.0,124171.22
750000.0,919308.5
150000.0,222592.75
195000.0,175333.7
640000.0,551990.25
185000.0,151279.81
375000.0,535236.5
75000.0,108813.49
1400000.0,473794.1
199000.0,144680.12
190000.0,138916.86
298000.0,255103.98
126000.0,161259.03
65000.0,86797.49
203000.0,299632.72
62000.0,70699.37
450000.0,343903.94
99000.0,115894.15
185000.0,258803.73
285000.0,326932.8
43047.0,72562.13
198000.0,178525.78
72000.0,91755.92
82000.0,109300.97
76000.0,93039.625
220000.0,201263.19
149000.0,121154.625
65000.0,108295.0
82000.0,90550.51
92400.0,102867.79
118000.0,153994.7
98000.0,108467.56
130000.0,147340.03
99500.0,107212.164
189000.0,127451.484
120000.0,179935.27
154500.0,186819.45
143000.0,235357.9
150000.0,140855.0
355000.0,272778.34
285000.0,314636.28
78000.0,94000.68
300000.0,220544.42
105000.0,106924.31
100000.0,124838.586
295000.0,315336.3
490000.0,502069.12
78000.0,113517.74
130000.0,123012.0
189000.0,276680.47
69900.0,70813.85
69900.0,66150.82
65000.0,75081.945
850000.0,879725.4
99000.0,141884.42
168500.0,217079.78
68000.0,73209.26
67500.0,79794.41
199000.0,163215.64
430000.0,331471.28
119800.0,115880.28
209900.0,177689.89
85000.0,102634.086
155000.0,180925.53
46000.0,56813.766
85800.0,103514.625
72000.0,70813.85
58000.0,136645.11
98000.0,108596.164
75000.0,92714.57
169900.0,231671.67
68000.0,95671.91
315000.0,230872.97
69000.0,95037.26
202000.0,219938.53
65000.0,325888.88
371790.0,376041.94
189000.0,193902.08
114000.0,97190.266
173900.0,143638.52
154900.0,202004.72
146800.0,231586.28
253394.0,253481.89
118000.0,107922.7
155000.0,192154.27
85000.0,107869.27
67000.0,70096.555
69400.0,87059.61
1480000.0,693289.7
110000.0,120835.945
175000.0,203257.34
795000.0,955530.56
216000.0,288983.16
89000.0,88571.81
79500.0,81161.54
115000.0,123417.33
399000.0,399549.78
379000.0,512149.4
258000.0,233876.33
370000.0,301618.28
140000.0,175486.9
106000.0,131844.58
95000.0,125052.22
75000.0,80153.02
830000.0,862784.44
350000.0,374738.6
355000.0,325888.88
129000.0,136684.55
241050.0,245079.58
280000.0,343903.94
84500.0,66332.42
75000.0,86527.97
105000.0,108789.984
100000.0,100242.32
450000.0,400151.22
650000.0,385016.84
104000.0,107233.91
119000.0,117435.97
179000.0,243789.53
160000.0,156428.53
199000.0,292100.06
185000.0,213346.4
139900.0,187103.31
169000.0,155736.75
1190000.0,1017647.7
140000.0,131533.17
118000.0,148286.52
58000.0,90924.15
88000.0,107254.94
139900.0,150267.02
320000.0,232427.16
85000.0,61641.344
163000.0,161904.12
186000.0,173933.3
110000.0,133262.72
460000.0,756287.0
50000.0,61092.977
250000.0,179638.83
92000.0,56801.3
144999.0,124936.195
105000.0,94014.86
98000.0,84045.62
193000.0,136408.72
93000.0,120298.06
130000.0,136753.39
112000.0,325888.88
118300.0,137239.4
70000.0,58081.883
250000.0,202004.72
110000.0,89139.7
150000.0,143376.12
790000.0,798315.8
69223.0,77844.016
590000.0,562465.0
72000.0,80876.23
760000.0,364814.22
59000.0,55383.098
259900.0,185469.94
269000.0,249175.94
68000.0,84124.2
199000.0,282584.56
43000.0,63259.754
170000.0,183371.1
220000.0,252621.3
380000.0,255246.39
250000.0,289157.12
145000.0,164461.64
89000.0,95500.484
45000.0,135235.8
120000.0,118884.83
298000.0,222873.12
135000.0,216426.27
380000.0,315756.22
220000.0,184144.89
495000.0,289469.22
93000.0,89493.734
120000.0,110875.2
78000.0,103437.8
84900.0,96766.83
105000.0,108739.78
139000.0,119616.35
250000.0,288854.44
259000.0,261012.61
62000.0,94447.734
290000.0,236858.4
72000.0,135672.36
115000.0,142157.53
79900.0,93937.88
89500.0,90031.53
480000.0,411733.5
89000.0,118867.82
68500.0,60803.094
330000.0,318407.8
90000.0,101031.09
105000.0,139348.9
125000.0,151437.55
120000.0,108415.04
315000.0,404793.25
85000.0,94209.43
93000.0,112148.3
190000.0,268183.38
109000.0,106366.95
88000.0,90116.4
160000.0,166911.19
80000.0,64618.273
100000.0,119135.86
148900.0,146677.56
54000.0,60731.63
74000.0,67802.49
130000.0,186888.67
157000.0,91331.14
248790.0,162729.94
125000.0,117698.3
149900.0,120699.92
67000.0,130124.086
230000.0,191663.34
79000.0,105307.04
71497.0,112382.03
109000.0,217755.39
127500.0,98879.5
148000.0,152391.33
210000.0,174210.42
252000.0,338478.34
89900.0,135031.28
300000.0,349380.94
145000.0,131580.03
51000.0,69585.13
170000.0,243995.45
112000.0,104443.57
252000.0,288307.22
180000.0,144643.08
1100000.0,727012.2
360000.0,352367.1
229500.0,279533.12
84500.0,99424.51
57000.0,63853.207
160000.0,123078.125
320000.0,309069.8
115000.0,90116.4
160000.0,172348.6
128000.0,138990.56
26000.0,109656.97
115000.0,90449.4
136000.0,122373.53
187000.0,500593.88
243000.0,337067.34
155000.0,149007.75
190000.0,242354.89
149000.0,121653.75
154950.0,184766.9
39900.0,52852.02
245000.0,311987.12
635000.0,653735.6
125000.0,105644.086
259000.0,318879.72
520000.0,370095.88
48000.0,70468.82
168030.0,154150.62
107000.0,153293.69
112000.0,108632.32
176000.0,165374.42
180000.0,173757.45
119000.0,100598.91
199500.0,186616.77
90000.0,103017.72
103950.0,96152.3
80000.0,64249.406
125000.0,109553.05
120000.0,118292.74
147900.0,118892.45
465000.0,455078.8
279000.0,219323.25
169000.0,152351.23
268000.0,206385.52
249000.0,356208.94
185000.0,139939.19
112000.0,186187.81
89000.0,115667.43
105000.0,198797.47
638000.0,556560.06
195000.0,142259.3
392000.0,431182.44
90720.0,94827.91
100000.0,118339.28
65000.0,92714.57
132000.0,94550.46
64415.0,128174.41
200000.0,262779.8
99000.0,114492.97
59500.0,88711.6
285000.0,353512.88
149900.0,179214.42
59000.0,133347.56
192000.0,258388.48
50000.0,79748.96
95000.0,88432.59
89800.0,66446.47
79000.0,144680.12
95000.0,97786.73
69000.0,62944.973
330000.0,178525.78
110000.0,212330.67
230000.0,180116.22
92000.0,92548.52
95000.0,108355.63
405000.0,249262.69
39900.0,94550.46
149000.0,133313.66
75000.0,88935.984
242000.0,235214.98
118000.0,94550.46
290000.0,270498.38
160000.0,143187.6
89900.0,77109.305
399000.0,520968.03
375000.0,397681.6
113000.0,148278.4
200000.0,133811.12
135000.0,216532.67
134000.0,127198.69
240000.0,320291.3
280000.0,341126.97
125000.0,131764.73
146000.0,127022.445
115000.0,132234.73
145000.0,156848.36
170000.0,241057.03
89500.0,84396.32
108000.0,109750.914
93000.0,98781.18
134900.0,134175.6
195000.0,154150.62
114000.0,115676.64
112000.0,146387.75
300000.0,358961.72
69900.0,94451.14
120000.0,133527.89
850000.0,445050.06
133000.0,141377.39
239000.0,261283.77
227000.0,131874.66
135000.0,135002.67
85000.0,87373.49
275000.0,188408.02
72000.0,97855.41
146000.0,111173.37
144000.0,165392.83
79500.0,75031.93
135000.0,144680.12
255000.0,260848.4
158000.0,233814.8
1400000.0,824253.75
99000.0,94965.86
100000.0,113795.53
419000.0,527155.0
295000.0,346787.7
162500.0,179665.47
260000.0,285776.53
228000.0,272508.38
273000.0,180085.6
99000.0,128646.74
145000.0,127775.71
120000.0,203851.72
255000.0,211446.58
112500.0,123969.695
59000.0,65312.58
145000.0,186650.38
620000.0,629346.56
77000.0,96378.46
94000.0,105908.164
42000.0,54875.3
36000.0,52606.13
160000.0,171368.84
218000.0,182223.9
220000.0,205104.27
175000.0,199088.78
59500.0,110181.84
158000.0,141164.83
415000.0,405314.94
99000.0,84286.93
108000.0,107449.63
109900.0,134796.81
74900.0,79017.875
580000.0,771442.2
520000.0,292712.75
170000.0,151439.36
90000.0,92084.2
225000.0,242973.28
160000.0,171545.0
150000.0,227333.52
416000.0,568841.6
165000.0,143314.84
62000.0,54023.62
61129.0,88116.04
79900.0,102749.6
420000.0,284047.4
142000.0,158606.42
350000.0,345261.53
159900.0,166372.27
84500.0,108355.63
880000.0,445050.06
135000.0,137059.7
215000.0,239970.8
150000.0,123408.78
85000.0,94306.74
100000.0,91991.52
170000.0,209104.86
180000.0,168111.39
80000.0,92334.266
145000.0,104917.28
85000.0,100062.98
75000.0,104334.87
154900.0,172417.31
189000.0,202031.95
170000.0,112926.53
86527.0,77464.3
115000.0,114463.53
79000.0,82207.836
129500.0,131424.25
390000.0,456681.22
155000.0,125629.99
80000.0,88951.84
75000.0,87291.2
72000.0,102987.03
129500.0,118386.36
71000.0,99864.49
260000.0,239143.06
119000.0,107869.27
489000.0,512782.88
90000.0,112324.945
70000.0,99160.375
65000.0,67539.32
319000.0,332782.7
375163.0,410868.25
118000.0,133443.06
77900.0,97792.984
260000.0,268233.12
95000.0,105307.04
111000.0,127008.62
58700.0,58081.883
229000.0,177623.98
220000.0,240131.92
195000.0,154077.66
149000.0,205246.75
239000.0,216722.16
390000.0,269332.78
219000.0,174570.31
350000.0,301834.4
77100.0,59058.754
112000.0,114482.08
155000.0,164302.73
100000.0,96011.375
55000.0,54174.25
87000.0,113452.69
132500.0,130361.45
100000.0,102806.086
93000.0,93238.7
1100000.0,940610.25
135000.0,151286.81
119000.0,149456.89
109000.0,127753.05
680000.0,442693.8
490000.0,513644.8
100000.0,216284.28
314000.0,277359.47
99000.0,120441.875
260000.0,272472.97
67500.0,66150.82
70000.0,117282.22
100000.0,240351.5
75000.0,93537.12
126000.0,88684.7
499000.0,582168.7
109545.0,124627.805
169000.0,186650.38
104900.0,124075.68
230000.0,175822.03
65000.0,97856.375
91900.0,129749.22
136000.0,187961.19
88000.0,103640.69
99900.0,125379.68
154000.0,159736.9
200000.0,215122.94
149900.0,114481.68
280000.0,439825.88
110000.0,129763.75
147000.0,158978.48
110000.0,77984.7
140000.0,97116.555
62000.0,80428.48
129000.0,107961.195
68000.0,54119.76
179500.0,191031.23
84800.0,108344.01
139000.0,130616.81
115200.0,121748.92
110000.0,115980.164
750000.0,325888.88
325000.0,339520.53
130000.0,119672.71
218000.0,281397.12
600000.0,871976.06
99000.0,117487.89
110000.0,125336.4
595000.0,314950.94
145000.0,114691.98
75000.0,86239.67
185000.0,252170.47
160000.0,141235.23
99900.0,162657.03
210000.0,243789.53
110000.0,135903.06
980000.0,871976.06
100000.0,82135.29
190000.0,209319.0
165000.0,153236.36
155000.0,192239.98
270000.0,271026.8
98800.0,64320.055
125000.0,104441.29
325000.0,341761.53
180500.0,238127.25
150000.0,170925.64
385000.0,343903.94
110000.0,122703.91
138000.0,173063.84
87000.0,80628.44
149000.0,143342.98
480000.0,465017.56
120000.0,128140.65
70000.0,59787.07
70000.0,69487.266
168000.0,169179.23
175000.0,187506.22
350000.0,323571.6
50000.0,74215.51
75000.0,94500.83
98000.0,87011.28
225000.0,264610.12
99000.0,108467.56
320000.0,323857.8
298000.0,218494.81
99000.0,116826.01
104200.0,125093.875
250000.0,354963.75
146000.0,137207.06
420000.0,247249.62
88900.0,161910.19
265000.0,286347.25
155000.0,103127.01
300000.0,227840.34
89900.0,102059.25
65000.0,79844.664
105000.0,130983.695
79000.0,81161.54
187000.0,221330.6
1300000.0,896822.25
184900.0,222873.12
235000.0,299001.44
210000.0,225560.42
70000.0,75575.41
190000.0,213347.31
630000.0,428793.53
85000.0,62421.5
279000.0,227560.47
135000.0,125414.45
119900.0,110122.72
79500.0,107378.23
109000.0,98016.91
79000.0,104865.27
85000.0,113595.49
150000.0,145622.0
235000.0,255861.33
245000.0,330054.3
150000.0,93952.76
890000.0,734751.1
137000.0,114054.805
170000.0,145673.95
120000.0,112301.81
105000.0,115685.27
67000.0,86554.95
770000.0,732194.56
185000.0,237897.78
1100000.0,719372.06
126000.0,181528.27
127000.0,128442.5
55000.0,105625.766
135000.0,145225.19
265000.0,271311.06
389000.0,370785.62
168000.0,157800.44
149000.0,163007.2
179000.0,240325.3
109000.0,132507.16
89000.0,115382.11
295000.0,188788.48
137000.0,221299.66
235269.0,216722.16
118000.0,101427.3
86000.0,75105.64
129000.0,125559.01
120000.0,79748.96
92000.0,119783.82
320000.0,311398.53
109000.0,104014.055
74900.0,90405.25
117500.0,157139.23
132000.0,108056.234
199000.0,158416.45
109900.0,105273.26
435000.0,400939.78
65000.0,55774.766
245000.0,226287.72
250000.0,382446.0
219000.0,350884.28
105000.0,149456.89
210000.0,151538.1
125000.0,88645.52
550000.0,566638.75
375000.0,272778.34
195000.0,209104.86
159000.0,152846.62
83000.0,109809.89
75000.0,139449.06
220000.0,218330.34
345000.0,345261.53
110000.0,137998.11
245000.0,218444.58
260000.0,303220.22
86500.0,121380.46
118000.0,139981.22
135000.0,166277.72
89000.0,96255.9
84000.0,121892.055
78000.0,124491.11
175000.0,178631.12
119000.0,101937.79
278000.0,223104.11
140000.0,131366.28
278000.0,370287.8
104000.0,116754.95
188200.0,190050.73
289000.0,297189.38
51000.0,188683.83
260000.0,359658.16
188000.0,98806.414
104900.0,105307.04
209000.0,160594.62
115000.0,111257.81
298000.0,257268.92
330000.0,292606.75
520000.0,456681.22
125000.0,148110.89
75000.0,83210.67
120000.0,79671.016
115000.0,126823.02
109900.0,139828.33
146000.0,133811.12
225000.0,221018.48
185000.0,153447.95
150000.0,161027.36
440000.0,695790.7
78700.0,88951.84
72000.0,81842.88
97000.0,137902.33
95000.0,91377.42
99900.0,129895.81
203000.0,176665.3
150000.0,246920.5
79000.0,84194.37
115000.0,141164.83
270000.0,182615.16
128000.0,96348.47
315000.0,311353.1
75000.0,93537.12
220000.0,173465.31
120000.0,114521.62
100000.0,272288.0
149000.0,137442.33
198000.0,355463.66
149000.0,165621.78
68000.0,105420.945
330000.0,241717.89
178000.0,245916.66
69000.0,92714.57
195000.0,200105.53
99000.0,123558.305
350000.0,358421.94
90000.0,103940.34
158000.0,158607.72
250000.0,212366.05
272900.0,279754.7
290000.0,311987.12
111000.0,135865.94
370000.0,283973.72
179000.0,251236.66
170000.0,136160.75
66640.0,97422.49
108000.0,95050.39
150000.0,171778.8
206000.0,180461.58
210000.0,145825.14
147000.0,96160.28
135000.0,96011.914
420000.0,576997.06
158000.0,112322.28
125000.0,132461.94
109000.0,127022.445
650000.0,867350.06
228000.0,183559.03
62000.0,92496.09
278000.0,165495.25
225000.0,199721.64
113000.0,117948.69
92000.0,75105.64
69048.0,88100.695
139000.0,114409.22
420000.0,298154.22
199000.0,249160.89
950000.0,318879.72
215000.0,227381.31
74500.0,103940.34
135000.0,141308.94
175000.0,183672.39
130000.0,84105.08
175000.0,210562.94
189000.0,203305.58
340000.0,386303.75
82000.0,81302.99
450000.0,888826.4
99000.0,100012.016
239000.0,397681.6
45000.0,90449.4
139000.0,174210.42
142000.0,168072.38
328000.0,302898.12
45000.0,69438.35
137500.0,207829.11
200000.0,186819.45
90000.0,139223.05
140000.0,136164.3
80000.0,93193.94
119000.0,127915.64
550000.0,461031.4
255000.0,356004.53
175000.0,190588.22
169000.0,301618.28
125000.0,127845.15
210000.0,177009.62
230000.0,249175.94
114000.0,173535.5
250000.0,199102.1
128000.0,226187.86
145000.0,148303.12
329000.0,238035.06
95000.0,79671.016
140000.0,131203.53
138000.0,168851.19
82000.0,101909.83
78000.0,89139.7
149000.0,157479.84
590000.0,325888.88
66000.0,74715.08
255000.0,250942.75
152000.0,169418.38
649000.0,780907.9
114900.0,131621.98
117900.0,114789.2
140000.0,255322.44
132000.0,142089.06
55300.0,84241.42
75000.0,126393.34
229000.0,241284.61
238000.0,340385.9
950000.0,605227.7
625000.0,439634.44
237000.0,311987.12
300000.0,284220.66
175000.0,165342.23
310000.0,518225.66
130000.0,145545.38
360000.0,359140.12
89000.0,84124.2
349000.0,291586.53
95000.0,105839.47
90000.0,90316.36
169000.0,189122.08
420000.0,257268.92
330000.0,353526.03
54000.0,54119.76
74000.0,139157.2
46500.0,52943.94
90000.0,64320.055
250000.0,167327.2
380000.0,192897.86
530000.0,267613.97
59000.0,80543.82
255676.0,216056.5
165000.0,133262.72
110000.0,138990.56
68000.0,93601.61
72000.0,104113.93
269000.0,205729.84
140000.0,125712.02
85000.0,97296.17
111000.0,94550.46
100000.0,103919.51
144000.0,141884.42
85000.0,105296.305
160000.0,217734.33
250000.0,200806.56
140000.0,159422.55
1100000.0,719372.06
110000.0,121505.72
244000.0,240609.44
142500.0,144680.12
230000.0,301618.28
95000.0,124347.86
185000.0,180758.56
210000.0,141235.23
475000.0,308715.56
67000.0,68528.42
120000.0,158973.8
90500.0,151784.27
235000.0,229162.23
155000.0,317588.4
170000.0,206818.05
325000.0,274831.88
120000.0,118818.914
160000.0,262767.7
170000.0,127845.15
119000.0,123012.0
69000.0,106812.305
88363.0,108540.516
118501.0,147712.27
490000.0,527084.44
69000.0,98936.695
275000.0,220824.19
197000.0,191007.0
175000.0,144649.06
240000.0,199768.45
67000.0,70096.555
40000.0,130013.43
115000.0,102603.39
115000.0,221648.2
139000.0,161899.39
180000.0,235891.39
72000.0,96122.66
285000.0,278310.16
66000.0,92891.39
80028.0,60803.094
78000.0,90154.92
200000.0,221673.19
119000.0,146904.05
79000.0,77266.305
220000.0,180159.3
315000.0,287741.72
165000.0,125398.97
319000.0,289919.6
189000.0,180977.62
590000.0,768634.7
150000.0,137193.4
110000.0,129727.914
155000.0,165589.62
97500.0,167230.56
109000.0,95671.91
42000.0,58714.188
180000.0,186158.5
159900.0,125559.01
128000.0,114083.07
98000.0,107051.63
120000.0,108467.56
99000.0,146707.23
220000.0,183493.02
84500.0,103133.14
110000.0,117574.5
88000.0,92833.42
239000.0,261002.45
180000.0,257390.61
92000.0,98363.4
90000.0,138267.28
520000.0,820181.6
98000.0,128316.766
102000.0,121680.16
82000.0,128140.65
145000.0,227333.52
185000.0,146677.56
180000.0,156383.44
279900.0,328287.78
155000.0,163789.2
165000.0,233814.8
85000.0,93567.42
156000.0,144680.12
60500.0,81842.88
58000.0,92714.57
75000.0,110927.77
62000.0,79542.086
85000.0,94238.73
149990.0,109602.21
970000.0,794189.75
24000.0,90860.08
375000.0,506792.2
78000.0,122215.42
275000.0,245079.58
260000.0,239177.16
750000.0,783042.9
115000.0,133839.45
150000.0,128158.586
300000.0,326042.5
155000.0,187961.19
96000.0,118818.914
60000.0,54875.3
78000.0,62485.598
390000.0,360653.44
105000.0,120739.836
225000.0,245938.73
350000.0,188173.12
285000.0,262408.8
90000.0,102140.03
190000.0,141653.84
72000.0,76934.984
195000.0,252425.3
115000.0,204917.27
206000.0,203305.33
169900.0,142322.16
99000.0,156079.27
89500.0,100596.234
590000.0,797714.1
120000.0,111337.4
74000.0,103101.71
139000.0,247610.55
85000.0,100890.125
300000.0,429718.53
119900.0,160447.34
117000.0,97798.516
130000.0,148110.89
52000.0,144245.53
223000.0,178062.11
70000.0,109742.28
160000.0,164030.9
100000.0,217755.39
590000.0,601012.7
109000.0,132507.16
81600.0,212330.67
78862.0,123110.52
239000.0,229409.23
245000.0,262779.8
135000.0,113389.64
169900.0,255238.89
189200.0,233011.55
90000.0,125727.58
149000.0,170225.31
133000.0,127845.15
460000.0,302048.3
168000.0,163729.31
92000.0,79730.18
89000.0,107378.23
186109.0,144680.12
130000.0,182618.97
500000.0,277414.62
210000.0,246814.44
115000.0,109750.914
35800.0,52551.637
265000.0,137207.06
49000.0,68528.42
116000.0,90116.4
150000.0,149748.34
210000.0,232921.69
112000.0,91435.96
134000.0,114201.34
259000.0,263423.5
135000.0,143376.12
82000.0,98459.8
170000.0,162609.58
119000.0,248033.06
119000.0,199485.39
139000.0,93547.3
285000.0,314959.38
135000.0,151536.69
258000.0,182112.97
97900.0,120067.19
85000.0,152559.3
115000.0,131644.23
650000.0,464707.25
110000.0,95446.555
132000.0,102409.266
80000.0,87291.2
117000.0,152086.36
585000.0,412269.47
55000.0,64249.406
250000.0,197831.1
300000.0,252126.92
179900.0,264267.03
245000.0,173765.67
314000.0,358509.12
140000.0,153803.33
169000.0,233814.8
85000.0,103992.71
460000.0,513644.8
40000.0,354214.88
89000.0,61586.855
220000.0,222355.52
69900.0,97856.375
85000.0,107272.21
145000.0,195502.77
89000.0,104443.57
79500.0,135235.8
80000.0,77008.09
59500.0,67458.125
75000.0,92084.2
268000.0,228200.14
49500.0,88116.04
135000.0,117248.67
165000.0,124075.68
210000.0,155278.62
137000.0,164347.1
149000.0,236108.36
143000.0,103419.91
159000.0,115623.99
225000.0,281712.66
330000.0,346611.56
365000.0,317234.12
71000.0,79481.61
280000.0,278584.62
168000.0,128224.734
180000.0,193902.08
159000.0,176487.6
46000.0,62817.72
70000.0,94827.91
259000.0,224663.61
139900.0,134339.14
120000.0,144745.58
52000.0,107903.875
74900.0,91074.52
116000.0,102425.83
98000.0,124593.91
245000.0,197544.33
20000.0,45069.406
318000.0,326042.5
92000.0,139981.22
121577.0,135222.34
110000.0,106524.81
74900.0,70524.984
129000.0,131619.92
137900.0,121793.22
610000.0,434161.75
104000.0,117900.44
75000.0,170735.92
170000.0,237770.94
149000.0,210312.19
155000.0,172827.23
198000.0,127057.02
220000.0,272472.97
730000.0,564705.0
148000.0,144822.78
174900.0,160027.84
112500.0,145225.19
179000.0,160447.34
159900.0,143376.12
277000.0,196584.55
490000.0,308325.78
159000.0,246534.25
89000.0,118892.625
75000.0,91336.66
385000.0,293713.28
149000.0,143670.44
90000.0,106353.516
280000.0,175732.55
339900.0,365970.88
128000.0,275571.12
200000.0,152299.02
112100.0,109178.79
165000.0,129369.39
216000.0,154594.03
110000.0,116846.44
79900.0,110414.08
85000.0,91259.38
195000.0,169115.92
95000.0,221648.2
119000.0,188520.31
105350.0,108384.516
84000.0,90116.4
130000.0,119476.23
190000.0,107922.52
88000.0,105156.67
100000.0,109118.234
72000.0,88571.81
79500.0,135235.8
98000.0,106213.39
78000.0,114888.9
140000.0,122957.32
288000.0,283127.16
39000.0,58611.39
135000.0,235300.02
350000.0,325888.88
230000.0,188246.83
110000.0,177321.53
430000.0,245254.52
94000.0,88318.2
1150000.0,1010978.0
156000.0,121959.09
79000.0,113811.28
570000.0,513358.28
180000.0,190993.7
138000.0,153298.39
449000.0,498300.97
227909.0,253481.89
150000.0,233814.8
210000.0,186428.8
75000.0,101470.01
145000.0,169227.4
89000.0,92147.35
85000.0,131255.62
88800.0,107662.8
155000.0,195502.77
275000.0,246704.25
590000.0,422112.62
220000.0,209220.48
114900.0,142306.7
229000.0,173302.94
153125.0,141206.77
119000.0,163216.8
295000.0,327533.56
260000.0,204651.88
175000.0,172422.3
140000.0,169953.53
165000.0,159250.56
150000.0,144871.5
62000.0,65768.266
109000.0,130714.97
210000.0,123078.125
420000.0,274579.66
78000.0,90462.12
85682.0,108355.63
62500.0,63592.055
162000.0,225634.12
153000.0,101460.625
56900.0,76818.81
94700.0,101243.97
172000.0,172422.3
100000.0,134670.05
215000.0,260738.97
162000.0,212057.48
235000.0,245118.03
329000.0,230240.6
94000.0,145041.48
235000.0,371168.47
145000.0,148782.0
390000.0,212655.55
129000.0,98213.93
140000.0,169272.52
275000.0,197630.2
115000.0,125387.55
150000.0,172579.66
215000.0,203305.33
87500.0,113820.08
285000.0,226456.48
154600.0,157800.44
130000.0,233814.8
46654.0,52606.13
270000.0,203087.81
520000.0,646420.44
97000.0,127198.69
229000.0,239845.72
69500.0,80068.516
94000.0,128850.07
175000.0,154559.22
88000.0,143242.95
97000.0,88571.81
335000.0,253636.97
138000.0,168727.1
139900.0,129172.11
107500.0,181124.08
93000.0,109667.4
135000.0,136230.25
120460.0,118091.875
490000.0,586241.7
126000.0,140106.77
175000.0,301618.28
210000.0,243439.16
390000.0,286347.25
115000.0,112706.62
149000.0,143355.67
770000.0,677483.94
45000.0,58111.18
179900.0,177154.08
84141.0,78828.24
350000.0,568841.6
179900.0,143638.52
115000.0,132096.4
175000.0,139981.22
270000.0,272928.34
90000.0,133602.06
69000.0,76959.61
89900.0,97585.48
154000.0,198908.47
330000.0,413075.62
118000.0,126975.29
80000.0,97579.95
160000.0,130396.26
155000.0,125398.97
89500.0,95743.164
189418.0,154150.62
259000.0,205650.94
66700.0,54023.62
81000.0,99160.375
115000.0,160491.72
66150.0,68491.7
155000.0,156901.61
120000.0,154191.95
75900.0,79794.41
458000.0,428793.53
200000.0,172597.69
120000.0,91777.77
56000.0,62152.316
120000.0,127845.15
79000.0,75031.93
152000.0,132367.08
45000.0,57739.21
230000.0,188091.31
69000.0,123078.125
157200.0,153803.33
110000.0,125379.68
198000.0,180668.62
110000.0,105570.375
225000.0,281712.66
115000.0,101613.14
159000.0,210563.88
580000.0,502897.6
59900.0,113318.07
175000.0,134252.69
80850.0,129935.055
190000.0,311987.12
195000.0,240923.75
135000.0,105156.67
185000.0,215314.73
190000.0,139969.34
180000.0,220754.11
160000.0,255430.83
110000.0,105994.48
270000.0,386406.53
122900.0,110187.695
176628.0,245079.58
184800.0,197593.88
135000.0,156848.36
155000.0,158978.48
230000.0,171611.58
240000.0,245781.31
72000.0,92492.78
68900.0,90116.4
250000.0,316539.62
240000.0,275829.47
172329.0,149169.53
84000.0,116298.81
240000.0,233131.08
131000.0,171368.84
215000.0,262153.78
195000.0,233645.22
169000.0,236428.58
97000.0,79671.016
135000.0,111720.98
158000.0,229968.73
89000.0,87127.04
99990.0,109609.26
110000.0,110927.77
84200.0,107517.39
165000.0,154241.23
169000.0,220824.19
299500.0,290123.16
115000.0,105069.92
105000.0,86486.87
155000.0,133811.12
420000.0,341761.53
450000.0,641689.4
310000.0,383792.84
125000.0,105156.67
79900.0,66308.14
269000.0,234580.56
150000.0,171778.8
129900.0,150463.98
89000.0,91052.234
220000.0,275274.5
149000.0,174795.14
220000.0,161194.02
103900.0,88571.81
145000.0,148303.12
139000.0,325888.88
75000.0,52943.94
135000.0,150284.4
80000.0,108789.984
890000.0,879725.4
167000.0,168015.56
289000.0,178688.62
120000.0,201257.8
92000.0,94785.28
69900.0,94693.08
105000.0,101224.125
150000.0,121580.04
195000.0,163712.84
190000.0,302768.22
180000.0,143095.67
231900.0,159675.11
140000.0,152682.44
259000.0,241413.11
110000.0,133004.97
85000.0,133602.06
187000.0,216056.5
210000.0,172422.3
149000.0,214501.38
107000.0,110004.2
238000.0,214425.72
170000.0,134401.27
1300000.0,593906.6
140000.0,160613.16
137000.0,132234.73
55928.0,52606.13
229500.0,220824.19
125000.0,221622.98
220590.0,184895.83
183000.0,175002.92
145000.0,143376.12
189000.0,196190.92
230000.0,262570.3
119500.0,195502.77
115000.0,100526.35
89500.0,98095.625
275000.0,287954.97
125000.0,236428.58
112000.0,109940.26
100000.0,76013.9
76000.0,92237.04
119000.0,137209.17
110000.0,86846.92
64000.0,61641.344
395000.0,426522.44
195000.0,230582.6
140000.0,93810.625
480000.0,386406.53
155000.0,133262.72
88000.0,107254.94
69000.0,93215.06
158000.0,171248.3
189000.0,254960.31
400000.0,399209.16
730000.0,941506.25
55000.0,75700.59
88000.0,81834.586
175000.0,168528.78
820000.0,955530.56
89000.0,88110.63
51000.0,49753.09
195000.0,169122.97
165000.0,188177.23
93000.0,102182.38
290000.0,304755.78
120000.0,211553.95
155000.0,160720.58
130000.0,100296.016
310000.0,346399.28
180000.0,166477.92
59000.0,79084.49
120000.0,104250.71
79600.0,87059.61
168000.0,178802.06
112499.0,101909.83
85000.0,111637.4
159000.0,233814.8
953000.0,421248.44
134000.0,160162.14
135000.0,114780.58
110000.0,103861.08
198000.0,249108.69
110000.0,120739.836
159000.0,168072.38
89500.0,106213.39
313000.0,304357.25
143000.0,166910.48
1300000.0,1114762.4
500000.0,307757.34
120000.0,111828.37
103520.0,110090.46
157000.0,152706.56
600000.0,570786.5
294000.0,267388.5
63000.0,76103.92
94000.0,150875.42
110000.0,89162.914
850000.0,844743.3
308000.0,200806.56
180000.0,133997.69
105000.0,140857.45
109000.0,125585.96
72000.0,74795.9
93000.0,137479.73
107000.0,85477.31
330000.0,141235.23
110000.0,110875.2
68000.0,71812.75
60000.0,94109.125
45000.0,59524.848
85000.0,151857.97
139900.0,216019.06
220000.0,198597.47
220000.0,271384.75
195000.0,143959.03
112000.0,103379.195
168500.0,212057.48
90000.0,123444.13
239000.0,286959.3
147000.0,186819.45
45000.0,52852.02
139000.0,153303.89
195000.0,144115.34
75000.0,109990.48
470000.0,467602.56
69000.0,83056.96
425000.0,381504.8
125000.0,121959.09
489000.0,369168.97
69900.0,93331.02
85000.0,99441.61
180000.0,193149.95
165000.0,204659.83
79000.0,82834.164
145000.0,124390.74
269000.0,421846.7
145000.0,157725.75
74900.0,114694.27
750000.0,713461.06
125000.0,112132.02
265000.0,235425.67
114000.0,145225.19
122000.0,115316.85
79000.0,77326.42
230000.0,247774.95
425000.0,399581.8
99000.0,143474.08
139900.0,106930.9
110051.0,100225.64
415000.0,343903.94
152000.0,239310.0
150000.0,172691.95
49000.0,71257.55
198000.0,142733.22
149000.0,195316.84
385000.0,436482.47
420000.0,255152.2
269000.0,290317.28
195000.0,219430.42
125000.0,131162.94
155000.0,152195.28
168000.0,184144.89
223000.0,247774.95
104500.0,133839.45
168000.0,170925.64
109500.0,115676.64
375000.0,318596.22
289000.0,323326.7
270000.0,250248.38
218000.0,173600.47
330000.0,329373.62
260000.0,265565.88
240000.0,304531.62
180000.0,238200.86
170000.0,158606.42
148000.0,134951.3
124900.0,123031.336
166068.0,149169.53
223000.0,139014.12
99000.0,148286.52
150000.0,143618.52
125000.0,124564.81
168000.0,144651.28
99000.0,100225.64
99000.0,99017.17
530000.0,499796.44
280000.0,281270.7
100000.0,129088.625
118000.0,111692.61
225000.0,338478.34
115000.0,117979.03
115000.0,108505.89
149900.0,254369.22
84000.0,65827.52
42000.0,52551.637
60000.0,58506.484
599000.0,513358.28
125340.0,106373.92
198000.0,238269.39
92000.0,93322.805
210000.0,182106.55
125000.0,114595.836
110000.0,119286.97
85000.0,107095.1
80000.0,92569.27
112000.0,119738.17
750000.0,814741.94
300000.0,337375.6
81900.0,94594.23
166000.0,117687.91
145000.0,128600.2
39500.0,59630.23
85289.0,60803.094
60000.0,91336.66
55000.0,79542.086
69000.0,104335.664
125000.0,118732.625
52000.0,55520.785
245000.0,176676.17
240000.0,196773.39
120000.0,127159.24
289000.0,419250.62
156000.0,120907.51
300000.0,376567.12
109900.0,122979.91
290000.0,336648.06
225000.0,281712.66
89000.0,90698.74
260000.0,309069.8
255000.0,242406.48
220000.0,170225.31
139500.0,114640.51
99999.0,121503.54
149000.0,169025.17
99000.0,109809.89
112000.0,181975.28
230000.0,236306.58
225000.0,252228.61
85000.0,100231.55
490000.0,525565.4
205000.0,136684.55
110000.0,135031.28
92000.0,132821.05
235000.0,235499.38
120000.0,189621.67
129000.0,162444.44
510000.0,842287.94
95000.0,150899.88
97000.0,126753.32
79660.0,83518.37
83500.0,100596.234
98000.0,116230.984
125000.0,123440.945
74000.0,72385.766
179000.0,168835.53
60000.0,92045.125
70000.0,88394.66
98700.0,99820.516
63900.0,112115.87
190000.0,178391.0
430000.0,255315.06
110000.0,155430.55
77000.0,200377.84
350000.0,296786.22
232000.0,206385.52
95000.0,110004.2
130000.0,149456.89
695000.0,189193.2
178000.0,261182.28
93000.0,100054.34
129000.0,133330.31
163000.0,140081.14
56000.0,52606.13
150000.0,147162.92
78500.0,77301.85
350000.0,312857.2
76000.0,86855.14
58000.0,84567.33
53000.0,67194.52
160000.0,169492.1
250000.0,322574.03
258500.0,128473.3
68000.0,85726.92
300000.0,241077.12
395000.0,369589.1
185000.0,317588.4
270000.0,254960.31
145000.0,105788.64
110000.0,157229.73
63000.0,84860.53
72000.0,115242.14
697000.0,437631.2
78000.0,78023.23
50000.0,51955.31
112000.0,127190.05
1300000.0,738322.3
174800.0,161967.88
135000.0,174396.17
97000.0,176704.98
118417.0,128047.87
195000.0,204266.0
590000.0,476032.16
167000.0,135002.67
1100000.0,940610.25
224780.0,228200.14
62000.0,52551.637
69900.0,81842.88
78000.0,113169.55
51000.0,90860.08
239900.0,337992.34
69000.0,91541.805
750000.0,499796.44
55000.0,70981.62
63500.0,105307.04
56000.0,161206.44
220000.0,322765.88
105000.0,82215.42
61000.0,102622.586
245000.0,329373.62
194000.0,205650.94
38000.0,66220.21
270000.0,246665.06
249000.0,217691.38
85000.0,101224.125
290000.0,260014.36
96000.0,184662.56
145000.0,228495.9
50100.0,57911.195
85000.0,101713.72
78500.0,118315.91
80000.0,76413.65
105000.0,133262.72
119000.0,136202.86
145000.0,131869.66
1200000.0,593906.6
160345.0,134949.36
1050000.0,571353.4
135000.0,133262.72
62000.0,66308.14
125000.0,201465.1
300000.0,311987.12
120000.0,105347.234
140000.0,101985.54
157000.0,160027.84
105000.0,115175.016
295000.0,364508.66
474300.0,295042.47
78000.0,84484.63
105000.0,178367.64
190000.0,217584.16
500000.0,689525.6
398000.0,325888.88
180000.0,214425.72
115000.0,99858.266
75000.0,99424.51
89000.0,98064.11
65000.0,101397.914
1200000.0,427695.94
132500.0,114691.98
70000.0,56463.49
124000.0,146946.08
200000.0,194059.98
720000.0,578627.1
155000.0,152795.5
74900.0,89895.49
115000.0,119369.7
94900.0,124097.51
54000.0,121892.055
99000.0,167230.56
187000.0,199216.34
140000.0,248106.77
186000.0,224870.17
195000.0,274667.97
180000.0,294510.72
204604.0,214628.05
79000.0,81131.74
48000.0,55774.766
135000.0,95603.24
95000.0,144169.58
54000.0,63721.758
460000.0,345247.1
78050.0,73959.26
114000.0,99017.17
238000.0,218181.02
225000.0,291583.44
105000.0,105034.98
490000.0,456681.22
95000.0,89135.44
450000.0,359532.6
450000.0,304558.8
245000.0,326042.5
52000.0,62421.5
105000.0,126080.086
129000.0,133942.92
199000.0,255613.27
1080000.0,593906.6
127000.0,150394.34
179900.0,126582.64
195000.0,279335.75
69000.0,106468.445
65000.0,101071.586
199900.0,182793.03
91000.0,82965.8
88368.0,77464.3
127500.0,158416.45
69972.0,92870.9
85000.0,94959.39
71000.0,67721.805
329000.0,253636.97
89500.0,107608.88
1390000.0,982272.5
540000.0,285379.78
56000.0,74150.5
128000.0,170494.72
278000.0,258803.73
119999.0,87446.3
290000.0,264796.4
134000.0,236428.58
87000.0,130974.664
63000.0,57813.285
110000.0,89018.0
364000.0,513983.88
60000.0,78510.164
220000.0,185543.64
125000.0,121494.3
115000.0,132161.03
189500.0,176611.11
189000.0,153447.95
130000.0,233814.8
152000.0,183115.16
45000.0,59753.195
165000.0,241413.11
110000.0,114481.68
270000.0,243415.67
138000.0,188173.12
80000.0,79762.94
184000.0,116754.95
195000.0,239560.89
398000.0,325888.88
250000.0,259634.25
219000.0,233144.08
145000.0,99718.37
45000.0,53017.65
143000.0,137059.7
85000.0,116452.09
149000.0,144050.38
153000.0,108558.61
185000.0,171031.0
175000.0,246645.9
179000.0,130706.54
105000.0,131997.88
180000.0,199232.77
85000.0,104830.95
95000.0,127428.625
338000.0,350876.22
625000.0,367004.62
185000.0,139939.19
200000.0,183672.39
160000.0,143095.67
75000.0,112565.984
549900.0,452740.72
155000.0,161170.02
320000.0,319846.1
160000.0,119135.86
120000.0,166205.44
130000.0,98639.76
100000.0,104985.57
598000.0,623483.56
135000.0,237088.42
98000.0,121580.04
138000.0,105273.26
275000.0,294420.97
67000.0,94458.38
50000.0,61887.234
115000.0,114780.58
117000.0,134498.0
100000.0,94827.91
450000.0,476032.16
160000.0,138798.4
260000.0,120684.71
440000.0,371168.47
163000.0,149456.89
45000.0,53882.42
55000.0,140461.78
77000.0,94447.734
260000.0,179407.2
69900.0,91777.77
125000.0,118339.28
450000.0,381786.75
89000.0,141885.39
89900.0,114522.125
72000.0,93331.02
110000.0,104243.05
280000.0,245503.33
189500.0,183139.36
155000.0,126006.375
165000.0,246846.8
410000.0,346787.7
159873.0,149169.53
132000.0,120609.55
179540.0,180830.28
64990.0,80895.51
139900.0,89486.03
139000.0,163718.22
129000.0,133443.06
79900.0,151904.06
445000.0,582690.0
90000.0,101031.09
150000.0,125559.01
89000.0,100202.73
69500.0,74205.09
119000.0,131203.53
95000.0,82135.29
157905.0,151588.4
220000.0,196346.17
149000.0,185950.05
285000.0,225004.81
79000.0,85303.24
180000.0,132353.58
72000.0,89135.44
570000.0,753724.9
84000.0,94561.945
85000.0,103940.34
430000.0,245254.52
158000.0,119437.01
495000.0,578232.94
215000.0,286053.0
312273.0,274545.38
175000.0,201465.1
89900.0,83527.15
99000.0,100225.64
139000.0,158416.45
360000.0,624716.1
299000.0,251236.66
299000.0,217229.11
96800.0,119793.49
890000.0,607165.6
295000.0,264419.06
110000.0,108309.42
99000.0,101653.59
417000.0,387446.2
185000.0,220419.31
700000.0,681608.56
114900.0,123258.99
203000.0,177304.9
225000.0,175668.47
239000.0,149007.75
70000.0,148243.31
159900.0,158737.64
110000.0,102901.7
430000.0,460532.1
191520.0,146677.56
127000.0,118460.07
104900.0,109809.89
219999.0,180085.6
430000.0,522430.34
119000.0,160536.55
92000.0,105103.18
255000.0,256580.8
168000.0,146677.56
249000.0,245961.08
95000.0,124294.234
60000.0,112074.17
145000.0,129568.95
175000.0,175086.19
310000.0,242367.14
70000.0,71848.055
230000.0,241882.42
149900.0,158950.8
398000.0,325888.88
89000.0,104337.02
55000.0,52943.94
45000.0,97428.18
55000.0,52943.94
108000.0,126118.74
300000.0,318661.0
100000.0,122329.81
95000.0,171778.8
75000.0,119939.05
360090.0,348073.8
113000.0,100917.414
99000.0,94345.88
150000.0,137218.19
78000.0,122294.87
79000.0,81320.805
435000.0,345335.22
75000.0,92265.7
490000.0,303528.72
270000.0,182285.73
179900.0,225701.25
880000.0,683571.75
108000.0,99419.33
68000.0,62468.73
120000.0,272472.97
115000.0,169728.84
98000.0,156448.02
146000.0,121503.54
60703.0,80380.33
154000.0,162632.39
129800.0,148852.55
72500.0,78939.72
108000.0,107098.125
149000.0,137207.06
110000.0,154414.23
140000.0,151829.44
38000.0,58611.39
118000.0,128752.65
110000.0,127022.445
65000.0,100218.18
256000.0,216965.17
345000.0,308325.78
62000.0,94447.734
79000.0,95347.06
219000.0,350692.0
99500.0,118339.28
690000.0,653735.6
439900.0,575598.7
157207.0,169474.64
188000.0,218262.72
114000.0,112074.17
132000.0,159774.3
55000.0,53381.14
186533.0,158070.11
105000.0,123444.13
249500.0,272778.34
175000.0,170870.08
230000.0,231884.5
120000.0,171778.8
589628.0,284047.4
250000.0,251153.19
571100.0,383792.84
177000.0,166477.92
700000.0,348073.8
105000.0,122499.945
165000.0,156428.53
120000.0,108355.63
110000.0,129935.055
85000.0,91616.81
224000.0,210172.77
80000.0,145373.56
104500.0,142733.22
64600.0,85758.484
119000.0,119421.0
170000.0,165786.8
65000.0,70096.555
280000.0,265071.53
128000.0,146260.9
135000.0,158104.11
88000.0,68296.37
270000.0,284327.0
130000.0,169067.22
475000.0,680792.56
129000.0,123408.78
181000.0,132367.08
138000.0,169931.62
92000.0,93322.805
89000.0,85433.305
160000.0,111271.63
163000.0,216722.16
310000.0,326958.16
155000.0,127702.0
99900.0,129172.11
260000.0,224663.61
299900.0,226015.89
320000.0,362756.66
159000.0,222356.75
28000.0,74385.19
172000.0,148387.36
150000.0,140154.84
140000.0,153748.73
128000.0,110965.086
275000.0,274831.88
239000.0,287725.66
122000.0,125472.68
150000.0,169122.97
79500.0,87059.61
119000.0,146156.42
134000.0,99017.17
269000.0,282740.2
215000.0,181431.6
47000.0,90449.4
310000.0,188173.12
64000.0,64320.055
98000.0,118867.664
55000.0,92569.27
340000.0,365526.12
91000.0,109381.3
110000.0,123162.21
75000.0,117282.22
155000.0,228126.44
218000.0,213690.36
120000.0,118988.336
169000.0,174065.39
750000.0,598438.44
320000.0,280751.03
115000.0,153994.22
159000.0,184144.89
59500.0,144245.53
185000.0,174831.33
420000.0,390501.4
85000.0,101996.14
360000.0,370985.56
84000.0,92905.89
94000.0,79671.016
263000.0,476032.16
200000.0,155069.44
145000.0,172409.44
295000.0,198285.38
60000.0,101198.21
206000.0,169130.77
430000.0,271296.47
145000.0,139311.5
790000.0,426365.6
175000.0,156428.53
99000.0,171555.56
109000.0,156880.92
89000.0,208157.78
52000.0,60790.836
147000.0,127452.42
205000.0,212131.19
440000.0,318879.72
295000.0,151144.69
135000.0,272288.0
212800.0,114479.39
109900.0,127556.64
82584.0,89191.58
299000.0,535236.5
108000.0,165803.78
68000.0,97116.555
199500.0,160462.0
142000.0,110591.75
64800.0,56813.766
154000.0,144307.84
119000.0,136164.3
197000.0,131450.05
54900.0,75105.64
67500.0,136688.16
69000.0,84569.414
79900.0,89655.14
98000.0,99990.414
115000.0,101725.66
450000.0,442792.47
59000.0,86322.65
148800.0,191690.05
124988.0,142233.0
170000.0,182919.77
770000.0,839984.9
400000.0,397681.6
52000.0,98016.91
339000.0,371050.5
119000.0,154862.52
122900.0,107033.086
245000.0,309852.28
200000.0,187406.22
213000.0,183115.16
148000.0,188951.44
105000.0,112507.69
65000.0,130013.43
98000.0,128592.6
90000.0,116820.484
130000.0,122373.53
300000.0,250596.2
169900.0,159762.45
189200.0,233011.55
130000.0,117687.91
198000.0,123078.125
179000.0,205650.94
142000.0,119095.87
585000.0,627841.06
225000.0,249781.88
75000.0,78034.016
89900.0,146677.56
80000.0,121228.336
89000.0,105474.02
160000.0,158733.77
102999.0,128047.87
95000.0,126393.34
85000.0,87322.92
64000.0,78653.24
249900.0,198961.08
145000.0,153211.98
89000.0,112131.65
119000.0,133811.12
300000.0,326042.5
169000.0,159052.19
64900.0,97735.914
495000.0,439634.44
67000.0,110591.75
65000.0,111116.99
91821.0,108355.63
84900.0,109036.77
980000.0,662135.1
42000.0,75013.45
145000.0,127834.06
140000.0,132507.16
570000.0,510376.28
85000.0,95531.836
210000.0,176397.95
440000.0,292712.75
85000.0,104887.77
43000.0,118968.63
560000.0,341126.97
178000.0,206818.05
85000.0,92548.52
215000.0,228315.9
480000.0,352367.1
143900.0,143376.12
96000.0,141938.73
140000.0,199553.47
55000.0,64714.027
48000.0,52852.02
320000.0,422179.22
90000.0,87672.59
268000.0,188091.31
361000.0,301034.75
32703.0,113596.91
290000.0,429760.0
94000.0,78628.336
199000.0,176646.73
149900.0,158978.48
403000.0,465922.47
119000.0,125797.625
295000.0,366151.16
67000.0,94976.86
74890.0,94827.91
169000.0,178512.03
298000.0,421846.7
205000.0,294437.03
102000.0,90598.13
85000.0,138916.86
45000.0,58146.133
179000.0,138843.45
350000.0,734652.56
115000.0,97972.586
199000.0,208524.02
210000.0,228495.9
130000.0,144680.12
121000.0,125591.695
360000.0,465464.12
124000.0,181841.6
279000.0,429903.1
670000.0,913872.0
114900.0,95733.0
190775.0,197964.83
71100.0,75114.89
699000.0,454516.88
79000.0,99055.695
89000.0,91541.805
105000.0,77326.42
210000.0,184610.36
280000.0,240230.14
240000.0,199659.38
115000.0,127526.13
580000.0,578627.1
106999.0,149456.89
149000.0,137553.44
89000.0,106183.26
72000.0,121413.49
520000.0,405881.3
389000.0,541952.5
128675.0,170494.72
590000.0,581651.5
140000.0,162208.42
168000.0,152202.05
360000.0,285453.2
570000.0,422702.5
204700.0,183559.03
219000.0,178899.19
400000.0,308325.78
265000.0,185469.94
550000.0,847177.94
175000.0,202078.42
185000.0,157496.45
180000.0,257286.53
65000.0,99160.375
145000.0,100708.16
66000.0,79084.49
1300000.0,1040820.2
165000.0,176665.3
340000.0,338806.16
127500.0,139311.5
330000.0,200806.56
145000.0,317662.1
165000.0,169013.89
520000.0,412269.47
79000.0,84135.38
220000.0,233134.06
100000.0,112385.26
75000.0,67378.45
128000.0,153606.34
69000.0,90003.51
64000.0,65920.9
150000.0,125295.97
134000.0,148189.05
128000.0,156642.6
198000.0,193417.36
99000.0,154734.55
152000.0,113367.83
65000.0,100218.18
112500.0,121308.99
140000.0,157028.19
170000.0,148143.7
260000.0,314709.97
119900.0,126582.64
103000.0,132234.73
159000.0,149353.72
240000.0,219323.25
265000.0,315182.88
170000.0,195879.81
39900.0,52852.02
79000.0,65940.125
110000.0,124900.125
96000.0,89860.5
66700.0,101894.13
182000.0,195673.27
75000.0,102901.7
145000.0,176783.12
115000.0,113135.484
330000.0,285453.2
160000.0,136758.25
319000.0,662329.6
129000.0,119738.17
250000.0,143236.06
67000.0,91996.02
84000.0,90838.43
195000.0,127622.15
165000.0,114947.484
75000.0,111891.39
149000.0,170465.7
356000.0,237612.92
79500.0,94827.91
275000.0,352367.1
137900.0,163007.2
190000.0,371168.47
115000.0,139939.19
98000.0,72839.586
139000.0,145622.0
390000.0,381208.94
158000.0,146052.11
87000.0,79538.67
135000.0,194067.84
155000.0,161899.39
1500000.0,1005749.3
235000.0,314954.28
135000.0,126582.64
425000.0,366224.84
200000.0,148303.12
280000.0,279285.38
260000.0,375632.2
95000.0,139348.9
600000.0,495805.94
340000.0,418442.06
159000.0,178525.78
149000.0,158978.48
72000.0,64560.04
160000.0,203380.64
299900.0,254882.7
174000.0,255861.33
55462.0,121494.3
75000.0,92569.27
470000.0,352079.12
125000.0,209614.38
90000.0,87103.64
89000.0,123254.375
189000.0,258277.8
69900.0,80062.29
195000.0,215033.75
370000.0,443196.1
190000.0,203305.58
140000.0,152597.05
178000.0,212366.05
55000.0,71257.55
215000.0,199703.25
108000.0,235965.1
79900.0,112611.55
99000.0,91996.02
200000.0,245330.86
85000.0,95178.96
360000.0,362833.38
290000.0,245191.73
195000.0,142259.3
80000.0,68709.6
60000.0,92714.57
390000.0,318856.34
245000.0,211446.58
175000.0,207253.52
109000.0,150274.48
99000.0,133262.72
280000.0,253505.61
255000.0,223851.38
185000.0,305226.84
190000.0,238208.11
142000.0,210012.23
129000.0,128187.12
241000.0,242430.28
78000.0,72866.92
291000.0,349307.25
110000.0,106349.38
199000.0,219323.25
95000.0,117604.25
1350000.0,943253.6
89500.0,106487.68
79900.0,90317.734
92000.0,81248.664
225000.0,299075.12
185000.0,159250.56
530000.0,489145.94
135000.0,138387.84
115000.0,149367.22
90209.0,77464.3
95000.0,101046.36
80000.0,95940.88
130000.0,152965.98
150000.0,154150.62
92000.0,106211.5
89000.0,107961.195
199000.0,152846.62
260000.0,307372.06
83000.0,85819.83
128000.0,133527.89
76000.0,92492.78
206000.0,239310.0
175000.0,281638.97
490000.0,452618.72
520000.0,684058.94
80000.0,80012.64
102900.0,106927.02
389900.0,329530.7
96300.0,109504.42
215000.0,188500.45
75000.0,94966.37
94500.0,92807.24
130000.0,145852.27
268000.0,191699.78
180000.0,269978.2
98000.0,192791.25
82000.0,154150.62
180000.0,119507.04
200000.0,130998.91
365000.0,262408.8
395000.0,564705.0
187000.0,175867.4
180000.0,343903.94
219900.0,231996.7
75000.0,80970.37
55000.0,98016.91
295000.0,273518.97
169800.0,168977.23
72000.0,99689.5
285000.0,270498.38
408000.0,316035.66
199500.0,198538.16
58000.0,97856.375
115000.0,94291.8
75000.0,106373.92
375000.0,153568.45
150000.0,139468.94
85000.0,103940.34
160000.0,112884.04
156000.0,146677.56
117779.0,147811.64
94500.0,115513.02
104900.0,83189.805
205000.0,133144.16
75000.0,69389.39
220000.0,161103.33
127000.0,186939.88
208000.0,181619.17
125000.0,156642.6
490000.0,394963.56
59500.0,90860.08
185000.0,192237.02
690000.0,461188.22
750000.0,981827.0
90000.0,118994.65
88000.0,122373.73
90000.0,117769.266
450000.0,295231.06
88000.0,134796.81
125000.0,115641.82
650000.0,421846.7
56000.0,71414.79
190000.0,203347.6
99000.0,98591.84
870000.0,906821.3
345000.0,242367.14
143000.0,115086.17
159000.0,148189.05
290000.0,311398.53
150000.0,131250.25
595508.0,475074.6
85900.0,85477.31
82000.0,107517.39
168000.0,171536.16
538000.0,451447.44
370000.0,304647.44
88000.0,108950.555
145000.0,184144.89
59000.0,87143.47
105000.0,108309.42
43000.0,52943.94
155000.0,145130.03
124000.0,171778.8
135000.0,106134.55
259500.0,249034.98
125000.0,133765.75
140000.0,162199.83
185000.0,183672.39
130000.0,137123.58
142000.0,134339.14
169000.0,190731.53
61500.0,89532.65
62000.0,89910.55
270000.0,248033.06
155000.0,209342.77
175000.0,152846.62
350000.0,314623.47
164000.0,201286.98
275000.0,292606.75
140000.0,89312.15
189000.0,188017.61
102000.0,178620.42
160000.0,204003.7
116025.0,144227.97
99500.0,100023.125
62000.0,96766.83
95000.0,104410.734
174900.0,126582.64
255000.0,285511.6
84000.0,100689.96
105000.0,121580.04
220000.0,214628.05
780000.0,794189.75
280000.0,219754.48
60000.0,136688.16
333000.0,258177.03
670000.0,581651.5
240000.0,233765.12
85000.0,114623.3
72000.0,78115.19
77000.0,60803.094
225000.0,174435.8
169900.0,202004.72
159000.0,277687.75
165000.0,219180.61
67500.0,87138.48
169900.0,228063.88
220000.0,210636.64
231900.0,159675.11
142000.0,195518.4
42900.0,52551.637
550000.0,456913.8
110000.0,154975.23
220000.0,196510.84
150300.0,126080.086
192500.0,226665.36
137000.0,162433.14
120000.0,96378.46
215000.0,194273.81
690000.0,763343.3
359900.0,277359.47
92000.0,89340.445
65000.0,77603.414
274900.0,203197.88
198000.0,199628.0
120000.0,301618.28
107800.0,103452.87
95000.0,127845.15
310000.0,295487.9
119000.0,110875.2
185000.0,270498.38
74900.0,94014.86
78000.0,96160.28
90000.0,103940.34
160000.0,162998.6
265000.0,213150.86
77000.0,90698.74
92823.0,108355.63
199000.0,144680.12
235000.0,340385.9
365000.0,219356.72
59000.0,148413.52
205000.0,311987.12
205000.0,145622.0
126325.0,116120.45
890000.0,624860.5
138500.0,133045.92
510000.0,341126.97
230000.0,228200.14
82000.0,103604.44
187900.0,129172.11
1200000.0,1025846.0
79000.0,103828.28
250000.0,245079.58
67000.0,69388.336
206016.0,201738.17
148000.0,161940.19
108000.0,107468.81
210000.0,235425.67
89500.0,95563.49
139000.0,154526.08
985000.0,662449.25
130000.0,172636.03
199000.0,171907.77
125000.0,103906.32
320000.0,319576.28
90000.0,94000.68
140000.0,289093.53
499000.0,571413.56
265000.0,326116.2
85000.0,93134.086
318000.0,247710.0
119000.0,157214.25
132000.0,172709.73
659900.0,535236.5
108000.0,90116.4
1200000.0,673152.7
115000.0,271758.53
99000.0,138916.86
98000.0,124407.97
120000.0,122215.42
65000.0,92714.57
470000.0,531676.44
109500.0,125264.125
50000.0,90449.4
95000.0,130154.07
73000.0,106197.6
160000.0,178719.98
170000.0,169057.45
95000.0,107517.39
63500.0,107922.7
98000.0,96255.9
120000.0,144924.17
158000.0,213191.4
119900.0,109609.26
169000.0,190731.53
99900.0,130837.53
220000.0,204453.05
195000.0,181125.69
275000.0,128473.3
170000.0,96255.9
114000.0,145225.19
230000.0,218090.61
139000.0,184678.03
285000.0,240609.44
455000.0,319576.28
148200.0,144680.12
155000.0,188017.61
69000.0,75044.63
115000.0,103524.11
160000.0,130834.79
160000.0,138369.14
97612.0,106491.66
370000.0,480024.5
75000.0,308325.78
95000.0,133401.69
295000.0,309607.0
46000.0,83423.125
105000.0,115775.805
66900.0,66129.42
230000.0,175924.1
168000.0,144680.12
127000.0,104757.24
104000.0,93118.766
260000.0,285511.6
304247.0,269942.7
89000.0,93553.46
1190000.0,983785.75
140000.0,172671.39
850000.0,507969.47
198000.0,212366.05
320000.0,198425.4
128000.0,132979.58
157000.0,325888.88
150000.0,153236.36
230000.0,350986.78
499000.0,461782.3
168000.0,148811.1
1500000.0,997436.3
165000.0,184024.19
119000.0,224806.42
120000.0,132907.97
260000.0,264796.4
221000.0,138961.89
197000.0,200456.64
149000.0,142999.84
159900.0,131113.69
135000.0,121503.54
69500.0,73209.26
85000.0,108279.8
80438.0,85800.63
650000.0,465017.56
130000.0,114481.68
289000.0,267258.12
375000.0,236154.64
119000.0,169662.84
84900.0,85001.17
740000.0,762741.8
204815.0,166842.5
67000.0,100054.34
119000.0,113932.06
104500.0,99107.71
104200.0,125093.875
650000.0,764385.94
65000.0,198480.28
665000.0,912961.7
180000.0,320691.28
550000.0,553192.5
99000.0,113589.64
125000.0,98763.92
185000.0,289514.78
253000.0,160958.14
300000.0,246050.8
131300.0,106255.33
95900.0,108001.73
245000.0,314954.28
185000.0,168922.78
85000.0,107110.0
145000.0,154191.95
92000.0,85032.61
182000.0,264466.62
180000.0,138990.56
220000.0,213191.4
199000.0,281891.2
118000.0,145225.19
58000.0,96015.87
310000.0,253704.4
37900.0,56260.203
75000.0,114490.305
145000.0,141164.83
750000.0,422215.22
440000.0,456681.22
850000.0,629346.56
228000.0,168849.08
250000.0,289722.72
88000.0,96766.83
103000.0,142733.22
210000.0,240325.3
430000.0,512782.88
70000.0,81298.92
123000.0,99252.77
99000.0,117772.01
120000.0,126582.64
67500.0,136688.16
160000.0,112129.8
155000.0,125737.625
185000.0,148303.12
76700.0,99173.34
200000.0,224943.88
169000.0,159675.11
160000.0,170045.3
59000.0,94447.734
240000.0,345261.53
179300.0,159166.23
210000.0,308325.78
220000.0,200756.67
155000.0,96259.6
120000.0,93222.11
145000.0,139310.42
195000.0,301618.28
155000.0,211143.66
120000.0,147340.03
163000.0,146677.56
158000.0,218552.62
63750.0,100728.51
140000.0,175486.9
119000.0,140139.39
63000.0,58869.914
63000.0,89851.17
400000.0,228577.03
199900.0,198716.44
209000.0,157558.25
426000.0,332839.25
97000.0,87556.1
65000.0,84020.17
125000.0,132056.64
70000.0,65916.71
77000.0,108355.63
135000.0,135622.34
120000.0,109809.89
459000.0,396623.28
260000.0,154150.62
92000.0,123991.97
66600.0,66382.03
174000.0,170114.45
119000.0,149976.98
110000.0,107333.23
430000.0,345261.53
125000.0,118386.36
500000.0,571413.56
59500.0,67458.125
55000.0,56463.49
89700.0,65600.664
375000.0,325888.88
50000.0,88110.63
425000.0,622504.1
155000.0,133811.12
99900.0,82143.51
276000.0,290295.75
345000.0,270378.28
195000.0,239250.69
270000.0,282001.2
780000.0,698804.75
104000.0,127871.37
90000.0,111489.92
64000.0,87072.44
700000.0,525565.4
53500.0,56709.38
55000.0,68800.79
89000.0,88663.734
115000.0,110072.16
220500.0,222435.22
77000.0,98070.234
255000.0,268891.0
92000.0,114127.63
54500.0,49405.1
395000.0,375631.9
70000.0,67038.555
290000.0,298724.78
310000.0,289178.97
580000.0,400897.44
54000.0,90449.4
579000.0,759034.44
175000.0,169172.19
245000.0,205650.94
285000.0,345261.53
250000.0,187103.31
282000.0,233006.67
55000.0,59860.777
460000.0,307896.2
132000.0,272177.25
239000.0,371288.47
240000.0,255103.98
130000.0,1040820.2
150000.0,317588.4
135000.0,107869.27
389000.0,269942.7
65000.0,155622.58
139000.0,169227.4
151000.0,131838.44
79000.0,79937.01
139500.0,168072.38
288000.0,236365.0
260000.0,201738.17
101383.0,111891.39
104200.0,141640.52
85500.0,82562.055
49500.0,54119.76
180000.0,145089.95
130000.0,101894.13
47000.0,77997.93
215000.0,135837.72
240000.0,224070.33
84000.0,124865.484
360000.0,258934.7
57900.0,67378.45
329000.0,247848.66
890000.0,535236.5
130000.0,259016.7
698000.0,564705.0
149000.0,114547.625
245000.0,225112.8
899900.0,593906.6
60000.0,67539.32
65000.0,72573.055
225000.0,177228.31
268000.0,255387.83
72999.0,81302.99
85000.0,86462.55
87000.0,102069.85
49500.0,93537.12
124900.0,133811.12
85000.0,101996.14
119000.0,142375.36
720000.0,528880.9
163000.0,146677.56
270000.0,225419.52
490000.0,237770.94
63000.0,64714.027
99000.0,113984.555
195000.0,180291.1
115000.0,117769.266
269000.0,290317.28
195000.0,228430.36
49500.0,88116.04
81900.0,68980.27
370000.0,365026.34
566000.0,923816.56
79900.0,123934.41
134900.0,125442.27
169000.0,159358.44
95000.0,96608.06
169900.0,229089.31
110000.0,148970.48
74000.0,90017.08
59000.0,68610.56
450000.0,386473.2
415000.0,465858.53
89000.0,108709.54
190000.0,111711.11
68250.0,79481.61
198000.0,182919.77
350000.0,370287.8
410000.0,357087.44
65000.0,87200.75
165000.0,146659.6
110000.0,125640.27
390000.0,643144.9
65000.0,94447.734
69900.0,143848.84
275000.0,323763.03
280000.0,262758.38
52500.0,67458.125
73000.0,78584.56
141600.0,125559.01
107000.0,92807.24
155000.0,127022.445
79000.0,78918.555
135000.0,151536.69
180000.0,210295.12
320000.0,274831.88
249000.0,231965.98
37000.0,52606.13
690000.0,421846.7
65000.0,68233.53
89900.0,116754.95
148000.0,165334.47
310000.0,195853.39
116000.0,142704.44
400000.0,309607.0
135000.0,154959.56
199000.0,336688.3
230000.0,246571.12
87000.0,101762.32
83000.0,163216.8
78000.0,100596.234
475000.0,426498.72
299000.0,287228.88
115000.0,122689.28
250000.0,237770.94
290000.0,181562.95
105000.0,85027.586
44000.0,93537.12
150000.0,125951.625
129000.0,150274.48
210000.0,230690.3
82000.0,117539.125
1300000.0,912961.7
300000.0,320790.28
210000.0,198486.88
56000.0,62504.777
80000.0,71362.82
270000.0,251126.16
179500.0,233225.53
920000.0,651454.5
70000.0,90602.19
850000.0,643194.94
115000.0,156664.08
125000.0,150394.34
72000.0,101460.625
129000.0,114063.98
162000.0,144224.62
220000.0,159370.62
280000.0,204003.7
105000.0,104587.4
105000.0,140774.52
150800.0,133765.75
89000.0,139720.94
155000.0,160853.69
450000.0,315336.3
185000.0,242699.89
160000.0,118186.19
315000.0,351432.88
292000.0,243789.53
60000.0,52551.637
119000.0,115731.3
196500.0,131838.44
120000.0,118386.36
128000.0,108129.664
73000.0,53928.434
99900.0,108355.63
240000.0,231884.5
120000.0,120835.945
130000.0,158801.2
75000.0,102711.08
283000.0,178230.38
95000.0,126393.34
62000.0,109742.28
78000.0,108558.61
225000.0,249034.98
470000.0,721663.3
69900.0,73705.164
119000.0,131938.72
450000.0,647762.25
192000.0,209220.48
169000.0,290502.1
360000.0,548626.75
105000.0,158606.42
90000.0,133024.14
175000.0,199926.67
137000.0,95118.484
97455.0,97792.984
105000.0,92397.34
349000.0,254367.36
114900.0,111891.39
115000.0,114780.58
295000.0,378690.75
109000.0,108950.555
200000.0,196346.17
70000.0,95390.13
129000.0,192313.77
127654.0,134922.27
630000.0,583537.06
89900.0,101613.14
146000.0,317588.4
230000.0,242367.14
255000.0,226087.03
190000.0,198480.28
195500.0,187023.27
85000.0,91320.72
105000.0,158051.33
131000.0,109190.46
83000.0,109036.77
133000.0,120199.54
158000.0,233273.5
53000.0,54174.25
109000.0,124449.05
50100.0,57911.195
270000.0,326042.5
40000.0,103133.14
95000.0,108399.67
85000.0,94978.28
75000.0,112231.77
80000.0,89135.44
85000.0,93134.086
297000.0,227433.17
95000.0,88110.63
255000.0,189418.03
85000.0,63122.656
235000.0,169418.38
135000.0,137998.11
198000.0,188408.02
45000.0,73645.93
65000.0,63259.754
159000.0,117854.78
220000.0,182314.56
215000.0,169474.64
340000.0,316035.66
82612.0,107517.39
88000.0,99017.17
640000.0,558157.56
359900.0,277359.47
205000.0,206885.11
60000.0,78959.38
200000.0,140801.27
65000.0,103467.98
72900.0,115651.45
92000.0,110820.62
159000.0,205650.94
125000.0,125556.96
850000.0,937665.0
160000.0,134949.36
65000.0,53734.21
190000.0,137207.06
195000.0,180085.6
89500.0,107961.195
170500.0,132675.77
299000.0,282724.16
112000.0,157100.94
229800.0,248018.44
427000.0,329373.62
125000.0,183887.1
172000.0,132011.3
550000.0,499796.44
39000.0,71131.914
240000.0,229330.66
118000.0,108467.56
65000.0,48318.92
255000.0,292712.75
125000.0,123162.21
210000.0,174265.66
260000.0,195254.97
79000.0,90452.44
699000.0,320871.6
355000.0,477753.56
140000.0,166277.72
160000.0,112129.8
129500.0,167206.73
49900.0,49826.797
139000.0,105347.234
320000.0,252775.28
135913.0,133178.94
118000.0,97899.38
74000.0,61586.855
265000.0,169573.8
110000.0,170265.58
339000.0,450835.66
210000.0,196190.92
55000.0,72575.91
155000.0,165631.45
310000.0,229399.84
88000.0,116304.695
268000.0,277683.4
140000.0,156328.89
185000.0,178802.06
269000.0,381077.34
210000.0,128646.74
135000.0,126444.74
94500.0,99133.734
136500.0,160540.69
135000.0,199733.72
208000.0,273651.06
103000.0,108739.78
115000.0,151190.28
175000.0,233057.19
1390000.0,810653.8
180000.0,254960.31
359000.0,386406.53
220000.0,206144.4
160000.0,215122.94
269000.0,286041.56
165000.0,219180.61
272300.0,206988.53
400000.0,348478.5
110000.0,105026.74
530000.0,568841.6
118000.0,155048.66
297000.0,289919.6
89000.0,92807.24
69999.0,127969.24
62000.0,88587.086
220000.0,199628.0
75000.0,103017.72
225000.0,140801.27
67000.0,76082.91
125000.0,190130.75
67000.0,79070.49
119000.0,166336.14
49900.0,81575.96
155000.0,179679.25
118000.0,132890.73
293000.0,315336.3
85000.0,86846.92
145000.0,100708.16
134000.0,146052.11
175000.0,170011.38
86900.0,101894.13
280000.0,205650.94
110000.0,99923.016
160000.0,137492.69
114000.0,113088.695
850000.0,937665.0
60000.0,107903.875
160000.0,148080.66
125000.0,156765.98
74000.0,94965.86
188000.0,177341.02
60000.0,85068.76
245000.0,272771.34
56000.0,75081.945
69300.0,81248.664
350000.0,338478.34
90000.0,101071.586
115000.0,150703.42
228000.0,218206.33
145000.0,194475.75
37000.0,52551.637
80000.0,108789.984
139000.0,133451.0
619000.0,703704.56
219000.0,180160.45
98000.0,125566.56
118000.0,147641.16
114000.0,133262.72
70000.0,88177.69
106900.0,112913.914
599000.0,735159.5
235000.0,290052.12
1430000.0,981827.0
115000.0,67955.67
145000.0,136389.62
92000.0,107942.984
190000.0,203328.0
87000.0,103969.21
320000.0,258853.67
130000.0,166477.92
50000.0,117735.19
250000.0,320372.78
120000.0,108121.49
68000.0,54119.76
128000.0,142119.45
254900.0,202078.42
228000.0,160553.39
101100.0,113314.555
363000.0,364159.3
93000.0,108534.81
85000.0,147938.22
81000.0,59698.508
145000.0,127022.445
115000.0,103833.12
87000.0,64714.027
1400000.0,810405.3
250000.0,347737.88
230000.0,174211.48
169000.0,132785.1
159000.0,182747.84
245000.0,204994.11
95000.0,134153.38
188000.0,98806.414
990000.0,769951.4
65000.0,97724.805
82000.0,96378.46
106500.0,133262.72
65000.0,80502.27
159000.0,177588.44
72500.0,134129.31
189000.0,171302.39
145000.0,154274.1
240000.0,310454.44
116500.0,122393.695
230000.0,218181.02
120000.0,133202.58
158000.0,198961.08
345000.0,315027.97
209000.0,326042.5
184900.0,165865.47
167000.0,175393.0
118000.0,213748.39
672000.0,322335.72
215000.0,288854.44
109900.0,109291.39
107500.0,133913.39
88000.0,70042.26
99000.0,103866.63
369900.0,357752.3
720000.0,486050.75
195000.0,260680.78
225000.0,283491.97
165000.0,141308.94
180000.0,193399.44
630000.0,603648.06
158900.0,133178.94
93000.0,132218.08
310000.0,202463.45
125000.0,133443.06
85200.0,71425.92
93410.0,95671.91
140000.0,121180.2
120000.0,169065.48
370000.0,225112.8
240000.0,188958.97
57350.0,88096.1
335000.0,310078.88
125000.0,121793.22
49500.0,97659.19
205000.0,149181.19
125000.0,172099.81
84000.0,112869.0
142000.0,213820.69
192375.0,181431.6
84000.0,71573.52
139000.0,105347.234
110000.0,107517.39
250000.0,302048.3
145000.0,176870.05
340000.0,211243.98
125000.0,125387.55
55000.0,76371.984
178000.0,407168.3
105000.0,104337.02
1355000.0,852301.44
275000.0,183515.14
78000.0,61498.207
190000.0,225926.3
110000.0,221651.55
65000.0,97003.305
78000.0,70524.984
398000.0,475074.6
191000.0,147291.19
144900.0,235251.16
395000.0,374343.8
185000.0,197214.7
78500.0,93537.12
165000.0,233513.64
135000.0,102733.875
134000.0,115685.27
72500.0,69487.266
170000.0,164701.45
74000.0,301618.28
359000.0,358961.72
385000.0,242750.88
174000.0,133313.66
125000.0,125797.625
90000.0,120441.875
240000.0,255240.12
360000.0,375632.2
245000.0,130140.6
145000.0,100708.16
103000.0,134796.81
90000.0,102806.086
189000.0,134949.36
76000.0,87309.914
95000.0,135235.8
260000.0,314954.28
335000.0,301394.75
195000.0,236858.4
89000.0,93322.805
430000.0,338742.7
135000.0,144967.78
170000.0,232273.67
225000.0,430988.7
80000.0,193784.61
290000.0,371168.47
205000.0,191031.23
850000.0,876402.1
159500.0,148189.05
470000.0,292712.75
72600.0,97971.0
160000.0,178525.78
110000.0,115861.9
185000.0,151144.69
395000.0,390006.84
98900.0,124311.8
209000.0,169728.84
395000.0,513739.9
60000.0,65916.71
89000.0,108384.516
295000.0,254975.27
199000.0,226048.81
148000.0,96791.56
250000.0,177304.9
123000.0,142927.3
92000.0,70524.984
152000.0,144680.12
95000.0,91777.77
135000.0,120709.94
120000.0,112561.67
365000.0,457626.94
55000.0,91336.66
120000.0,117525.91
185000.0,159122.1
175000.0,206885.11
330000.0,396081.8
218000.0,182359.44
140000.0,152945.58
195000.0,200291.45
750000.0,452612.47
60000.0,64554.38
112000.0,119924.484
439000.0,284094.03
51000.0,69020.3
250000.0,246385.16
140000.0,195316.84
220000.0,194201.86
94999.0,136500.64
135000.0,119367.59
95000.0,114690.555
70000.0,76371.984
129900.0,152095.86
124600.0,140177.81
120000.0,118432.22
155000.0,212070.83
65000.0,89017.87
680000.0,699476.6
370000.0,394648.44
175000.0,163579.61
140000.0,124075.68
1390000.0,704600.56
160000.0,173392.14
90000.0,111236.54
164900.0,126582.64
79000.0,89493.734
220000.0,176684.33
172000.0,214585.97
85600.0,72703.75
78000.0,114481.68
269000.0,176646.73
190000.0,146343.3
78000.0,72958.96
173000.0,173535.5
130000.0,246969.9
299886.0,229402.05
230000.0,223680.5
190000.0,294872.47
110000.0,118163.9
235000.0,153133.4
82900.0,117079.805
129000.0,123632.016
219000.0,234314.5
130000.0,144967.78
150000.0,151439.36
129500.0,159762.45
156000.0,216855.52
80000.0,79904.5
225000.0,237321.3
125000.0,193228.33
540000.0,275571.12
180000.0,193571.02
420000.0,257268.92
63000.0,65106.926
149000.0,160945.44
99000.0,136393.27
75000.0,93182.79
115000.0,116278.17
106750.0,118132.24
110000.0,125103.305
129000.0,140171.0
530000.0,407121.5
119000.0,109300.97
245000.0,419568.38
149000.0,124034.96
58900.0,96847.47
99000.0,107522.73
130000.0,212136.1
113000.0,140171.0
97200.0,103086.35
172000.0,174347.77
129000.0,149364.84
298000.0,336648.06
205000.0,225560.42
270000.0,265845.66
79000.0,107942.984
179000.0,228760.22
85000.0,74862.35
78000.0,148801.6
300000.0,341962.75
119000.0,129526.84
144900.0,118186.19
234000.0,274831.88
145000.0,129935.055
580000.0,502897.6
68000.0,102835.7
207000.0,225926.75
255000.0,246665.06
82000.0,98069.53
95000.0,97404.04
760000.0,564705.0
198000.0,228063.88
157000.0,238010.48
430000.0,379819.25
320000.0,470114.28
990000.0,352367.1
78000.0,169227.4
168000.0,160720.58
830000.0,969178.44
160000.0,271296.47
80000.0,101427.3
209000.0,204651.88
270000.0,283291.28
550000.0,753615.44
445000.0,386406.53
118000.0,128121.58
45633.0,84645.91
129000.0,197964.83
165000.0,209475.12
550000.0,494596.7
127086.0,160462.0
360000.0,606793.75
113500.0,89946.33
239000.0,210999.89
219000.0,268682.75
135000.0,147843.61
165000.0,175629.67
136000.0,122730.96
139000.0,236589.23
370000.0,442488.84
56500.0,78882.36
90000.0,100728.51
110000.0,121873.57
360000.0,363067.5
67900.0,68702.484
184000.0,182793.03
82840.0,67474.805
540000.0,557505.25
169000.0,160794.28
372000.0,292712.75
275000.0,280018.06
128000.0,169772.38
118000.0,92598.78
1480000.0,949614.6
150000.0,231495.56
105553.0,112716.02
72000.0,104337.02
72700.0,97003.305
183000.0,168922.78
240000.0,246020.0
58000.0,81681.41
590000.0,797714.1
185000.0,216382.92
95000.0,120067.984
320000.0,341761.53
127000.0,132218.08
312000.0,239143.06
170000.0,214031.36
540000.0,336648.06
210000.0,231964.92
53000.0,52551.637
144900.0,199553.47
1290000.0,959460.2
176000.0,147509.19
89000.0,88432.59
105807.0,118186.19
370000.0,195728.11
225000.0,316035.66
104000.0,149364.84
520000.0,505059.2
152000.0,133313.66
47000.0,52852.02
145500.0,115633.0
279000.0,358961.72
130000.0,172396.55
85000.0,93610.83
60000.0,101875.71
165000.0,115590.16
189000.0,222789.9
370000.0,200427.8
165000.0,186634.14
140000.0,164936.64
45000.0,82673.29
560000.0,685498.44
228000.0,277696.84
315000.0,250851.25
94000.0,91389.31
870000.0,722145.44
150000.0,193411.95
160000.0,149007.75
595000.0,526940.75
95000.0,144276.0
410000.0,429718.53
115000.0,103017.72
105000.0,87011.28
145024.0,194657.61
210000.0,282247.3
275000.0,196212.1
219540.0,218090.61
91700.0,107212.164
117000.0,149489.73
149500.0,130370.77
171164.0,132079.2
95000.0,99585.04
425000.0,250871.08
650000.0,372509.34
78100.0,105173.94
86000.0,92147.35
142700.0,165959.33
108000.0,147931.8
180000.0,176126.67
205000.0,275437.47
105000.0,150891.38
250000.0,304907.9
126000.0,121774.25
135000.0,130187.18
320525.0,293390.1
493000.0,243616.9
65000.0,62421.5
68000.0,72301.625
81500.0,101427.3
89900.0,99748.41
180250.0,156195.97
144500.0,146677.56
129900.0,140068.42
109080.0,118460.07
269000.0,340091.84
192000.0,284937.47
93500.0,108355.63
300000.0,321684.3
215000.0,186583.12
130000.0,154274.1
139000.0,158131.42
69963.0,73959.26
126900.0,111233.055
65000.0,70075.016
77000.0,75700.59
160000.0,139310.42
230000.0,246019.14
135000.0,146677.56
66500.0,87338.53
175000.0,170284.22
93000.0,69987.48
103000.0,98639.76
167000.0,155352.33
155000.0,168453.03
130000.0,124593.91
233000.0,189059.83
45000.0,82673.29
64000.0,98781.695
120000.0,133178.94
435000.0,422215.22
142000.0,184774.11
220000.0,163612.16
145000.0,148110.89
88500.0,86072.66
225000.0,173024.75
149900.0,142233.0
105000.0,137059.7
330000.0,315336.3
125000.0,118943.055
230000.0,193411.95
60000.0,101008.63
265000.0,229162.23
75000.0,97735.914
96000.0,694618.1
70000.0,117435.97
83000.0,148928.2
298000.0,326042.5
89600.0,99858.266
360000.0,328031.84
109000.0,109908.53
99000.0,81834.586
320000.0,315560.62
1350000.0,960506.25
650000.0,464707.25
125000.0,172417.31
85000.0,94345.88
248000.0,263751.62
65000.0,89139.7
65000.0,85032.61
147000.0,162976.75
154000.0,125398.97
110000.0,162118.97
113000.0,81203.67
124900.0,137745.06
98900.0,86459.28
135000.0,130422.31
86000.0,128473.3
160000.0,223321.52
114000.0,113135.484
68000.0,69446.54
380000.0,287741.72
99999.0,97228.445
64900.0,71617.16
55000.0,52925.727
260000.0,311987.12
125000.0,207423.95
59000.0,93438.83
95000.0,64320.055
157000.0,127742.74
165000.0,211192.61
225000.0,189419.86
258900.0,228126.44
99000.0,121503.54
87000.0,69983.09
330000.0,457626.94
330000.0,223636.78
395000.0,397681.6
398000.0,255021.83
940000.0,431300.16
250000.0,211253.94
385000.0,412269.47
150000.0,131172.69
225000.0,355131.88
99000.0,119570.03
80000.0,127214.57
69000.0,136688.16
170000.0,152846.62
95950.0,114566.68
168000.0,154191.95
680000.0,1019743.25
74000.0,96016.51
89000.0,89728.85
92000.0,93602.17
240000.0,184895.83
128000.0,132387.14
52000.0,97411.445
215000.0,144680.12
179900.0,216426.27
67500.0,87057.09
125000.0,148387.36
122900.0,141691.88
162000.0,161193.95
220000.0,234861.7
110000.0,119168.28
178000.0,208535.39
160000.0,176417.67
350000.0,289022.78
117900.0,129787.77
142000.0,137418.98
64000.0,73639.13
215000.0,183042.12
185000.0,222652.16
117500.0,120470.64
149000.0,178425.12
118000.0,165621.78
422614.0,347956.72
85000.0,91445.06
77716.0,108384.516
125000.0,363506.34
85000.0,125379.68
950000.0,899057.75
145000.0,174531.25
69900.0,79871.97
109000.0,127022.445
110000.0,95659.29
183000.0,137207.06
400000.0,620864.6
225000.0,242973.28
790000.0,819827.7
280000.0,355285.12
98000.0,128850.07
82000.0,102852.17
159500.0,157944.48
115000.0,118186.19
115000.0,99217.13
130000.0,85820.23
80845.0,60803.094
180000.0,291336.56
160000.0,172686.06
359000.0,160027.84
235000.0,125737.625
47000.0,48826.004
99500.0,103814.1
54900.0,97527.234
69000.0,111393.53
219000.0,293694.5
145000.0,142218.08
109000.0,108355.63
124000.0,163680.47
230000.0,242750.88
80000.0,99644.66
289000.0,242354.89
95000.0,121535.25
298000.0,213392.88
110000.0,79013.43
125000.0,116937.0
85000.0,97899.38
105000.0,88663.734
215000.0,231996.7
80000.0,100204.27
105000.0,125379.68
75000.0,107517.39
209000.0,148387.36
97000.0,104985.57
450000.0,346358.6
78000.0,116207.82
56000.0,58168.67
62000.0,84860.53
29000.0,75081.945
185000.0,130154.07
580000.0,570401.0
59000.0,90449.4
450000.0,341111.66
279000.0,246969.9
69000.0,91541.805
1300000.0,896822.25
69000.0,104757.24
135000.0,134956.6
630000.0,252775.28
115000.0,162199.83
140000.0,159095.0
131000.0,116525.805
135000.0,108355.63
250000.0,142974.69
280000.0,285806.78
45790.0,52606.13
95000.0,117282.22
175000.0,170284.22
220000.0,222740.8
82000.0,84470.59
154606.0,139206.33
250000.0,186650.38
194000.0,132077.6
235000.0,242367.14
980000.0,810465.06
690000.0,498704.4
129000.0,133404.02
350000.0,266183.44
165000.0,113000.24
49000.0,80532.36
410000.0,339260.62
187000.0,213031.38
76000.0,130131.12
390000.0,338948.8
180000.0,172291.78
490000.0,237770.94
598000.0,525565.4
195000.0,158948.11
90000.0,133630.1
126000.0,81855.27
62300.0,66150.82
77500.0,106791.69
65000.0,89622.52
210000.0,234201.45
69000.0,85106.32
145000.0,107942.984
249000.0,216163.6
619900.0,475074.6
79000.0,72940.266
265000.0,210954.42
105000.0,104443.57
70000.0,72573.055
82000.0,94000.97
129900.0,149210.73
415000.0,336648.06
140000.0,172709.73
220000.0,152202.05
235000.0,251639.75
140000.0,136753.39
69900.0,71235.8
122000.0,142733.22
85000.0,131764.73
140000.0,138916.86
210000.0,172636.03
60000.0,83277.07
575000.0,583622.25
120000.0,156195.97
243000.0,174211.48
135000.0,151281.77
115900.0,118386.36
170000.0,197964.83
180000.0,160553.39
85000.0,119343.39
750000.0,439458.94
110000.0,106255.33
135000.0,164149.25
190000.0,147364.12
165640.0,143610.72
150000.0,161194.02
55000.0,189327.94
78000.0,126846.63
148000.0,141235.23
284900.0,341126.97
155000.0,180925.53
480000.0,603690.8
215000.0,228063.88
64765.0,99160.375
109000.0,136393.27
280000.0,247543.44
150000.0,234483.39
149000.0,137207.06
153900.0,158131.42
89000.0,110875.2
160000.0,183266.0
725000.0,739630.75
103000.0,113298.01
210000.0,141235.23
599000.0,339964.44
65000.0,69861.125
119900.0,120384.336
399999.0,798315.8
215000.0,228589.47
65000.0,73376.33
118000.0,99217.13
149000.0,127049.98
72000.0,76654.59
74500.0,57133.18
128000.0,144903.73
350000.0,343498.4
84900.0,100957.51
169000.0,264948.34
85000.0,189791.11
75000.0,105347.234
67500.0,136688.16
280000.0,203456.0
83000.0,68560.05
169000.0,133811.12
420000.0,365026.34
109500.0,107942.984
118000.0,129749.22
208000.0,145295.81
42000.0,61887.234
79000.0,85908.97
60000.0,76013.9
129000.0,164509.36
101050.0,119286.97
140000.0,136238.0
47250.0,71467.695
198000.0,166956.23
47000.0,53875.67
105000.0,106134.55
103000.0,109291.39
72000.0,135235.8
109999.0,119690.06
76000.0,64714.027
220000.0,211520.28
680000.0,703044.06
278000.0,252108.34
139900.0,140586.05
97000.0,133262.72
69000.0,90390.24
60000.0,64554.38
245000.0,332500.3
119900.0,104901.48
87282.0,107517.39
112000.0,95446.555
65000.0,65600.664
340000.0,352367.1
184000.0,172719.39
78545.0,107517.39
690000.0,519172.1
175000.0,219893.11
295000.0,151144.69
108000.0,145225.19
80000.0,101613.14
75000.0,68640.734
80000.0,93969.55
319000.0,217900.36
165000.0,150745.38
282680.0,385016.84
100000.0,86567.98
124900.0,112948.53
164000.0,132417.61
163000.0,189100.73
139000.0,133262.72
56000.0,98991.68
150000.0,114481.68
329900.0,461763.6
65000.0,101470.01
125000.0,108739.78
275000.0,301618.28
315000.0,244813.78
125000.0,135024.33
240000.0,241962.08
128574.0,126582.64
97000.0,85068.76
150000.0,131874.66
89000.0,93041.59
149000.0,119201.44
187000.0,221330.6
195000.0,254962.0
139000.0,206885.11
239000.0,196610.78
169000.0,168970.06
90000.0,126582.64
138000.0,135903.06
230000.0,235602.36
105000.0,122393.695
90000.0,76413.65
98000.0,101543.72
125000.0,118867.664
598000.0,530158.25
250000.0,180085.6
85000.0,98748.47
138000.0,249089.95
159000.0,195277.25
89000.0,94139.95
255000.0,237061.48
78000.0,68364.67
240000.0,345261.53
93000.0,94351.125
105000.0,116754.95
71000.0,95259.79
169900.0,204748.45
104000.0,100023.125
95000.0,94209.43
55000.0,61249.582
82400.0,88571.81
105000.0,138552.52
118000.0,111787.484
57000.0,86322.65
155000.0,144672.44
240000.0,203212.92
350000.0,346399.28
239000.0,308325.78
420000.0,322617.72
86000.0,87217.18
250000.0,175061.11
120000.0,155279.2
109900.0,108850.57
90000.0,64320.055
149000.0,130396.26
99000.0,168758.55
298000.0,284094.03
135000.0,133538.8
532500.0,432162.4
179000.0,173694.6
98700.0,102867.79
230000.0,243874.53
117000.0,136582.58
159000.0,142647.39
298000.0,193368.02
120000.0,166761.58
139900.0,115633.0
57000.0,107869.27
86900.0,55840.492
59900.0,67451.9
84900.0,156904.66
137000.0,115685.27
275000.0,228200.14
85000.0,78041.48
135000.0,109660.27
89900.0,102477.945
189000.0,300245.38
79900.0,77941.62
199000.0,209303.95
228000.0,168072.38
255000.0,211449.56
89000.0,63410.367
98500.0,97028.1
355000.0,240605.52
150000.0,199232.77
580000.0,262880.53
109680.0,165540.72
300000.0,455491.06
180000.0,206243.69
76000.0,108599.03
260000.0,245322.28
52000.0,112891.5
249000.0,282368.2
75000.0,109742.28
93059.0,121503.54
129000.0,144680.12
229000.0,291990.75
120000.0,108839.414
200000.0,133811.12
480000.0,325119.75
169000.0,134380.9
350000.0,241390.23
74900.0,83091.43
125000.0,115980.164
96000.0,124785.375
220000.0,292712.75
370000.0,291033.12
340000.0,328236.38
128900.0,181119.58
109000.0,109809.89
92000.0,80628.44
375000.0,341761.53
250000.0,213217.86
460000.0,456044.06
230000.0,225004.81
137000.0,150978.08
119000.0,148591.83
790000.0,629346.56
220000.0,293390.1
429900.0,757538.25
330000.0,239143.06
222000.0,228315.9
79500.0,100689.96
89000.0,88571.81
96000.0,97462.336
73112.0,92714.57
82000.0,89135.44
450000.0,375362.0
740000.0,784767.4
90000.0,125483.25
289900.0,309069.8
395000.0,290954.16
82900.0,95671.91
215000.0,187961.19
160034.0,145747.66
105000.0,104211.67
108000.0,109553.05
199900.0,517787.78
112000.0,147176.62
205700.0,189903.78
220000.0,148303.12
199000.0,132118.75
199900.0,115316.85
430000.0,397681.6
64900.0,77997.93
125000.0,117698.3
89000.0,144433.25
178500.0,118107.555
85000.0,97394.46
280819.0,264796.4
150000.0,134519.69
140000.0,118339.28
110000.0,112825.81
110000.0,115235.52
650000.0,734097.5
110000.0,98991.68
85000.0,100040.97
130000.0,132291.78
167000.0,188312.05
180000.0,225926.3
800000.0,683571.75
87000.0,111036.72
185000.0,211446.58
340000.0,297655.88
185000.0,213426.67
69900.0,96380.375
170000.0,152260.34
355000.0,246969.9
119000.0,109291.39
249000.0,236485.28
226000.0,241393.4
96000.0,111708.375
197808.0,144680.12
110000.0,169484.0
75000.0,102711.08
95000.0,105307.04
370000.0,386406.53
135000.0,136436.83
219000.0,147260.3
126000.0,142999.84
109900.0,116754.95
84100.0,99424.51
175000.0,257605.89
315000.0,143376.12
105000.0,236428.58
339000.0,329373.62
102000.0,103642.99
149900.0,167327.2
212000.0,168260.8
350000.0,294510.72
155000.0,138655.25
248000.0,160739.81
950000.0,879725.4
170000.0,133262.72
180000.0,117248.67
190000.0,276947.53
93000.0,93238.7
119900.0,130974.664
250000.0,287725.66
87000.0,99507.234
300000.0,263851.44
540000.0,437900.62
89900.0,92147.35
141900.0,147906.17
108000.0,118107.555
700000.0,371168.47
134900.0,133310.94
260000.0,292793.72
119000.0,239720.08
124800.0,144680.12
360000.0,388523.22
500000.0,526940.75
95000.0,87941.61
330000.0,258626.08
115000.0,124109.05
422000.0,475074.6
110000.0,170225.31
124800.0,149364.84
104000.0,92265.7
83000.0,113452.69
58000.0,52551.637
79000.0,94827.91
860000.0,368980.25
149000.0,144967.78
119900.0,170078.34
141362.0,151588.4
83000.0,97851.97
95000.0,109750.914
129000.0,139087.83
99500.0,110534.86
80000.0,91280.984
130000.0,161641.5
120000.0,249387.98
360000.0,346333.5
235000.0,278737.44
295000.0,144115.34
192000.0,206670.2
50000.0,59787.07
47000.0,52606.13
135000.0,140542.72
89000.0,108467.56
120000.0,116467.43
185000.0,142068.86
322000.0,275093.0
410000.0,352367.1
199000.0,206358.38
189000.0,169972.5
200000.0,212057.48
120000.0,109656.97
79000.0,82956.05
79000.0,91428.914
348000.0,373144.44
480000.0,536331.25
166000.0,216726.6
430000.0,310341.34
126000.0,216726.6
135000.0,245044.12
85000.0,94088.57
1100000.0,844519.56
118044.0,111891.39
374900.0,255103.98
85000.0,98908.48
379000.0,345261.53
145000.0,101427.3
169000.0,144115.34
950000.0,464373.25
105000.0,93587.85
145000.0,140054.92
219782.0,168015.56
169900.0,146102.06
320000.0,312936.1
680000.0,663370.5
150000.0,154230.55
165000.0,206591.38
330000.0,249247.11
99157.0,114348.66
205000.0,223680.5
140000.0,150274.48
409999.0,336710.5
39500.0,109541.984
115000.0,87145.52
482000.0,274495.6
95000.0,104970.16
78000.0,99758.555
289000.0,343903.94
75000.0,82100.49
80000.0,122299.22
275000.0,268183.38
139000.0,237612.92
158000.0,163134.88
99000.0,111390.93
146000.0,183106.44
90000.0,99114.76
147000.0,131838.44
115000.0,142761.27
490000.0,421846.7
165001.0,140586.05
300000.0,609354.44
75000.0,83955.24
129500.0,212070.83
117000.0,128646.74
128000.0,147364.19
260000.0,451583.06
175000.0,149364.84
117000.0,110669.35
98000.0,100362.734
500000.0,338478.34
135000.0,135180.78
86000.0,125483.25
130000.0,141885.39
184559.0,166182.92
120000.0,122329.81
120000.0,117407.72
150000.0,129656.43
118500.0,114691.98
134000.0,233814.8
400000.0,822237.44
165000.0,127153.61
135000.0,121370.5
119000.0,158799.95
195000.0,133811.12
346000.0,445639.1
212000.0,345261.53
180000.0,224663.61
160000.0,160122.36
143000.0,143592.3
196000.0,226524.72
110000.0,122383.36
69900.0,107965.61
248000.0,255246.39
78500.0,103229.734
249000.0,200015.67
799000.0,425808.12
108000.0,96630.61
159000.0,161975.69
279000.0,318401.12
201590.0,139311.5
450000.0,410879.34
125000.0,154150.62
50000.0,87143.47
69000.0,74158.01
89000.0,96016.51
219000.0,198079.9
111089.0,112995.19
1300000.0,929330.44
81000.0,96378.46
189000.0,209254.64
360000.0,505059.2
63000.0,120373.83
190000.0,213191.4
320000.0,309658.5
107000.0,100596.234
83000.0,127617.02
219000.0,259540.8
89900.0,133401.69
159000.0,130433.6
226000.0,311884.47
195000.0,158218.34
199000.0,188594.02
79000.0,103017.72
139000.0,162764.64
74500.0,61887.234
219000.0,210562.94
43500.0,72569.68
248000.0,169444.25
120000.0,100604.87
89000.0,75201.21
109000.0,105495.664
104999.0,121049.305
130000.0,126676.36
265000.0,274831.88
162200.0,133672.95
520000.0,429795.03
370000.0,331629.5
148000.0,192313.77
87500.0,105345.79
235000.0,251153.19
74000.0,86322.65
619999.0,454854.34
49500.0,88116.04
105000.0,120470.64
320000.0,299740.7
1300000.0,1015404.06
49450.0,56317.004
438000.0,461763.6
140000.0,114482.08
460000.0,360132.1
130000.0,141164.83
319000.0,297189.38
49900.0,90449.4
80000.0,92492.78
75000.0,61887.234
110000.0,129749.22
48000.0,71131.914
330000.0,394354.88
149500.0,229641.9
680000.0,352367.1
108000.0,109742.28
199000.0,284094.03
135000.0,86846.92
59900.0,71143.38
350000.0,386406.53
72000.0,76036.36
130000.0,133178.94
492000.0,321168.25
109000.0,120420.49
690000.0,288997.16
350000.0,364159.3
79200.0,76495.945
350000.0,420104.88
129000.0,102733.875
139000.0,186650.38
150000.0,171778.8
549000.0,687074.8
85000.0,102469.305
130000.0,104186.63
150000.0,211017.7
179000.0,157986.28
80000.0,98748.47
139000.0,127022.445
70000.0,81300.01
85000.0,102835.7
169000.0,132118.75
170000.0,133700.72
103000.0,102187.62
55000.0,69244.375
48000.0,158902.08
79000.0,101470.01
74900.0,93045.96
220000.0,186803.03
210000.0,181136.19
575000.0,420546.88
95000.0,94686.805
49500.0,74468.23
110000.0,71956.68
147898.0,202516.14
460000.0,422349.47
252000.0,253637.75
120000.0,139981.22
580000.0,568841.6
75000.0,77716.38
39000.0,81575.96
45000.0,81048.97
265000.0,222873.12
270000.0,333663.12
310000.0,394567.1
180000.0,225926.3
70000.0,95955.086
104000.0,125379.68
179000.0,189314.39
149000.0,149266.39
180000.0,222609.95
135000.0,134970.45
164000.0,116754.95
595000.0,314950.94
68000.0,73370.695
182000.0,233013.88
94000.0,110397.74
119000.0,169152.52
81500.0,88168.19
280000.0,267613.97
132000.0,111491.695
382487.0,371168.47
263000.0,265845.66
139000.0,153303.89
175000.0,151144.69
175000.0,194956.55
109000.0,96822.25
59000.0,93610.83
1500000.0,543124.4
258000.0,282740.2
320000.0,236932.11
250000.0,318552.16
680000.0,871740.9
199000.0,196289.19
280000.0,345261.53
224000.0,251947.55
1500000.0,640462.9
197000.0,249262.69
295000.0,533641.0
88935.0,64714.027
485000.0,301691.97
83379.0,128174.41
165000.0,165495.25
1190000.0,1008023.8
225000.0,155630.75
165625.0,146677.56
252000.0,313481.16
615000.0,316539.62
450000.0,425366.44
139900.0,140177.81
295000.0,364159.3
355000.0,249108.69
55000.0,69983.09
105000.0,124075.68
320000.0,237612.92
172200.0,160829.77
275000.0,269942.7
114900.0,108850.57
229000.0,276856.28
260000.0,165543.02
190000.0,176397.95
92417.0,63095.6
65000.0,117435.97
150000.0,144680.12
129000.0,125398.97
95000.0,107918.89
270000.0,152846.62
112500.0,112561.67
80000.0,107212.164
63000.0,70954.63
175000.0,284937.47
129000.0,136110.77
198000.0,175822.03
125000.0,136290.31
750000.0,620314.7
480000.0,439634.44
212000.0,147641.16
70000.0,88336.93
280000.0,232255.64
180000.0,260902.7
83000.0,98656.83
125000.0,136684.55
345000.0,308897.66
50000.0,87144.97
125000.0,115590.16
150000.0,219754.48
69048.0,86527.97
450000.0,522065.25
80438.0,108355.63
880000.0,325888.88
355000.0,315336.3
129900.0,155265.78
170000.0,182388.22
69500.0,59359.133
279990.0,181062.38
57000.0,201257.8
259900.0,164222.95
153000.0,119570.03
165000.0,140102.4
345000.0,330261.28
330000.0,231184.94
389000.0,494292.84
100000.0,142733.22
98000.0,72573.055
340000.0,383792.84
90000.0,101470.01
225000.0,209095.77
350000.0,373884.2
130000.0,111127.1
250000.0,112115.87
37500.0,115598.25
115000.0,120067.19
580000.0,723132.56
100000.0,169861.23
260000.0,254960.31
48900.0,82432.17
138000.0,142227.19
149000.0,131420.72
110000.0,95037.26
750000.0,890250.56
320000.0,428679.25
51500.0,85820.23
80000.0,122465.36
73612.0,58414.562
124500.0,107608.88
155000.0,341126.97
78500.0,70747.305
66500.0,97856.375
138000.0,145295.81
218900.0,177689.89
125000.0,114566.68
230000.0,185685.83
160000.0,205030.56
173000.0,251735.2
72000.0,98639.76
59990.0,90860.26
180000.0,193936.22
220000.0,190836.33
92000.0,256290.05
110000.0,96201.18
274000.0,311398.53
110000.0,86953.39
59000.0,73885.55
320000.0,314400.25
790000.0,908568.7
150000.0,189216.67
1020000.0,879725.4
135000.0,130649.445
135000.0,119437.01
130000.0,98679.61
230600.0,206818.05
105000.0,111491.695
144900.0,148975.89
185000.0,170854.52
445000.0,193936.22
79900.0,88571.81
265000.0,307913.1
139900.0,125387.55
135000.0,166394.31
196500.0,111281.625
329000.0,353739.1
110000.0,129633.32
135000.0,177285.12
75000.0,114780.58
530000.0,464707.25
165000.0,362867.97
129000.0,117574.5
68000.0,81108.29
90000.0,92569.27
108000.0,98064.11
280000.0,349307.25
180000.0,298068.22
315000.0,314636.28
245000.0,170765.06
179500.0,167455.97
345000.0,283973.72
175000.0,219754.48
195000.0,126080.086
68000.0,91183.11
155000.0,174531.25
120000.0,115926.02
115000.0,124106.87
90000.0,121209.91
82000.0,106085.15
140000.0,133262.72
120000.0,100225.64
649000.0,403410.44
131918.0,125398.97
95000.0,99001.34
238000.0,245887.38
110000.0,120088.63
145000.0,303312.0
110000.0,94659.875
285000.0,348073.8
175000.0,262125.25
360000.0,338540.34
194000.0,258388.48
118000.0,110875.2
365000.0,365970.88
54000.0,106468.445
320000.0,206404.97
113900.0,115423.41
140000.0,178356.97
370000.0,289722.72
149900.0,211471.88
650000.0,647027.06
195000.0,179214.42
135000.0,160462.0
240000.0,307416.38
135000.0,172686.06
249000.0,341126.97
130000.0,91477.336
495000.0,475074.6
150000.0,133742.73
850000.0,670140.0
70000.0,106468.445
89000.0,132514.16
125000.0,118460.07
79900.0,116452.09
157000.0,143376.12
73940.0,93144.37
175000.0,318879.72
75000.0,61912.43
199000.0,222064.33
69400.0,110809.875
520000.0,219356.72
97000.0,86508.07
219000.0,133811.12
82900.0,85377.99
116000.0,108596.21
159000.0,150790.64
42325.0,72562.13
120000.0,133451.0
110000.0,163893.6
82000.0,92901.22
120000.0,158427.31
134800.0,129356.97
165000.0,144680.12
180000.0,96630.61
430000.0,375631.9
212750.0,562101.75
189900.0,219168.95
520000.0,317971.25
82000.0,83623.01
70000.0,86570.85
118000.0,154888.72
360000.0,464726.28
120000.0,112874.63
250000.0,199749.64
155000.0,159280.66
200000.0,144680.12
112000.0,97798.516
620000.0,775570.56
469000.0,400151.22
75000.0,87373.49
219000.0,234314.5
80000.0,105111.805
98106.0,133017.31
210000.0,203716.92
140000.0,166984.89
65000.0,139230.9
580000.0,378739.53
500000.0,787468.94
120000.0,107858.21
241385.0,208177.08
99000.0,100225.64
175000.0,220418.64
189000.0,222873.12
132900.0,106063.555
155000.0,120769.56
53900.0,52551.637
81090.0,100689.96
770000.0,960843.9
135000.0,167014.88
511850.0,593906.6
185000.0,203254.3
390000.0,314292.22
199900.0,304626.56
89000.0,111653.91
295000.0,243789.53
245000.0,218587.25
270000.0,196346.17
155000.0,147885.23
245000.0,263268.16
375000.0,223097.06
130000.0,106042.73
110000.0,151439.36
115000.0,151118.36
85000.0,144680.12
172000.0,132785.1
85000.0,92779.695
640000.0,560357.4
180000.0,186728.8
77000.0,99099.63
100000.0,81044.26
125000.0,140379.83
144000.0,165540.72
212000.0,220419.31
87475.0,121494.3
119900.0,97659.19
170000.0,193345.38
155000.0,173282.33
300000.0,296448.75
150000.0,197964.83
275000.0,225926.3
129800.0,127775.71
89000.0,101613.14
89000.0,108668.266
84900.0,100242.32
78000.0,148679.05
170000.0,150839.98
460000.0,235425.67
78900.0,84389.7
140000.0,118186.19
95800.0,85285.35
99000.0,106927.02
369000.0,582690.0
134900.0,112561.67
68000.0,63433.414
185000.0,143376.12
1190000.0,1008023.8
299000.0,222043.22
85000.0,87144.97
104200.0,125093.875
98400.0,66258.71
306000.0,399549.78
486500.0,396190.72
77000.0,89561.71
110000.0,129198.65
123000.0,100752.516
375000.0,294510.72
245000.0,262779.8
