y_true,y_pred
187000.0,152225.38
140000.0,124469.38
63000.0,71672.414
178000.0,183292.56
62000.0,78657.91
120000.0,150166.84
53000.0,59609.72
139000.0,309249.62
70000.0,56418.688
145000.0,133602.42
130000.0,141090.38
157900.0,154828.23
350000.0,284334.2
139900.0,180940.19
275000.0,324339.0
260000.0,185370.77
270000.0,312099.3
335000.0,407144.56
69900.0,69420.33
215000.0,125458.586
105000.0,179591.92
149900.0,152635.17
90000.0,111445.34
295000.0,282402.25
109900.0,127411.29
255000.0,242033.55
112000.0,89243.47
79600.0,75285.08
239000.0,180430.1
120000.0,119106.125
121000.0,134345.0
175000.0,161973.86
115000.0,105369.266
185000.0,145196.06
65000.0,77727.87
135000.0,150583.48
220000.0,267691.16
239000.0,243067.81
90500.0,63842.977
390000.0,236144.0
240000.0,229626.02
220000.0,213508.03
95000.0,72257.734
88000.0,98813.99
249000.0,390505.2
185000.0,234248.47
280000.0,401279.62
135000.0,119916.95
92000.0,86202.195
680000.0,685843.06
750000.0,605150.7
660000.0,600143.06
119000.0,115199.984
160000.0,121607.35
109900.0,90058.5
169000.0,109484.63
165000.0,120058.266
395000.0,517651.16
195000.0,219049.3
75000.0,83269.47
439000.0,449545.34
65000.0,66788.59
198000.0,202146.94
275000.0,325064.72
235000.0,174347.6
275000.0,245240.08
168000.0,154924.05
109000.0,102871.055
174999.0,158598.03
85000.0,117417.766
1400000.0,1028665.3
102182.0,103491.1
105000.0,90622.17
70000.0,90185.34
115000.0,96483.35
159000.0,316753.03
350000.0,360468.94
89900.0,80106.71
45000.0,50859.19
89900.0,76048.36
120000.0,101916.055
99000.0,97885.47
350000.0,405265.03
87000.0,98421.27
125000.0,97798.945
199900.0,296921.5
60000.0,170893.88
123000.0,156930.17
91000.0,144584.92
80000.0,114530.16
109000.0,105106.695
118000.0,106726.35
114990.0,130172.625
280000.0,335295.8
107968.0,96705.17
49000.0,85810.18
160000.0,164620.3
148000.0,117393.45
225000.0,275381.6
109000.0,136291.73
170000.0,129063.33
149000.0,92708.68
195000.0,184559.05
369000.0,357388.7
87000.0,144134.64
165000.0,154392.11
175000.0,183256.8
650000.0,370245.25
219900.0,254190.48
144420.0,137988.14
260000.0,230698.19
94000.0,104873.33
137000.0,176300.56
139900.0,97783.98
230000.0,249752.56
55000.0,61736.16
510000.0,500574.78
95000.0,81201.23
80000.0,60740.387
88000.0,93475.35
298000.0,297539.6
105000.0,122357.91
88425.0,136162.33
328000.0,265689.72
350000.0,472544.8
95000.0,101775.766
120000.0,139058.44
178000.0,185904.95
330000.0,338909.38
210000.0,272732.84
139000.0,114498.83
360000.0,243105.78
182000.0,168442.98
600000.0,568038.94
89900.0,101240.51
124100.0,153383.78
144000.0,203215.58
245000.0,443399.38
215000.0,168302.36
128000.0,147306.06
107000.0,103139.48
320000.0,315926.0
123000.0,156236.52
168000.0,171341.0
169000.0,122764.375
83745.0,84861.31
147500.0,196596.11
70000.0,78345.43
105000.0,117195.92
1300000.0,1199708.9
449000.0,477604.72
114000.0,115977.06
85000.0,106436.36
149000.0,144848.86
126500.0,143580.83
87000.0,105632.59
210000.0,204604.67
100000.0,95923.53
180000.0,424838.3
71500.0,86416.27
340000.0,439660.6
124300.0,113665.79
139000.0,190554.22
108000.0,95171.56
145900.0,153356.8
85000.0,73230.28
105000.0,90101.28
79000.0,99259.695
125000.0,129481.46
150000.0,147919.4
379000.0,672323.9
259000.0,247749.56
799000.0,856344.5
137413.0,155666.25
164900.0,123948.35
153400.0,137654.12
64000.0,115303.42
349900.0,338644.03
249900.0,198615.22
142500.0,156914.52
130000.0,126002.1
68400.0,154598.0
65000.0,62399.16
110000.0,91512.3
110000.0,116899.76
178000.0,212782.8
95000.0,79159.99
340000.0,245004.27
42000.0,49412.055
145000.0,154323.61
93000.0,78446.555
129000.0,116666.914
675000.0,823286.06
315900.0,195259.62
200000.0,327251.44
125000.0,111030.28
115000.0,121423.61
52000.0,61430.812
85000.0,115118.836
63000.0,51900.27
129000.0,120609.95
125000.0,105426.21
78000.0,54782.895
349000.0,222701.17
295000.0,297252.06
209000.0,263207.0
470000.0,513914.06
72000.0,86331.88
469900.0,440206.75
92000.0,104491.195
229900.0,240698.6
260000.0,227616.27
79500.0,98471.3
78000.0,81632.84
1452000.0,1003751.25
89000.0,84250.45
105000.0,118168.28
320000.0,715482.1
308195.0,221897.16
355000.0,372484.5
99000.0,155101.78
129795.0,141707.62
399000.0,357218.25
231569.0,185028.27
445000.0,267679.6
115000.0,107737.914
210000.0,122782.66
149900.0,157400.06
430000.0,496674.0
139000.0,115029.47
65000.0,54692.68
75000.0,69859.15
270000.0,274163.6
187000.0,196825.62
84900.0,84266.82
125000.0,85039.71
158000.0,203561.47
205000.0,190232.94
349000.0,354392.56
80000.0,72735.27
110000.0,83841.86
235000.0,211186.0
117000.0,111974.19
118000.0,86060.83
99000.0,125598.7
285000.0,333397.56
145000.0,158658.89
215000.0,224331.28
190000.0,312482.97
123000.0,96698.79
142000.0,163396.56
90900.0,127458.57
88000.0,70049.375
132000.0,94139.7
75000.0,106979.31
99000.0,88718.26
218000.0,178104.77
320000.0,363317.97
1200000.0,1070679.0
68900.0,76902.56
348000.0,300678.1
1190000.0,661083.56
74000.0,111587.11
169900.0,227632.1
390000.0,401034.9
135000.0,210215.0
72535.0,96847.625
74500.0,67812.43
107500.0,125295.01
184705.0,166028.45
420000.0,531522.8
34980.0,68829.266
130000.0,134885.38
210000.0,152319.27
234800.0,301235.2
111230.0,74949.07
89000.0,92297.19
360000.0,339083.22
165000.0,152702.45
100000.0,153281.17
105000.0,100191.01
40000.0,54873.203
280000.0,209436.1
159000.0,144773.94
92000.0,83377.484
87000.0,145717.22
92000.0,117296.164
185000.0,156917.64
720000.0,571301.0
54000.0,69534.66
96000.0,69448.195
75000.0,81255.38
69000.0,67391.71
120000.0,106139.89
118000.0,104685.87
145000.0,104197.72
180000.0,182555.8
119513.0,118189.3
89000.0,139770.83
195000.0,126839.664
118500.0,90068.06
259000.0,201052.7
650000.0,766458.1
59000.0,90160.83
520000.0,242435.2
188000.0,176392.64
155000.0,154290.78
125000.0,116914.59
490000.0,414960.9
115000.0,128325.64
490000.0,401674.9
85000.0,104072.89
87000.0,83673.65
69800.0,117676.74
115000.0,115533.99
102500.0,108563.87
87863.0,130804.56
220000.0,230379.11
198000.0,260097.62
235000.0,175880.39
135000.0,229449.08
260000.0,230082.34
109900.0,123675.72
90000.0,74141.695
118000.0,89737.57
380000.0,604165.9
89000.0,116380.65
336500.0,317214.3
104892.0,93153.22
179000.0,195026.73
99999.0,127598.02
260000.0,209930.11
270000.0,254273.77
65000.0,98177.43
175000.0,175453.42
74000.0,83259.9
134900.0,161724.64
595000.0,432042.75
128900.0,101421.164
249103.0,341914.3
160000.0,175188.17
109000.0,105705.23
120000.0,125820.68
84900.0,82872.74
320000.0,369946.0
403000.0,316167.78
349000.0,322826.84
395000.0,449748.0
95000.0,82518.18
175000.0,158339.72
155000.0,149398.55
82800.0,81858.24
195000.0,228690.42
139000.0,174806.52
65000.0,70898.805
159900.0,173727.47
259000.0,321314.2
950000.0,633546.56
195000.0,159545.77
220000.0,362187.72
170000.0,157189.64
148000.0,183615.23
193000.0,176090.45
193000.0,134525.69
140000.0,127086.73
69900.0,65329.79
129600.0,115125.65
69000.0,70123.86
160000.0,159273.28
195000.0,218179.31
185000.0,210545.58
160000.0,148536.78
214900.0,285867.72
145000.0,191636.83
205000.0,279209.34
78000.0,70799.8
400000.0,389047.03
250000.0,158162.73
227000.0,381357.4
185000.0,206425.61
74482.0,72164.96
245000.0,212699.69
79000.0,174415.28
80300.0,68887.23
69000.0,111494.56
270000.0,234346.16
62000.0,61260.234
79000.0,96436.8
269000.0,259109.55
117000.0,117282.4
95840.0,82977.68
72000.0,83015.06
250000.0,200333.84
240000.0,346759.84
107000.0,83278.96
97500.0,75542.64
465000.0,687941.75
182700.0,150752.81
125000.0,112376.53
255000.0,248583.45
85000.0,118621.63
125000.0,115030.17
107000.0,179932.19
199900.0,156612.78
490000.0,310933.62
182000.0,152613.94
440000.0,407698.97
400000.0,723560.6
279700.0,331550.3
68000.0,73246.336
125000.0,109197.95
79000.0,84886.36
188000.0,140705.1
395000.0,369415.44
85000.0,90381.34
499000.0,332943.1
350000.0,195417.42
105000.0,135405.81
85000.0,108407.55
620000.0,366857.4
105900.0,102819.195
219800.0,180566.75
59000.0,85469.625
72000.0,74727.3
125000.0,132025.8
125000.0,117607.01
1500000.0,1053359.2
129000.0,117975.63
83000.0,106489.164
74500.0,93087.34
80784.0,74349.4
118000.0,88730.47
340000.0,418819.34
95000.0,135088.19
203632.0,172761.2
139000.0,166962.58
82000.0,105205.7
120000.0,138769.94
72000.0,100238.49
435000.0,330690.56
475000.0,508781.62
110000.0,95076.94
135000.0,153592.06
370000.0,375429.7
140000.0,120131.22
49500.0,58175.25
155000.0,111024.06
290000.0,325453.56
920000.0,941581.94
138000.0,102736.26
213000.0,168219.61
95000.0,93228.06
107000.0,107983.305
119900.0,101802.664
99000.0,90740.4
69000.0,92039.086
193900.0,178710.17
89000.0,92320.26
75000.0,72895.5
100000.0,112037.055
215000.0,174305.66
149000.0,111354.59
67500.0,128128.984
129000.0,153768.39
110000.0,110242.31
107000.0,86136.26
224000.0,171922.53
64900.0,75437.48
99000.0,98532.945
395000.0,790538.6
290000.0,476423.16
65000.0,78095.76
268000.0,269470.84
115000.0,141031.27
155000.0,97440.23
83000.0,79195.5
125000.0,117597.16
179000.0,171065.25
148000.0,179267.95
200000.0,151244.11
45000.0,62096.203
78000.0,71971.25
97000.0,50564.004
79000.0,82995.73
98500.0,88129.23
145000.0,183962.81
68700.0,109399.625
58500.0,45033.4
225000.0,164251.05
950000.0,636928.94
240000.0,214469.36
350000.0,288777.78
66000.0,80011.62
127900.0,141743.34
99000.0,135480.97
163200.0,145642.45
325000.0,256008.66
158000.0,218815.34
160000.0,115892.195
110000.0,198725.25
45000.0,64199.508
262000.0,221089.61
69900.0,65116.715
290000.0,408552.0
405000.0,408615.75
92000.0,73871.87
89900.0,89428.77
185000.0,146158.67
125000.0,113742.75
230000.0,237793.97
380000.0,419031.03
175000.0,153712.98
150000.0,124230.55
216000.0,306847.2
64000.0,95059.03
98000.0,76292.96
239000.0,394418.94
125000.0,247264.45
109000.0,115253.9
108100.0,124898.555
210000.0,274336.84
320000.0,426506.84
130000.0,108237.67
359900.0,424955.9
195000.0,117068.055
119900.0,126864.79
250000.0,332354.4
190000.0,207535.03
295000.0,366239.16
128900.0,97783.98
680000.0,689127.1
229500.0,299159.38
120000.0,260740.81
105000.0,129751.39
300000.0,275484.78
318000.0,287491.9
69500.0,75046.35
395000.0,332278.2
73000.0,111448.914
400000.0,363889.66
76000.0,71520.48
239000.0,207368.2
64765.0,93462.08
72000.0,71163.766
110000.0,96267.0
65000.0,69563.75
1300000.0,866693.56
73000.0,66511.62
850000.0,851594.8
148000.0,251560.52
76000.0,89216.15
76000.0,79902.14
340000.0,268122.34
164000.0,184541.33
150000.0,176911.58
72500.0,117310.74
150000.0,136976.8
110000.0,96247.555
260000.0,211512.83
164900.0,216382.77
260000.0,292205.72
78000.0,80285.14
167000.0,216908.28
70000.0,72552.2
171000.0,145797.31
229500.0,210616.89
264000.0,218085.39
99950.0,91925.875
62000.0,59360.688
55000.0,49895.8
149500.0,124950.27
490000.0,501428.9
245000.0,192759.7
280000.0,491053.47
155000.0,144121.31
180000.0,172760.42
179000.0,155594.11
98000.0,110867.95
390000.0,327014.4
285000.0,349500.94
59000.0,73184.23
260000.0,231250.06
325000.0,347947.22
115000.0,117334.79
440000.0,384043.2
190000.0,121914.39
250000.0,259576.94
215000.0,159752.7
185000.0,249412.11
315000.0,317655.88
230000.0,219504.5
255000.0,259428.23
68000.0,101484.89
134000.0,190861.38
195000.0,207082.89
400000.0,491153.12
339000.0,414345.72
205000.0,303383.22
189000.0,176570.11
69000.0,104891.81
255000.0,210775.23
579000.0,319223.7
117200.0,140958.2
79900.0,111411.91
99000.0,93776.25
99000.0,127362.34
750000.0,628411.4
139500.0,87573.98
125000.0,129934.1
77000.0,65913.3
295000.0,272639.28
74900.0,90545.1
62000.0,75154.12
44000.0,48902.44
99000.0,80186.42
54900.0,54613.402
140000.0,153160.47
110000.0,151181.88
89000.0,139573.78
93000.0,83932.57
160000.0,137056.53
249000.0,239200.44
69000.0,99223.375
52000.0,98680.164
70000.0,81718.19
53000.0,49222.742
79900.0,71629.484
79000.0,64033.965
110000.0,86182.87
65000.0,76103.27
198000.0,289488.16
50000.0,66546.234
669000.0,969493.94
115000.0,104024.805
128000.0,145128.77
109900.0,91435.49
223500.0,154522.64
121500.0,106549.89
135000.0,177029.47
65000.0,90548.7
69000.0,72745.79
187680.0,201045.45
86306.0,99056.055
350000.0,290908.16
115000.0,134043.8
114426.0,117194.87
150000.0,125576.34
110000.0,104072.89
97460.0,83270.42
70000.0,99100.74
119000.0,101511.49
49500.0,63202.15
49000.0,67860.875
1250000.0,1171622.8
58000.0,64500.055
220000.0,172713.62
85200.0,77759.43
99000.0,129958.66
145000.0,199756.23
105000.0,123707.6
156000.0,134111.36
35000.0,40031.19
69000.0,105177.85
980000.0,706641.06
195000.0,265850.38
89000.0,79239.58
220000.0,147091.89
139000.0,113900.53
290000.0,161142.72
65000.0,74102.836
148381.0,152060.58
140000.0,116422.914
164500.0,212029.78
87800.0,136825.42
189900.0,157339.69
135000.0,105753.2
820000.0,673101.4
145000.0,154733.62
174000.0,183589.75
298000.0,282235.25
89000.0,89373.766
120000.0,134387.2
380000.0,371736.3
131400.0,159975.55
216000.0,171331.55
425000.0,493590.03
110000.0,88285.51
69500.0,80316.68
155000.0,223936.83
120000.0,122696.38
145000.0,149554.8
255000.0,216346.22
138000.0,179129.28
78000.0,68838.164
259000.0,244298.4
140000.0,107321.78
720000.0,669513.0
146100.0,137708.84
124000.0,137776.22
450000.0,527710.9
65000.0,75722.445
125000.0,121938.086
169000.0,150583.62
76000.0,75840.44
112000.0,101484.65
245000.0,270128.53
249000.0,189438.62
227000.0,142292.27
139000.0,179132.22
310000.0,269649.72
165000.0,219342.23
50500.0,64179.0
210000.0,201048.77
95000.0,106182.87
67000.0,65839.984
105000.0,115709.8
420000.0,336619.12
135000.0,96808.56
146000.0,172423.5
250000.0,233705.45
260400.0,298662.7
180000.0,150795.8
134000.0,153670.2
270000.0,250446.0
130000.0,331846.4
255000.0,220254.5
92000.0,107942.16
170000.0,290019.8
105000.0,83511.35
170000.0,200134.62
69000.0,104891.81
50217.0,123148.516
99500.0,117668.37
119000.0,114262.195
159000.0,221555.62
84900.0,69706.15
339900.0,406627.34
305000.0,278645.84
145000.0,154987.8
105000.0,117869.234
77000.0,99297.086
440000.0,395794.88
250000.0,266973.34
650000.0,402168.25
480000.0,201434.94
72000.0,93626.41
569000.0,619430.0
59000.0,116648.02
113000.0,119066.65
110000.0,103723.91
298000.0,234054.78
295000.0,234317.89
165000.0,206972.16
200000.0,224169.61
146000.0,103194.98
165000.0,176078.19
159000.0,118187.38
320000.0,302102.38
110000.0,103523.11
330000.0,308377.66
110000.0,138267.66
154900.0,148099.48
69000.0,71812.79
109900.0,108370.88
239000.0,241483.95
220000.0,255254.03
28000.0,123162.266
130000.0,170481.75
1500000.0,1306422.4
430000.0,441215.28
249000.0,193345.69
119900.0,143109.58
79900.0,96214.445
110000.0,118766.82
168000.0,83986.17
149000.0,156244.58
250000.0,330433.38
750000.0,539940.7
320000.0,300698.47
89900.0,107870.05
85000.0,158127.88
109000.0,126367.555
680000.0,674608.8
117325.0,180166.12
670000.0,877353.9
74000.0,77421.266
150000.0,199696.66
320000.0,370919.84
65000.0,86471.01
139000.0,139614.55
105000.0,97068.41
115000.0,117109.7
180000.0,151089.39
570000.0,355802.78
140000.0,119261.74
240000.0,256515.88
215000.0,203300.69
160000.0,165747.8
139000.0,165687.53
420000.0,260251.58
140000.0,141210.39
490000.0,459419.03
260000.0,343961.66
105900.0,105085.766
132000.0,139926.14
77282.0,84891.91
115000.0,107466.51
235000.0,202367.62
269000.0,284728.16
125000.0,101311.84
260000.0,200470.47
217000.0,191603.31
109000.0,156733.56
150000.0,118923.67
270000.0,388918.94
118000.0,124391.5
159000.0,236952.69
105000.0,123796.37
430000.0,380431.56
109800.0,129539.75
75000.0,81184.11
160000.0,262532.47
427000.0,821121.94
130000.0,165004.52
76000.0,69513.59
93000.0,179878.27
160000.0,233010.9
169000.0,243678.27
105000.0,102715.055
520000.0,723311.44
120000.0,96627.6
100000.0,101175.36
208000.0,248593.5
116000.0,171314.61
230000.0,254397.17
560000.0,563264.56
498000.0,724011.5
164800.0,157339.69
75000.0,94013.16
500000.0,538410.9
201343.0,183535.88
120000.0,208009.03
149000.0,136179.83
63000.0,111494.56
515000.0,1008200.06
78000.0,74878.68
110000.0,134749.9
134999.0,180261.73
85000.0,89979.266
89000.0,85634.28
750000.0,892076.0
430000.0,281251.78
110000.0,110423.14
135000.0,112309.38
118800.0,122065.6
295000.0,501394.2
81900.0,77851.82
159900.0,157981.61
299000.0,281225.12
128900.0,108360.34
114000.0,128811.59
120000.0,104742.61
140000.0,106662.89
242000.0,187141.97
106000.0,200346.0
195000.0,222663.4
192000.0,216349.88
209000.0,205687.28
159000.0,191040.25
147000.0,157812.83
118000.0,107983.37
259000.0,274152.62
400000.0,225888.6
123000.0,117936.305
185000.0,200448.17
64900.0,63818.793
180000.0,170807.22
290000.0,203151.39
114900.0,125801.27
99500.0,104022.266
125000.0,159579.69
53900.0,85690.53
120000.0,110111.586
147898.0,191655.11
200000.0,249131.06
222000.0,364520.62
139000.0,190761.94
190000.0,126954.78
179500.0,252820.8
95000.0,82661.84
130000.0,136425.05
160000.0,131734.8
150000.0,222822.4
99800.0,115848.33
85000.0,100371.086
79000.0,99844.29
150000.0,169876.03
145000.0,124031.06
63000.0,56303.27
1100000.0,757170.2
220000.0,164187.6
104000.0,92320.26
89000.0,71802.06
125000.0,114207.5
550000.0,305304.5
249000.0,218164.88
430000.0,332514.12
83476.0,164714.14
72000.0,58175.637
185000.0,178883.83
100000.0,130314.43
109000.0,102283.28
165000.0,166710.11
660000.0,384848.06
235000.0,250441.0
980000.0,1079639.2
147600.0,138895.31
153000.0,121774.25
60000.0,64468.312
139000.0,196147.78
149000.0,107439.55
85000.0,96701.29
350000.0,272301.62
179000.0,150730.75
120000.0,103190.02
124900.0,120665.79
135000.0,137480.48
137000.0,167320.69
295000.0,371105.2
63000.0,40425.234
79900.0,125675.016
415000.0,542732.44
390000.0,276835.72
199000.0,244484.34
170000.0,179589.73
175000.0,141294.8
115000.0,88122.77
68000.0,70564.91
235000.0,120180.96
93000.0,98039.766
69000.0,62687.26
135000.0,96984.3
62000.0,67841.62
134000.0,115394.24
99000.0,108516.945
96800.0,103038.83
330000.0,396247.16
89500.0,62592.098
170000.0,214804.22
118000.0,108801.766
397800.0,385969.2
155000.0,107047.414
138000.0,156282.06
195000.0,198419.11
80000.0,81195.55
189900.0,144404.75
165000.0,136172.03
137000.0,126664.05
86000.0,112911.64
189000.0,178914.81
62000.0,75399.95
347000.0,287565.2
142000.0,118424.73
140000.0,180805.9
56000.0,59138.727
100000.0,71904.34
278000.0,228128.81
92000.0,89789.38
85000.0,83165.92
69900.0,92123.14
179900.0,157339.69
130000.0,130696.93
130000.0,107686.71
118938.0,87847.56
580000.0,380050.84
178000.0,142847.19
99000.0,127624.44
220000.0,215078.95
175000.0,179452.94
335000.0,358609.4
159000.0,251528.28
84000.0,94712.07
117779.0,160205.12
375000.0,201518.53
194000.0,116998.44
165000.0,175054.16
170000.0,203624.8
124900.0,133079.7
65000.0,64103.977
141883.0,168807.38
360000.0,339187.6
220000.0,213745.42
75000.0,94031.13
190000.0,247984.12
590000.0,559073.1
128000.0,159577.9
163160.0,137702.62
109725.0,98495.516
85000.0,150004.66
250000.0,201294.98
248000.0,201986.16
220000.0,206090.28
275000.0,347766.84
399000.0,372904.38
105000.0,126721.09
52000.0,60258.73
148000.0,201815.8
80000.0,80532.04
173000.0,175050.03
210000.0,172134.44
72500.0,74678.71
215000.0,243659.8
560000.0,392915.5
179258.0,142021.2
670000.0,573602.2
160000.0,129965.414
280000.0,278653.06
220000.0,289057.06
98000.0,80370.31
210000.0,180563.42
98000.0,121945.91
159900.0,177120.08
89000.0,145266.94
85000.0,78831.836
259000.0,304700.28
94000.0,118911.22
116000.0,110850.46
220000.0,168079.75
435000.0,436870.88
275000.0,327454.94
145000.0,140928.94
168900.0,217970.94
77000.0,64091.15
159000.0,89138.83
600000.0,655987.6
134900.0,154229.62
260000.0,286565.94
430000.0,380431.56
119000.0,129834.414
42000.0,76189.67
790000.0,573223.2
790000.0,739094.2
100000.0,93178.44
89999.0,86902.914
111234.0,74173.3
260000.0,270113.38
39900.0,49872.57
90000.0,107380.78
215000.0,194035.23
70000.0,86668.984
225000.0,200028.1
49000.0,50386.4
35800.0,47625.72
185000.0,351012.0
65000.0,74254.82
138000.0,156349.23
33500.0,46212.95
105000.0,181046.61
155000.0,280386.53
320000.0,284668.47
101500.0,138147.95
160000.0,127849.25
75000.0,83819.016
375000.0,304522.16
125000.0,92452.18
168000.0,118441.96
120000.0,115621.66
140000.0,114488.766
108000.0,115472.664
85000.0,86549.45
193000.0,267711.38
120000.0,146804.19
85000.0,76461.81
125000.0,157974.56
179000.0,116574.68
149000.0,154030.45
99500.0,85086.98
200000.0,216597.17
99000.0,135037.92
85000.0,85457.59
103000.0,114127.33
129000.0,175948.86
109500.0,90946.79
90000.0,110866.664
138000.0,97958.41
115000.0,105905.21
135000.0,168406.19
350000.0,306631.38
134000.0,161943.69
183000.0,196917.97
275000.0,218556.83
398000.0,425312.84
100000.0,146066.9
135000.0,146245.38
345000.0,464843.97
215000.0,110068.7
230000.0,281428.03
120000.0,128319.13
195000.0,177937.36
120000.0,124953.39
118000.0,109044.46
780000.0,744162.8
99000.0,96593.0
120000.0,152485.66
349900.0,354907.4
780000.0,856810.06
75000.0,86074.58
210000.0,201231.9
110000.0,78021.27
295000.0,274990.78
900000.0,644400.7
117000.0,175562.86
287000.0,232615.22
270000.0,266599.0
110000.0,83297.77
129900.0,190740.19
189000.0,143048.73
125000.0,140165.95
89900.0,88548.87
195000.0,185150.47
130000.0,60513.652
230000.0,288306.16
69000.0,71669.05
110000.0,118303.4
320000.0,415759.06
288000.0,293610.38
109000.0,105519.37
145559.0,192648.44
290000.0,335282.16
115000.0,100735.69
225000.0,219635.48
465000.0,335808.53
51900.0,46576.664
82000.0,89480.29
120000.0,126500.81
183000.0,217775.28
109900.0,84288.63
95000.0,74749.55
510000.0,422337.4
81000.0,83768.23
135000.0,100304.125
550000.0,628352.94
148000.0,102147.82
110000.0,116899.76
135000.0,124888.49
89000.0,131582.73
160000.0,181967.95
83000.0,79631.3
975000.0,588677.3
300000.0,205408.86
165000.0,148031.34
115000.0,179530.58
150000.0,112630.66
115000.0,114499.81
102000.0,112164.1
160000.0,128304.82
110000.0,115515.07
173313.0,221152.58
170000.0,236223.36
142000.0,164436.58
116000.0,85009.74
239000.0,340251.56
120000.0,106904.484
77900.0,97502.2
130000.0,129646.93
200000.0,161286.0
178000.0,173669.67
320000.0,342830.6
105000.0,107858.59
123000.0,134821.23
110000.0,108125.25
104000.0,145282.11
82000.0,101766.79
540000.0,505202.38
105000.0,88942.87
280000.0,189989.19
164900.0,150030.8
920000.0,1069227.8
207000.0,243553.0
470000.0,528582.7
169000.0,184200.6
140000.0,206004.56
248000.0,294032.34
135000.0,108714.01
175000.0,125313.81
765000.0,653347.5
129900.0,196240.53
68900.0,69165.914
128000.0,108688.38
92900.0,93641.13
77900.0,114745.37
185000.0,166637.66
115000.0,116042.64
595000.0,568749.6
110000.0,139125.22
140000.0,110590.695
39000.0,41765.656
255000.0,222447.61
595000.0,507538.72
260000.0,176584.1
149500.0,171799.84
138000.0,148673.28
90500.0,148152.75
64500.0,80841.16
230000.0,259747.62
284900.0,285630.4
168000.0,168399.34
99000.0,114593.305
135000.0,125071.41
130000.0,89441.305
85000.0,154584.89
680000.0,976415.0
68000.0,57352.74
70000.0,90334.21
210000.0,134525.69
95000.0,77293.25
105000.0,72333.27
380000.0,487086.25
170000.0,168989.8
397000.0,442384.03
144000.0,222905.4
129900.0,92594.33
210000.0,285439.62
185000.0,174288.89
795000.0,965043.75
82000.0,94278.09
260000.0,239857.86
259000.0,181459.94
198000.0,185459.23
89000.0,101846.18
415000.0,597952.06
88000.0,86157.78
81000.0,80058.6
108000.0,150330.45
189000.0,263661.7
370000.0,252715.62
115000.0,125548.7
325000.0,328537.5
349000.0,347132.22
62000.0,73770.414
69000.0,88657.96
380000.0,183387.31
73900.0,79954.266
72000.0,72517.77
165000.0,110337.17
140000.0,109749.914
169900.0,197749.23
129500.0,136613.95
83000.0,83325.57
265000.0,239933.69
380000.0,245571.44
75000.0,103102.6
112900.0,118152.305
115000.0,100589.86
68000.0,91668.49
52000.0,76001.89
217000.0,200398.8
195000.0,173786.44
299000.0,337245.78
142000.0,131708.22
83000.0,116705.77
150000.0,174157.6
120000.0,130233.11
87000.0,91410.79
105000.0,149221.02
119000.0,98997.87
119900.0,130625.945
185000.0,253354.1
199900.0,194273.48
162000.0,171368.73
240000.0,194658.53
99000.0,95159.59
320000.0,273096.56
385000.0,278099.03
179000.0,162476.34
78000.0,73881.6
365000.0,326708.2
55000.0,74334.61
392000.0,323834.03
101500.0,132323.88
116000.0,147606.69
63000.0,76322.67
120000.0,91109.875
208000.0,172993.42
67000.0,77278.19
475000.0,544492.8
212000.0,269860.2
199000.0,224142.88
179000.0,189332.55
178000.0,158478.64
119900.0,186017.28
139000.0,124790.14
339000.0,250021.7
107000.0,120268.84
74000.0,79349.77
248000.0,226374.98
170000.0,209586.53
295000.0,191074.98
144400.0,151624.27
210000.0,310914.03
149939.0,129549.86
240000.0,215938.86
110000.0,126592.49
465000.0,709339.56
250000.0,122146.24
130000.0,191526.45
99500.0,112856.3
479900.0,344189.97
80000.0,113735.62
85000.0,72971.1
190000.0,499397.44
820000.0,702898.3
1250000.0,892488.94
128000.0,122596.9
120000.0,135363.11
85000.0,79301.66
79900.0,78796.46
125000.0,157510.23
89000.0,105024.07
92000.0,113461.74
235000.0,207309.34
335014.0,221068.03
99000.0,86204.305
790000.0,665544.4
125000.0,138132.25
580000.0,575227.9
78000.0,100521.67
110000.0,104748.44
600000.0,468238.38
240000.0,276189.12
77000.0,91309.79
110000.0,97294.08
275500.0,209999.17
149000.0,157694.78
295000.0,290264.5
110000.0,117572.18
77000.0,133112.56
43530.0,43006.066
249000.0,401515.66
205000.0,208640.86
110000.0,132847.02
118900.0,104753.55
102000.0,99257.734
110000.0,92677.78
760000.0,467306.16
285000.0,260549.95
245000.0,176478.38
89000.0,75023.2
128000.0,125382.836
111720.0,139249.81
99000.0,122358.664
123100.0,124174.99
59999.0,59491.566
110000.0,148910.7
420000.0,311195.66
79000.0,68664.75
129900.0,110094.14
349000.0,377612.06
100000.0,76453.29
545000.0,446249.47
159000.0,162200.78
73000.0,137715.52
215000.0,168227.11
67000.0,63815.09
229000.0,233240.48
810000.0,544535.06
250000.0,412516.1
105000.0,113572.14
169000.0,182304.94
67000.0,73828.74
98000.0,128569.05
265000.0,193689.48
100000.0,89034.48
77000.0,64631.227
370000.0,455059.38
64765.0,65678.05
175000.0,203137.3
255000.0,278797.1
138000.0,133942.16
215000.0,136313.39
75000.0,139282.16
200000.0,254817.55
129000.0,151868.48
245000.0,235335.78
189500.0,158499.67
89000.0,76550.11
130000.0,106636.82
86900.0,94845.07
88300.0,102313.32
119900.0,126864.79
250000.0,348551.03
75000.0,124818.04
155000.0,173878.48
153000.0,153106.7
72000.0,75671.86
198000.0,188993.8
845000.0,593944.4
550000.0,466047.22
298000.0,200655.33
225000.0,240545.72
170000.0,169240.06
160000.0,153178.67
72000.0,67061.516
470000.0,698891.4
85833.0,79046.36
80000.0,187119.66
315000.0,292567.56
380000.0,325722.0
107300.0,126258.5
118000.0,95516.15
85000.0,74018.234
256000.0,646030.6
68000.0,106541.914
135000.0,104604.0
133000.0,152916.48
109900.0,141902.33
145000.0,140557.34
224000.0,210122.38
315000.0,374139.84
225000.0,208287.53
66900.0,66569.22
119800.0,100006.53
249000.0,336868.22
52225.0,68262.38
65000.0,68660.01
186000.0,186814.08
157000.0,157233.8
79000.0,81880.22
95000.0,93135.4
270000.0,254152.66
195000.0,272062.44
109900.0,84861.01
239000.0,324074.34
144900.0,157981.25
285000.0,300446.34
109900.0,111158.97
159990.0,132426.5
480000.0,418505.94
73000.0,100825.77
64500.0,77516.88
420000.0,468534.1
120000.0,117948.67
255000.0,175334.12
490000.0,424356.6
99000.0,172730.4
149000.0,138367.64
85000.0,120878.16
69900.0,112257.77
285000.0,282806.25
170000.0,179378.22
128000.0,173543.53
1350000.0,373796.5
112000.0,183909.47
285000.0,949583.0
650000.0,716886.9
79000.0,101657.79
185000.0,213652.2
52000.0,79711.305
147000.0,160692.56
199000.0,394821.3
84900.0,154619.48
670200.0,584597.0
156000.0,162146.7
1450000.0,1029833.4
1050000.0,243003.67
350000.0,361857.47
500000.0,453806.16
220000.0,370504.5
110000.0,129102.79
220000.0,235424.4
94900.0,104169.69
148000.0,174147.2
95000.0,90074.06
99000.0,129343.08
239000.0,387545.28
219000.0,246684.62
380000.0,202608.2
58000.0,71637.67
165000.0,233724.3
288000.0,367220.75
239000.0,236239.53
138000.0,141939.47
90000.0,150038.05
170000.0,150995.05
165000.0,185680.31
270000.0,303162.25
172000.0,128080.67
183000.0,199398.38
130000.0,151448.98
320000.0,198802.3
118000.0,122748.445
48371.0,54535.895
200000.0,161672.31
87000.0,81718.42
275000.0,355740.62
68000.0,71500.33
94000.0,99545.234
420000.0,491676.38
295000.0,271708.12
134000.0,146176.3
680000.0,1138532.8
199000.0,157188.61
72000.0,88483.56
108000.0,92336.38
79000.0,89250.445
93000.0,93565.195
120000.0,115661.25
185000.0,201256.89
68000.0,88513.45
202500.0,173744.5
110000.0,110221.445
127000.0,130625.22
170000.0,152031.19
920000.0,521966.53
360000.0,393204.28
1000000.0,1115201.4
195000.0,171802.39
370000.0,435044.5
370000.0,322619.8
90000.0,78087.586
155000.0,121253.4
520000.0,479437.12
650000.0,508735.0
79000.0,95275.43
84000.0,95289.11
155000.0,160413.94
129000.0,184536.52
129900.0,151373.4
68000.0,79409.57
119000.0,92680.445
128500.0,159216.73
129000.0,109356.29
290000.0,367911.03
130000.0,186149.6
520000.0,365098.75
185000.0,181249.34
175000.0,207433.17
42000.0,51671.81
211236.0,261466.31
83000.0,88696.7
51675.0,54429.02
165000.0,128999.85
250000.0,229865.8
97200.0,86281.92
49000.0,55879.027
175000.0,163945.14
155000.0,174556.77
600000.0,487772.28
117600.0,144292.73
369000.0,371353.25
239000.0,286373.78
69900.0,104108.79
49900.0,49475.36
100000.0,128324.15
88000.0,89359.34
56000.0,73196.28
185000.0,174288.89
60000.0,53913.055
110000.0,104422.125
43000.0,44764.625
250000.0,180498.27
120000.0,89725.59
85800.0,95916.89
233000.0,176724.1
420000.0,340958.47
139000.0,159281.22
180000.0,124063.13
130000.0,135633.25
176000.0,163814.66
149000.0,173048.83
75000.0,111213.016
260000.0,159925.58
125000.0,81151.04
1100000.0,935298.6
64765.0,65678.05
490000.0,413898.4
348000.0,273041.4
82000.0,74646.445
75000.0,117838.84
195000.0,224671.11
230000.0,237180.1
58400.0,59074.56
68000.0,55072.582
88000.0,91260.02
89865.0,99123.15
85000.0,82389.17
46900.0,38368.65
73000.0,78844.26
128000.0,78824.49
215000.0,173318.16
115000.0,81747.12
82000.0,81750.01
95000.0,78083.945
115000.0,99907.34
108000.0,116461.625
95000.0,87291.18
119000.0,142927.88
75000.0,103507.305
72000.0,105741.766
139000.0,196534.67
920000.0,967401.75
280000.0,155597.72
205000.0,177634.33
87000.0,82245.59
279000.0,210244.48
83000.0,89286.266
400000.0,311986.66
57000.0,69062.58
48000.0,64520.805
95000.0,96445.08
60000.0,45850.33
179000.0,225949.4
123000.0,81985.07
125000.0,137748.78
240000.0,431644.97
71000.0,84401.125
125000.0,131927.8
128000.0,93731.33
179000.0,196375.94
53000.0,69526.0
315000.0,273136.4
270000.0,273084.62
95000.0,89865.9
135000.0,113845.12
560000.0,588884.6
75914.0,95458.53
250000.0,257051.0
96000.0,99150.77
152000.0,158411.0
460000.0,412547.47
180000.0,160032.86
350000.0,327665.4
225000.0,300264.9
108000.0,126712.81
219000.0,257504.22
185000.0,179069.05
115000.0,120292.88
139990.0,185956.05
88000.0,68565.13
265000.0,329109.94
125000.0,127320.29
72000.0,75464.836
225000.0,323903.88
90000.0,79383.36
275000.0,266116.5
135000.0,110000.72
249000.0,228139.27
695000.0,540173.5
84000.0,93832.555
70000.0,76943.125
205000.0,292954.62
398000.0,556932.1
145000.0,139731.58
125000.0,154557.98
71000.0,79125.17
82000.0,115473.01
81000.0,89114.24
69800.0,76191.89
265000.0,390202.9
275000.0,239860.08
200000.0,171221.55
128000.0,144982.53
109000.0,126621.35
89000.0,90608.62
300000.0,332759.44
100418.0,108454.1
108000.0,88008.91
69000.0,104891.81
750000.0,618407.3
105000.0,84657.27
125000.0,96600.71
99900.0,110068.84
309000.0,340106.75
119900.0,153282.0
480000.0,334675.56
295000.0,221823.98
570000.0,561041.5
110000.0,100921.86
128900.0,142410.19
148000.0,125017.23
163000.0,122775.04
315000.0,487281.84
1480000.0,1094911.4
76000.0,85093.78
97000.0,113363.89
66000.0,72574.14
99000.0,90352.0
185000.0,153897.62
280000.0,338418.44
98000.0,110243.516
59000.0,79227.055
128900.0,105910.04
59900.0,52045.727
1300000.0,1136678.2
128000.0,108985.72
79900.0,67270.734
85000.0,92636.85
59000.0,40248.48
125000.0,116488.63
85000.0,75527.29
105900.0,102819.195
74000.0,71961.84
77000.0,86897.66
78000.0,106412.74
210000.0,268335.75
139500.0,97735.63
105000.0,92143.7
50000.0,23717.416
72000.0,92582.22
235000.0,121474.06
75000.0,55285.113
460000.0,503692.97
159000.0,191625.19
120000.0,143912.75
180000.0,220789.16
110000.0,116760.9
139900.0,197140.77
100000.0,135929.22
280000.0,168249.08
139900.0,109183.12
99000.0,106662.23
1150000.0,1079465.4
195000.0,279403.97
89000.0,101174.33
1300000.0,913240.7
180000.0,173878.48
75000.0,86421.9
120000.0,117203.2
98000.0,202463.14
245000.0,154831.14
55000.0,56241.457
199000.0,155586.7
90000.0,82628.55
230000.0,204190.55
650000.0,511356.47
115000.0,89137.41
158000.0,171570.45
110000.0,140027.67
640000.0,521847.94
99900.0,112840.73
115960.0,85086.98
140000.0,118222.13
178000.0,201125.14
265000.0,298217.2
95000.0,132339.27
495000.0,458290.88
55000.0,57771.594
160000.0,164620.3
98000.0,93414.945
149000.0,131888.33
159000.0,233259.08
630000.0,473799.5
87000.0,78044.02
125000.0,147078.33
89000.0,93382.86
225000.0,226299.36
650000.0,368415.3
220000.0,174134.69
403000.0,548856.1
75000.0,98477.695
298000.0,391418.28
87000.0,105429.64
65000.0,64295.812
209314.0,203704.81
245000.0,265375.75
128500.0,123148.516
57000.0,74715.25
187000.0,247719.86
147000.0,202516.2
54600.0,64838.035
134000.0,122563.63
135000.0,151434.44
160000.0,82962.99
54900.0,69043.53
95000.0,128183.68
72000.0,93501.66
95000.0,113775.8
80000.0,91489.484
82500.0,82257.62
190350.0,139352.83
75000.0,73681.836
69000.0,104891.81
139000.0,145673.2
47000.0,57007.094
249900.0,234673.98
94900.0,85773.01
240000.0,404971.53
85000.0,100565.96
118000.0,121921.32
61500.0,80380.8
56400.0,71929.23
275000.0,253147.31
109999.0,114645.48
115000.0,110622.805
78900.0,66108.445
130000.0,130711.1
160000.0,112984.46
249000.0,260422.8
370000.0,421955.34
350000.0,348842.9
250000.0,350543.25
125800.0,158140.8
90000.0,83155.13
375000.0,390755.0
115000.0,148686.72
140000.0,163117.36
335000.0,287890.78
235000.0,232976.8
110000.0,175790.47
99000.0,95173.35
299000.0,415278.2
134000.0,177641.98
570000.0,383737.3
450000.0,269811.66
387000.0,374104.72
175000.0,215075.36
90000.0,93650.09
150000.0,126382.266
68000.0,99641.36
179000.0,163152.12
150000.0,127612.086
112000.0,124130.18
143000.0,135040.02
105000.0,91617.41
134500.0,139674.36
78000.0,76183.195
65000.0,95751.695
75000.0,128451.05
53900.0,113688.51
200000.0,186037.7
71900.0,88318.79
59900.0,70564.91
235000.0,369227.56
155000.0,232399.64
115000.0,115767.984
170000.0,115547.97
61000.0,86495.48
170000.0,135866.36
135000.0,189040.22
70000.0,62255.01
63000.0,89755.14
99900.0,198741.27
360000.0,449321.66
122000.0,106096.46
270000.0,176267.98
62000.0,78252.57
820000.0,361719.6
146000.0,127332.48
390000.0,260724.02
77000.0,81736.0
110000.0,85875.99
170000.0,195077.17
47000.0,74667.13
285000.0,258187.69
125000.0,126712.04
149000.0,131551.12
124000.0,132830.5
90300.0,75926.71
135000.0,168644.0
54400.0,74718.266
49900.0,61951.83
259000.0,244298.4
120000.0,121677.93
29370.0,77596.375
178000.0,137807.95
149000.0,134452.39
735000.0,710017.1
150000.0,142392.39
75000.0,75184.305
149000.0,150870.45
96000.0,106614.25
72000.0,73608.055
395000.0,264266.47
98500.0,84612.79
175000.0,133306.4
102000.0,112966.32
149000.0,152469.88
100000.0,94464.414
100000.0,111648.31
289900.0,332885.12
177000.0,178077.48
145000.0,120522.97
236000.0,202354.9
107000.0,114533.51
113900.0,108734.664
109900.0,155826.64
85000.0,103823.766
155000.0,137718.72
110000.0,76582.72
98000.0,104342.02
92000.0,108772.96
122000.0,123055.15
249000.0,277396.16
110000.0,108125.78
75000.0,82065.73
329000.0,324923.6
90000.0,91737.19
230000.0,264422.2
450000.0,538053.25
68500.0,66537.51
100000.0,86845.38
245000.0,331671.03
76000.0,69200.375
270000.0,250449.4
170000.0,150959.28
650000.0,397331.3
259000.0,212144.3
135000.0,113896.37
190000.0,169776.22
99500.0,84498.74
230000.0,187640.06
220500.0,208300.47
170000.0,145936.17
348000.0,358440.97
79000.0,98897.98
98000.0,82174.09
240000.0,244469.77
59000.0,73914.66
490000.0,471504.94
225000.0,235911.28
115000.0,118073.31
113000.0,145951.3
950000.0,393677.2
140000.0,132024.48
280000.0,205483.02
140000.0,98595.11
149000.0,139125.11
330000.0,497167.84
98000.0,128092.96
294500.0,250958.05
119500.0,149057.02
170000.0,149034.3
390000.0,349966.84
370000.0,435043.3
639000.0,456589.5
73500.0,87547.68
400000.0,513619.8
190000.0,199940.23
339000.0,396354.84
88000.0,96840.45
93000.0,153417.44
165000.0,128640.945
380000.0,399882.34
33600.0,50338.12
153000.0,156662.6
202000.0,168882.06
79900.0,63737.934
155000.0,123730.58
114000.0,109385.734
176000.0,205604.23
92000.0,97124.445
100000.0,93816.6
69000.0,59991.363
165000.0,219890.16
109000.0,118880.41
206700.0,155629.4
153800.0,119146.09
75000.0,67979.875
153400.0,153356.8
175000.0,203144.11
194900.0,185206.97
129900.0,142990.52
119000.0,144468.2
120000.0,113186.63
62000.0,89052.336
135000.0,124998.27
73000.0,87374.125
72000.0,123580.31
112000.0,125225.945
59000.0,87694.52
243000.0,188300.6
212000.0,269860.2
149900.0,185795.34
200000.0,182347.81
159000.0,167426.11
280000.0,257051.0
125000.0,179675.83
200000.0,213768.31
58000.0,73655.64
95000.0,76136.76
155000.0,241891.14
144000.0,129497.914
98226.0,144957.52
44000.0,57775.258
439000.0,435109.2
89000.0,131124.19
75000.0,75840.44
70000.0,60888.586
152472.0,148529.66
107000.0,112599.62
245000.0,261774.89
249000.0,199722.4
143000.0,155339.75
270000.0,272897.47
225000.0,202853.19
120000.0,107254.336
82000.0,111188.67
114230.0,111814.27
240000.0,254505.94
84900.0,109636.56
140000.0,139136.61
100000.0,101002.414
65000.0,88493.14
139000.0,126132.71
220000.0,164187.6
163000.0,198509.33
57800.0,56947.61
135000.0,145074.2
165000.0,243624.66
148000.0,104525.17
129000.0,120953.23
180000.0,201902.72
179000.0,183813.78
130824.0,156567.77
72000.0,77535.19
98000.0,108196.945
265000.0,178208.27
149900.0,147050.23
250000.0,425032.34
75000.0,115763.55
97500.0,61391.77
110262.0,131547.02
215000.0,246471.22
328909.0,401652.88
159000.0,158826.5
140000.0,161709.4
109999.0,203352.38
157500.0,114779.77
55000.0,59711.79
94900.0,109444.42
110000.0,116271.766
128000.0,177310.25
139000.0,103554.3
264900.0,250060.36
120000.0,120744.664
450000.0,787470.1
64000.0,76373.25
140000.0,130214.81
290000.0,274205.16
79500.0,80786.54
205000.0,190773.12
130000.0,115368.68
120000.0,97198.555
74500.0,86964.0
220000.0,321186.16
140000.0,158046.31
760000.0,466176.12
159000.0,182055.12
420000.0,376814.6
99000.0,150818.97
299000.0,312428.7
96600.0,109497.9
360000.0,369837.56
95000.0,151270.64
149900.0,136764.25
105000.0,100935.625
200000.0,241315.97
126500.0,135395.7
58000.0,54206.39
360000.0,449321.66
89000.0,107538.39
144000.0,190250.11
74000.0,81858.24
398000.0,553620.7
49900.0,54135.152
115000.0,156536.42
110000.0,119122.695
98000.0,164499.98
82000.0,99297.086
195000.0,219299.97
280000.0,189240.56
129000.0,103759.06
79900.0,77859.49
330000.0,342846.72
98000.0,100753.81
139000.0,144850.88
235000.0,205734.36
320000.0,433658.44
169000.0,142096.56
110000.0,148247.34
65000.0,83033.63
227400.0,197899.34
425000.0,382157.4
85000.0,80880.14
220000.0,199420.48
1100000.0,999830.8
89000.0,87559.875
108000.0,116494.41
155000.0,146351.56
234500.0,234021.84
269000.0,269232.62
92000.0,102692.61
175000.0,184834.31
134925.0,140336.6
215000.0,216929.97
69500.0,149040.22
55000.0,61677.29
115000.0,102032.36
108000.0,117163.14
590000.0,912601.25
100000.0,84273.83
100000.0,90164.516
46900.0,72294.67
142500.0,106560.414
150450.0,176521.0
169765.0,162148.67
215000.0,221555.62
258000.0,293244.03
151800.0,134934.2
198000.0,172325.22
109900.0,128051.78
181000.0,179179.27
126000.0,111243.91
95000.0,144443.58
122000.0,144840.53
1400000.0,1090179.1
169000.0,146585.38
69900.0,97105.875
114500.0,99855.64
40000.0,44944.38
160000.0,171063.47
290000.0,309613.66
44000.0,61901.445
95000.0,91269.0
138500.0,104562.766
115000.0,81266.87
89000.0,113800.63
300000.0,384402.5
259000.0,243492.48
69000.0,138725.16
235000.0,214001.94
280000.0,294257.88
139000.0,109290.25
850000.0,815197.6
300000.0,346216.9
78000.0,65116.516
88000.0,84863.27
110000.0,119260.07
229500.0,222994.81
119000.0,70899.7
130000.0,168951.81
65000.0,84016.65
180000.0,209778.08
130468.0,152435.73
155000.0,234844.9
100000.0,74697.03
230000.0,304520.75
136200.0,148658.56
84900.0,121102.48
88000.0,94332.75
245000.0,251951.73
425000.0,559802.56
260000.0,374111.75
595000.0,397171.16
400000.0,247091.38
170000.0,134429.28
110000.0,84924.664
160000.0,171314.61
89000.0,103431.53
334000.0,264480.12
185000.0,200116.34
279000.0,456183.28
550000.0,572858.25
350000.0,397503.7
128500.0,133680.61
234000.0,255482.36
125000.0,149768.36
205000.0,240622.61
63166.0,62103.61
179000.0,176521.66
399000.0,315333.47
75000.0,75253.836
125000.0,164137.44
145000.0,125376.78
140000.0,95805.78
115000.0,130528.945
95000.0,91881.59
320000.0,206509.86
170000.0,133144.28
134000.0,160682.94
260000.0,273041.4
200000.0,198418.12
330000.0,346619.6
110000.0,103173.77
79900.0,81793.69
235000.0,202324.33
259000.0,181459.94
87000.0,75080.77
145924.0,166963.05
148000.0,146121.33
215000.0,218526.77
198000.0,179301.36
290000.0,214001.94
99900.0,173690.75
98000.0,97022.34
90000.0,104810.586
105000.0,103614.09
165000.0,248373.52
165000.0,192930.2
165000.0,213208.72
95218.0,100766.766
1365000.0,513221.16
280000.0,304828.62
298000.0,277445.34
199000.0,279364.84
220000.0,170800.92
350000.0,285246.5
115000.0,103554.94
145000.0,233568.6
83700.0,128338.87
145000.0,130404.06
189000.0,152999.7
125000.0,134257.8
82500.0,94065.71
500000.0,402630.06
128000.0,119008.14
165000.0,156526.86
69000.0,110793.26
147500.0,155826.45
105000.0,111236.984
110000.0,195576.02
109200.0,114325.01
118500.0,90068.06
183900.0,206134.88
200000.0,209245.11
130000.0,113163.51
110000.0,114127.33
108000.0,124623.0
100000.0,129918.64
99000.0,146504.94
748000.0,501345.25
85000.0,64739.59
76050.0,79576.44
188500.0,135693.6
80000.0,86334.52
139000.0,149072.69
115000.0,118507.94
165000.0,114176.914
145000.0,148751.98
90000.0,88880.234
60000.0,111280.336
84000.0,78129.695
229800.0,266433.25
79500.0,98471.3
260000.0,226289.64
192000.0,126394.7
69900.0,76209.19
152000.0,151624.27
349000.0,201365.05
49800.0,73815.37
167000.0,325500.8
84000.0,116197.38
256000.0,286516.62
282000.0,360635.34
50000.0,66617.08
180000.0,130235.89
235000.0,301934.62
165000.0,89009.58
63000.0,87761.91
65000.0,61396.418
238000.0,285867.72
170000.0,182271.7
330000.0,201874.81
248000.0,172860.1
64000.0,63691.305
76000.0,87917.59
159000.0,162765.67
795000.0,823663.44
280000.0,397301.84
110000.0,307138.34
181000.0,146655.9
249900.0,243037.47
160000.0,162269.92
110000.0,180422.39
95000.0,134983.12
61500.0,64319.066
149900.0,208881.55
470000.0,685393.56
239000.0,195238.56
118000.0,131446.2
89000.0,108515.78
237800.0,272907.16
143000.0,155339.75
135000.0,144925.38
180000.0,195565.9
380000.0,299338.47
570000.0,511651.56
105000.0,117360.836
180000.0,199144.14
320000.0,396215.9
156000.0,122751.65
109000.0,95251.516
72000.0,100933.71
80000.0,109514.03
245000.0,242237.45
62900.0,88431.17
238000.0,158267.1
85000.0,94873.555
139000.0,245122.02
215000.0,228646.73
239000.0,231689.72
369000.0,473488.12
240000.0,176280.16
185000.0,194208.81
110000.0,105429.73
140000.0,175036.45
60000.0,121522.6
115000.0,88166.234
109900.0,88059.28
280000.0,296810.56
74900.0,110161.76
79800.0,109267.65
125000.0,121674.625
95000.0,129664.45
110925.0,102361.86
72500.0,96713.13
260000.0,245325.27
289000.0,468410.97
240000.0,164423.14
398000.0,441470.12
120000.0,220090.52
135000.0,176142.38
85000.0,92073.24
99900.0,158698.64
230000.0,251687.64
164200.0,237866.55
349000.0,358755.88
93000.0,102588.07
199000.0,192480.6
69000.0,79868.055
88000.0,112326.15
133000.0,103573.54
315000.0,354014.9
75000.0,119734.79
50000.0,55752.414
62000.0,77668.04
110000.0,78464.83
230000.0,263026.75
170000.0,200314.05
270000.0,309377.0
96336.0,103294.04
129000.0,126400.836
75000.0,116656.97
128000.0,110363.22
117869.0,123464.75
130000.0,108835.336
99000.0,114893.19
170000.0,180597.53
420000.0,330879.7
880000.0,416875.25
123000.0,99647.23
460000.0,269911.0
215000.0,192416.34
75000.0,79356.07
55500.0,60091.867
65000.0,94132.195
310000.0,184942.06
398000.0,478263.12
99500.0,86725.72
110000.0,114234.42
79000.0,92765.47
119000.0,119254.734
200000.0,236580.4
310000.0,185783.92
235000.0,260676.4
110000.0,100006.53
349000.0,397460.9
75000.0,62994.867
109000.0,141305.31
158000.0,193665.86
105000.0,158084.12
125000.0,75903.33
175000.0,95952.01
84000.0,84498.74
465000.0,273558.94
93678.0,68806.61
150000.0,155472.34
150000.0,149296.3
75000.0,99630.805
174000.0,139799.86
180000.0,256143.02
73000.0,101822.79
160000.0,216992.5
225000.0,155666.25
165000.0,167792.33
168000.0,239660.16
229500.0,208774.75
120000.0,174299.2
545000.0,608661.56
75000.0,78635.85
155000.0,199326.19
540000.0,377563.06
520000.0,595457.4
420000.0,335693.88
97000.0,93252.32
49500.0,58175.25
106800.0,89351.266
110000.0,115254.62
695000.0,432908.47
300000.0,190801.22
230000.0,184324.33
500000.0,533459.75
349000.0,184730.0
98900.0,77344.78
430000.0,415994.97
250000.0,188798.3
89000.0,73676.516
389900.0,416875.25
750000.0,1063351.0
139000.0,180441.08
175000.0,167786.83
69000.0,77066.4
64000.0,72820.14
184000.0,376337.66
178000.0,178915.9
117000.0,120876.02
78000.0,80235.63
78250.0,89568.34
320000.0,222810.53
110000.0,124888.49
179000.0,203504.56
126000.0,129641.88
105500.0,98074.08
285000.0,384593.66
110000.0,128932.4
238000.0,298761.6
105000.0,119815.586
59900.0,71930.414
199000.0,160703.66
290000.0,117339.07
125000.0,169495.12
80000.0,79472.12
129000.0,108858.78
147000.0,122882.664
201200.0,270431.94
87000.0,91410.79
170000.0,260713.7
193000.0,165693.08
390000.0,366428.78
140000.0,183256.72
250000.0,257058.84
200000.0,186297.39
199000.0,202382.62
176000.0,212919.8
59000.0,75458.414
180000.0,232201.25
210000.0,166366.88
85000.0,57601.88
56900.0,69407.34
95000.0,114559.17
124500.0,154458.11
240000.0,179217.67
148000.0,174510.47
97000.0,141332.86
66000.0,70082.48
259000.0,208827.94
219000.0,242504.36
74550.0,79217.375
110000.0,151844.94
370000.0,463873.94
58000.0,68067.64
210000.0,173380.55
128000.0,106003.234
250000.0,246941.31
170000.0,257234.73
352000.0,326987.12
51500.0,72489.305
128900.0,148414.62
189000.0,197903.1
69000.0,83502.54
130000.0,148736.97
235000.0,300906.4
80000.0,101531.29
100600.0,119950.34
185000.0,256191.27
48900.0,56969.066
144900.0,164619.83
58000.0,208537.84
446556.0,428977.47
98500.0,114640.77
200000.0,179717.31
395000.0,590837.1
95000.0,137766.53
144000.0,246966.17
229000.0,291350.94
85000.0,144134.64
79000.0,100696.68
198000.0,186818.12
140000.0,349206.8
289000.0,260007.22
245000.0,169587.4
105000.0,125256.57
154900.0,144721.5
160000.0,128304.82
189000.0,157695.84
220000.0,243067.81
285000.0,354838.84
89000.0,79535.875
82000.0,90018.1
125000.0,101190.71
550000.0,456794.2
360000.0,314357.53
120000.0,234609.86
220000.0,174360.67
170000.0,164934.88
85000.0,124016.914
80000.0,68731.57
69000.0,117856.195
219000.0,209877.42
65000.0,69151.49
350000.0,294502.3
100000.0,131148.45
89000.0,75036.87
77000.0,93273.24
218000.0,180369.83
64000.0,67727.3
275000.0,242031.78
99000.0,89480.56
330000.0,153139.44
315000.0,231131.92
495000.0,346845.47
160000.0,171683.36
180000.0,165350.27
150000.0,161878.81
105600.0,89351.97
107000.0,103543.88
330000.0,316754.34
105000.0,225986.0
420000.0,334886.47
112000.0,139023.9
229000.0,343982.0
99000.0,108882.734
220000.0,315826.06
730000.0,857688.75
90000.0,80129.695
83766.0,129207.04
79500.0,98471.3
145000.0,172267.16
210000.0,193650.06
110000.0,124867.62
55000.0,68652.17
105000.0,110961.04
157000.0,179610.53
120000.0,103420.58
79000.0,105632.59
118000.0,113819.4
139000.0,164859.28
69000.0,78344.5
539000.0,341492.56
182000.0,196628.77
87000.0,152286.0
83000.0,91959.53
120000.0,90058.5
163000.0,147755.53
262000.0,169348.67
350000.0,317652.5
159000.0,162638.3
598000.0,450664.16
151000.0,118762.95
188000.0,205668.58
670000.0,384750.0
410000.0,363871.0
360000.0,222588.78
98000.0,130129.195
299000.0,197301.88
115000.0,117728.875
114500.0,97442.96
1150000.0,1148603.9
99000.0,106532.92
115000.0,144563.1
670000.0,919349.6
179000.0,144673.84
219000.0,254998.75
176726.0,169279.56
169000.0,183645.06
99000.0,110967.3
72000.0,60114.17
105000.0,136324.16
290000.0,375976.34
47000.0,70279.44
85000.0,51945.324
119000.0,215936.1
147000.0,163515.77
160000.0,177860.38
76000.0,52772.133
132000.0,102750.67
170000.0,161759.44
129000.0,201815.8
290000.0,182121.52
99500.0,89965.29
85000.0,105904.91
95000.0,80184.016
115000.0,79290.3
115000.0,119552.836
122000.0,182722.8
245000.0,195072.77
105000.0,81784.28
112500.0,122431.92
85000.0,112498.81
260000.0,225857.77
188000.0,200006.38
240000.0,282132.9
140000.0,138698.5
146188.0,132455.48
230000.0,275670.16
130000.0,132337.53
139500.0,128790.055
230000.0,254502.31
164000.0,167890.88
72000.0,77793.05
215000.0,170442.27
100000.0,140109.61
93000.0,123554.9
99999.0,134749.9
345000.0,450970.62
140000.0,151290.83
340000.0,336594.84
155000.0,310903.9
395000.0,562422.44
550000.0,553398.0
120000.0,108626.28
250000.0,454386.1
89000.0,125148.61
83000.0,81647.15
170000.0,198345.25
110000.0,138513.23
73000.0,88652.836
200000.0,215887.97
450000.0,359151.97
199000.0,179001.52
159000.0,153109.28
175000.0,216966.61
99000.0,101153.41
235000.0,258635.81
110000.0,118230.336
160000.0,209649.12
250000.0,212772.4
200000.0,194316.5
69900.0,99878.58
295000.0,237230.14
155000.0,130596.63
70000.0,101208.39
137500.0,175281.27
129000.0,148899.75
89000.0,146118.92
359000.0,254268.75
275000.0,252629.0
150000.0,207088.3
56000.0,60102.91
133219.0,140413.77
66000.0,107510.05
85000.0,133164.64
127000.0,130625.22
79628.0,60383.773
78000.0,67606.22
175000.0,213067.56
586600.0,455028.62
76700.0,94369.13
110000.0,120885.516
156000.0,189402.58
175000.0,199561.1
120000.0,112117.72
78000.0,89480.56
385000.0,577155.06
128000.0,89416.55
72000.0,101076.07
249000.0,528054.75
78000.0,97764.984
155000.0,172306.08
124287.0,144800.17
158700.0,109330.21
79000.0,71479.414
95000.0,86048.805
160000.0,162269.92
93500.0,111764.77
75000.0,85258.54
235000.0,305160.72
245000.0,185838.86
135000.0,134536.9
115000.0,86267.64
195000.0,282251.16
79000.0,86146.33
560000.0,530089.6
169500.0,130293.46
189000.0,120977.98
145000.0,125625.07
165000.0,138361.66
225000.0,201125.14
195000.0,161947.8
160000.0,182104.11
105000.0,112044.44
79900.0,102938.16
390000.0,373782.2
120000.0,203449.69
97900.0,108370.88
333000.0,308573.8
159000.0,237814.3
850000.0,571811.0
119000.0,142278.08
134000.0,127922.14
183000.0,169552.03
405000.0,322380.8
69000.0,77159.59
140000.0,178646.19
145000.0,166765.25
120000.0,132298.56
160000.0,153282.0
65000.0,82490.555
89900.0,119630.055
171800.0,129745.414
120000.0,148347.94
165000.0,504101.6
318437.0,371627.9
490000.0,468027.2
79500.0,78821.89
89000.0,109167.484
65000.0,66083.414
75000.0,81262.59
567000.0,618506.2
1100000.0,781207.94
107000.0,80662.55
178000.0,157386.95
125000.0,160183.83
178000.0,186717.72
129500.0,89679.62
595000.0,393385.84
235000.0,261823.86
190000.0,182191.95
176000.0,139243.47
248000.0,330742.75
176000.0,233259.08
310000.0,287983.38
99999.0,110487.98
89000.0,90590.16
147900.0,132343.02
109000.0,114380.195
265000.0,258422.03
250000.0,199006.52
72000.0,80209.41
76000.0,70528.23
179000.0,154947.22
212000.0,269860.2
119000.0,215209.27
217748.0,176627.19
80000.0,66959.59
518000.0,450168.2
129000.0,145276.62
115000.0,103321.32
133000.0,166962.58
134000.0,76134.305
110000.0,114514.17
160000.0,182055.12
70000.0,89245.94
82600.0,120558.89
159580.0,188886.86
125000.0,131633.81
295000.0,648585.75
150000.0,131903.45
97200.0,118091.81
220000.0,307881.25
315000.0,376308.25
75000.0,116289.26
95000.0,133276.86
210000.0,263229.56
226000.0,244981.95
130000.0,193436.53
58000.0,74137.51
208000.0,172993.42
169000.0,156119.77
138000.0,160561.39
61000.0,74561.46
800000.0,543722.75
130000.0,240887.22
535000.0,500420.8
175000.0,150663.02
110000.0,158084.12
168000.0,231370.72
120000.0,98366.734
150000.0,251916.8
260000.0,338241.34
130000.0,106166.99
145000.0,143246.52
78000.0,120331.63
175000.0,181130.53
250000.0,215530.86
175000.0,162562.83
170000.0,106470.17
165000.0,151748.03
75000.0,105764.39
145000.0,158133.84
179900.0,256663.45
60000.0,91398.695
335000.0,506397.9
605000.0,402008.72
73000.0,77821.81
249000.0,165125.27
110000.0,104187.586
85000.0,70126.95
85000.0,141766.84
57000.0,46665.23
135000.0,125778.586
225000.0,286373.78
145000.0,160431.81
105000.0,89395.8
850000.0,571811.0
122000.0,98677.93
80000.0,110585.37
142000.0,117522.54
790000.0,629203.25
140000.0,133941.11
225000.0,292267.06
139000.0,179301.36
75000.0,92002.22
75000.0,55200.61
42000.0,51403.613
158000.0,118762.95
150000.0,148937.7
550000.0,689617.75
395000.0,372044.0
495000.0,613725.3
130000.0,106098.3
300000.0,377742.22
42000.0,71207.52
198500.0,224007.9
112000.0,149312.33
49900.0,63779.504
55000.0,66060.125
420000.0,532017.75
435000.0,549719.7
112000.0,131429.8
129500.0,100383.26
50000.0,60735.926
241600.0,256519.28
225000.0,202251.03
115000.0,111241.586
390000.0,444108.84
260000.0,195819.08
109000.0,137839.62
129600.0,154040.97
35000.0,52321.004
74000.0,72604.78
165000.0,247629.0
95000.0,147051.25
310000.0,257514.83
88000.0,82478.734
50000.0,65404.8
215000.0,155695.78
110000.0,92727.01
185000.0,151055.3
155000.0,162134.97
80000.0,81168.99
123000.0,83990.68
105000.0,91617.41
128000.0,124219.055
112000.0,120452.57
420000.0,426964.78
89900.0,74304.83
109000.0,167723.55
85000.0,100032.19
64000.0,64446.496
62000.0,50060.344
381885.0,374045.56
150000.0,248655.05
220000.0,194886.34
140000.0,128704.8
131000.0,127690.44
62000.0,76134.4
400000.0,372576.4
239000.0,179152.75
75000.0,64302.03
135000.0,126746.03
80500.0,59090.273
195000.0,159554.52
180000.0,187793.33
90000.0,105356.81
85000.0,76596.82
78000.0,78347.164
78000.0,74193.44
120000.0,138066.98
65000.0,78338.125
989000.0,118465.62
75000.0,80054.64
99000.0,103861.3
120000.0,90851.195
69000.0,71040.44
345000.0,559862.0
79679.0,96500.84
320000.0,260329.92
45000.0,39582.637
219999.0,194113.44
250000.0,202743.95
147000.0,127598.02
52000.0,53645.52
79000.0,94682.016
250000.0,502970.94
53000.0,59635.82
155000.0,120828.09
130000.0,102035.51
79900.0,88784.01
85200.0,91960.49
109900.0,113047.08
128000.0,164780.1
145000.0,141506.34
115000.0,152417.33
130000.0,307852.28
235000.0,224763.83
69900.0,75978.95
59500.0,66644.67
450000.0,458870.53
90000.0,105356.81
125000.0,137535.45
135000.0,155300.19
110000.0,103148.11
672000.0,548515.5
92950.0,111846.914
139000.0,142153.86
105000.0,98527.68
250000.0,200794.53
224500.0,148868.98
675000.0,841444.7
205000.0,170255.45
165000.0,159290.08
70000.0,58759.793
160000.0,183503.75
145000.0,330500.34
115000.0,140091.27
85000.0,85722.46
398000.0,387025.72
110000.0,140469.52
142000.0,159169.02
99000.0,102734.02
590000.0,389101.28
185000.0,143610.39
355000.0,352301.56
75000.0,67667.89
130000.0,113162.98
79900.0,105371.9
89000.0,83386.836
780000.0,628681.06
127000.0,112183.39
75000.0,94587.414
120000.0,134363.88
1250000.0,751355.44
90000.0,133574.8
70000.0,79629.98
130000.0,109481.76
187000.0,134525.69
55000.0,46710.09
190000.0,192947.16
188148.0,193851.95
250000.0,197650.97
95000.0,101175.36
140000.0,138629.38
425000.0,573989.0
125000.0,83382.04
85000.0,85472.555
45000.0,47625.72
190000.0,237743.9
125000.0,117036.305
120000.0,180391.88
235000.0,180676.88
145000.0,142264.53
98000.0,120126.03
102000.0,102210.875
59000.0,72740.27
149000.0,144848.86
215000.0,162994.92
218000.0,243978.14
110000.0,115376.375
140000.0,185922.11
139000.0,174445.88
195000.0,105436.695
173000.0,134525.69
286000.0,382065.8
69000.0,91256.945
257000.0,310933.62
135000.0,227709.03
140000.0,99146.36
255000.0,269718.94
530000.0,512624.28
345000.0,338970.12
310000.0,295482.25
130000.0,115530.99
88000.0,90800.15
350000.0,346476.6
135000.0,156870.61
200000.0,256581.78
235000.0,362399.62
95000.0,114425.92
79500.0,110179.46
230000.0,233835.94
148500.0,133518.73
78000.0,97715.88
85000.0,93004.5
112000.0,121285.13
75000.0,62578.902
139000.0,176953.73
258030.0,323914.6
52500.0,125956.72
125000.0,130625.22
215000.0,200907.95
91644.0,99056.055
220000.0,239618.03
135000.0,137003.16
45000.0,61089.074
70950.0,80379.06
420000.0,497565.3
37356.0,138670.22
90000.0,88960.72
79000.0,111091.42
118000.0,122208.1
89000.0,156790.7
52000.0,82964.74
119000.0,99366.52
122000.0,133189.9
99000.0,98604.83
113000.0,119438.375
130000.0,218081.17
179000.0,131065.83
395000.0,449748.0
89900.0,110476.94
420000.0,381534.97
89900.0,61262.848
79900.0,89005.62
104900.0,131512.42
348000.0,225200.97
340000.0,374904.2
199000.0,169094.2
285000.0,573302.2
139000.0,190791.69
100000.0,168928.69
110000.0,86245.625
70000.0,121392.305
980000.0,1037204.1
96530.0,74302.87
105000.0,93641.13
115000.0,123081.49
650000.0,749040.1
219000.0,207338.38
420000.0,492520.25
80900.0,89462.88
62000.0,68522.94
120000.0,100063.5
825000.0,806345.8
400000.0,366269.97
249900.0,196810.78
135000.0,181752.83
249500.0,237999.06
287000.0,208893.92
199000.0,218589.97
210000.0,164758.95
80000.0,84178.234
175000.0,222311.05
79900.0,74339.25
170000.0,125876.89
129000.0,122368.914
109000.0,156733.56
79000.0,98360.72
175000.0,164839.03
229900.0,170112.25
140000.0,169611.44
279900.0,204834.06
80000.0,109297.88
332000.0,322137.22
108000.0,106599.016
230000.0,230067.48
189000.0,229375.64
229000.0,276327.2
193000.0,136453.9
108000.0,103543.88
240000.0,222654.88
155000.0,208903.2
115000.0,114017.91
165000.0,213208.72
85000.0,77499.586
159000.0,194490.9
590000.0,495052.5
125000.0,114209.57
470000.0,351360.38
175000.0,184864.5
209900.0,142923.62
79942.0,123394.016
108000.0,89795.05
400000.0,230570.08
108000.0,109800.58
163000.0,218204.44
98000.0,136264.53
53000.0,75563.12
148000.0,78035.98
360000.0,326541.6
75000.0,107386.41
198400.0,267934.78
183000.0,138172.06
129500.0,194879.95
149000.0,150096.94
120000.0,124878.836
59000.0,78006.04
125000.0,108728.164
320000.0,291794.94
147000.0,214782.33
780000.0,647639.0
160000.0,201215.17
79268.0,244319.5
290000.0,172217.62
99000.0,145476.14
238000.0,212000.33
87900.0,109747.805
250000.0,244218.44
110000.0,91802.23
77000.0,78225.34
129000.0,92592.02
119000.0,108743.766
183000.0,163346.75
99000.0,114928.28
79800.0,57293.496
125000.0,106636.82
460000.0,552032.94
64000.0,105966.82
240000.0,202806.56
95000.0,79455.9
97815.0,134316.16
100000.0,80801.555
85000.0,91386.25
280000.0,273041.4
148000.0,241891.14
128000.0,117004.19
62000.0,88638.43
198000.0,245432.9
139000.0,139484.42
65000.0,78411.44
105000.0,106047.31
1100000.0,883438.6
109000.0,116772.33
230000.0,189757.84
61200.0,86026.62
450000.0,471586.4
359000.0,330318.88
52000.0,68397.305
115000.0,101175.36
100000.0,139569.61
595000.0,466011.94
109900.0,101905.23
83000.0,143492.27
93000.0,117607.01
620000.0,528109.1
131000.0,125948.42
63500.0,82883.71
130000.0,161964.03
250000.0,263531.47
990000.0,948829.44
59000.0,76123.086
139000.0,107792.78
58000.0,70093.07
86800.0,115818.71
149000.0,173145.7
150000.0,160283.84
115000.0,82084.01
79500.0,97027.88
120000.0,99095.56
160000.0,153160.47
74500.0,68439.49
630000.0,478353.2
82000.0,209143.7
70000.0,86984.055
103000.0,122793.766
115000.0,150445.89
128000.0,115116.08
120000.0,97226.14
395000.0,404958.0
270000.0,245438.36
58100.0,73865.36
280000.0,260913.42
239000.0,241823.88
280000.0,400625.1
149900.0,171828.11
110000.0,114325.01
135000.0,120031.13
175000.0,142002.5
146000.0,185346.27
1300000.0,1059667.5
69000.0,59146.766
98000.0,80986.01
212083.0,203704.81
77000.0,83386.83
213000.0,178870.58
65000.0,70338.984
349900.0,338644.03
73200.0,85635.414
130000.0,140660.5
93000.0,97660.2
155000.0,135810.08
116000.0,59316.29
450000.0,458695.06
110000.0,84024.336
124900.0,78552.48
120000.0,172767.3
116876.0,143073.48
215000.0,155882.38
139900.0,178686.05
74900.0,67186.33
155000.0,146080.66
66500.0,86482.91
186000.0,163797.34
105000.0,93832.43
120000.0,172373.47
120000.0,117948.67
380000.0,280441.84
65000.0,114511.67
160000.0,134599.06
229000.0,217405.62
95000.0,73640.83
229000.0,280652.88
108000.0,116375.914
85000.0,88588.35
175000.0,183570.73
77000.0,64631.227
69000.0,67523.01
187000.0,181024.23
85000.0,104565.086
210000.0,323281.66
240000.0,232617.66
129900.0,115530.016
125000.0,111613.29
340000.0,288777.78
1150000.0,1032580.06
200000.0,183834.7
251100.0,209333.9
139000.0,131124.19
82000.0,153188.58
160000.0,236779.39
149900.0,189868.11
110000.0,91861.87
105000.0,108379.375
400000.0,432849.22
79000.0,74095.28
83000.0,78895.945
288900.0,227579.1
109000.0,141305.31
85000.0,96551.164
440000.0,387514.1
160000.0,149431.08
395000.0,452010.94
430000.0,144733.83
34980.0,70604.695
350000.0,535377.56
340000.0,323834.03
179000.0,159122.11
278000.0,202895.45
130000.0,151448.98
52000.0,66262.86
235000.0,270052.03
155000.0,135425.98
65000.0,61731.312
139000.0,149003.75
57000.0,65723.445
353800.0,316642.9
340000.0,327970.47
305000.0,376308.25
145000.0,133563.28
135000.0,141939.47
170000.0,129238.664
149000.0,198330.56
49000.0,173637.62
140000.0,115326.27
90000.0,78684.67
425000.0,532284.0
165000.0,183192.78
225000.0,188324.2
389000.0,257169.1
410000.0,324775.1
115000.0,182686.78
175000.0,166480.52
210000.0,182860.83
270000.0,259912.73
780000.0,976713.94
75000.0,79600.12
79000.0,138075.22
650000.0,671837.9
62000.0,74853.22
190000.0,157664.39
99000.0,110041.484
114500.0,154870.56
990000.0,1000565.2
104900.0,135957.28
290000.0,296113.56
110000.0,133124.45
129000.0,125384.68
129000.0,159299.14
139800.0,186001.14
790000.0,623769.56
225000.0,307376.28
82000.0,96786.44
1090000.0,1100479.5
140000.0,131325.11
63000.0,109264.46
165000.0,121625.266
580000.0,376544.7
72000.0,71362.445
115000.0,111672.945
55000.0,111974.96
69000.0,104891.81
62000.0,61831.926
210000.0,158254.06
65000.0,61221.83
110000.0,109197.95
112000.0,118390.336
200000.0,218952.34
98000.0,118387.64
150000.0,126159.24
63000.0,72448.8
115000.0,82974.68
280000.0,293944.34
160000.0,194538.88
98000.0,133571.86
260000.0,254837.56
280000.0,325840.3
250000.0,261004.2
46000.0,46625.53
595000.0,528827.06
80000.0,72409.36
136000.0,136365.9
190000.0,246322.03
495000.0,458568.4
47500.0,75839.695
92000.0,95522.055
225000.0,174503.39
175000.0,146084.53
90000.0,93644.96
175000.0,117086.61
66000.0,62588.426
65000.0,69347.06
119000.0,140293.55
680000.0,896638.7
120000.0,105014.78
139900.0,120839.95
75000.0,106766.53
450000.0,613439.5
65000.0,114877.875
150000.0,121181.516
120000.0,117203.2
295000.0,304992.94
55000.0,75648.516
132000.0,140370.53
68000.0,87489.82
69500.0,76008.805
475000.0,621162.7
98000.0,87395.1
499000.0,511470.1
599000.0,623200.8
90000.0,122875.77
119000.0,145272.42
140000.0,137465.4
1290000.0,403397.88
147000.0,171424.62
67000.0,75124.49
125000.0,120148.35
83000.0,90279.72
330000.0,281139.84
189700.0,224575.3
103000.0,104753.55
82000.0,107210.18
139900.0,175198.81
290000.0,214858.0
162000.0,177318.5
155000.0,141455.05
74900.0,89480.56
85000.0,87188.24
108000.0,122003.336
89990.0,78566.9
449000.0,404068.1
59000.0,55041.45
1250000.0,1030165.75
205000.0,313483.3
135000.0,118090.75
132000.0,161558.48
76000.0,103607.586
73000.0,50911.227
298000.0,393782.22
740000.0,471200.5
359000.0,335369.06
185000.0,141981.52
209900.0,176512.58
185000.0,234773.75
255000.0,221827.66
159000.0,152371.22
185000.0,189951.06
110000.0,114848.58
530000.0,544859.94
470000.0,350152.75
220000.0,250735.95
137280.0,118669.086
225000.0,201125.14
440000.0,512210.03
230000.0,188393.25
71500.0,79775.93
188000.0,137777.2
180000.0,183192.78
421000.0,537551.94
55000.0,73865.484
160000.0,89266.08
99000.0,104622.234
150000.0,164420.27
159000.0,147241.14
165000.0,208613.97
150000.0,109133.34
225000.0,248159.17
195000.0,210795.77
340000.0,407186.44
130000.0,129061.87
73000.0,85554.664
135000.0,155094.02
67500.0,64436.336
103931.0,119328.68
590000.0,719049.06
64900.0,81537.39
288000.0,274645.47
45000.0,46205.56
146000.0,199879.92
1000000.0,1007175.2
72000.0,66960.49
85000.0,106121.63
187000.0,188397.1
358150.0,275884.4
175000.0,125313.81
174000.0,283153.53
89000.0,90749.16
127000.0,148005.52
130000.0,138765.05
860000.0,1003998.94
73000.0,116490.0
79900.0,84954.81
74000.0,78157.19
155000.0,187656.98
137000.0,156507.56
125000.0,110403.54
280000.0,384349.16
119000.0,137269.48
448000.0,529590.9
149000.0,166203.52
275000.0,262022.22
199000.0,127245.65
34000.0,46782.41
85000.0,87811.56
900000.0,854221.94
48000.0,36529.05
160000.0,186897.55
340000.0,271693.84
700000.0,584915.06
760000.0,917915.3
148000.0,198683.75
195000.0,261214.02
384900.0,340621.53
271000.0,300705.0
790000.0,1034435.6
34980.0,68829.266
70078.0,73138.33
89900.0,90811.91
140000.0,142511.38
373000.0,362134.0
230000.0,156299.83
94000.0,84863.27
75000.0,101116.93
100000.0,138178.5
109900.0,123487.07
440000.0,323865.0
163000.0,144870.92
168000.0,142825.56
122000.0,161755.97
76700.0,101308.125
109000.0,116087.43
139501.0,153328.12
82000.0,93612.54
380000.0,280516.3
115000.0,87649.41
365000.0,237255.89
184000.0,189170.5
100000.0,128847.72
134000.0,151503.77
108000.0,130464.72
234000.0,180278.31
339000.0,203998.69
220000.0,149481.39
129500.0,94426.65
105000.0,126721.09
190000.0,209768.47
59900.0,72636.75
79000.0,73594.25
95000.0,117625.03
270036.0,471856.47
920000.0,937922.94
149000.0,152709.62
315000.0,238726.84
228000.0,305115.1
166400.0,127800.75
260000.0,331414.44
205000.0,230098.5
195000.0,197454.9
171800.0,129745.414
380000.0,248871.69
250000.0,232206.27
63000.0,67874.48
125000.0,107992.53
143000.0,119146.09
80000.0,72673.484
100000.0,136819.22
130000.0,164590.14
98000.0,84476.27
92000.0,60333.113
77000.0,105945.5
68500.0,83516.97
330000.0,359151.97
103000.0,82818.38
350000.0,274700.84
193000.0,134525.69
75000.0,67967.55
95000.0,79858.84
194000.0,177459.98
79000.0,80275.47
79000.0,78833.22
93000.0,80829.4
199000.0,218417.48
79000.0,104627.94
170000.0,173716.66
295000.0,235323.17
175000.0,162159.08
176159.0,157516.56
249000.0,244151.98
89500.0,118387.64
770000.0,577926.44
134000.0,111885.51
105000.0,156472.9
105000.0,102676.33
90000.0,93377.016
279000.0,245139.5
139000.0,140927.88
65000.0,76961.9
160000.0,134590.28
155000.0,133012.42
73000.0,144333.38
178000.0,125621.25
155000.0,136453.9
89000.0,92285.48
85000.0,186119.61
124000.0,120523.734
110000.0,96910.875
205000.0,201815.8
172000.0,222969.02
75000.0,101792.67
720000.0,696262.2
240000.0,259280.34
178000.0,253332.62
90000.0,86156.52
440000.0,355663.53
265000.0,224396.47
210000.0,201117.7
149000.0,152389.62
64000.0,129464.734
119000.0,125907.14
219000.0,337354.47
90000.0,75732.37
125000.0,99351.99
108000.0,133512.73
144000.0,194742.7
1148000.0,1245738.0
75000.0,74059.73
219000.0,254878.72
205000.0,183408.02
97750.0,121745.445
110000.0,115994.03
400000.0,269526.66
79000.0,72408.5
100000.0,98778.87
90000.0,106793.555
130000.0,115032.945
95000.0,97925.75
630000.0,590803.44
71000.0,98500.3
249000.0,270642.28
115000.0,135010.19
1400000.0,1163948.0
220000.0,256818.47
190000.0,152621.98
500000.0,305558.34
770000.0,617239.7
345000.0,248908.75
350000.0,439481.94
182000.0,243395.47
289000.0,262842.28
195000.0,184023.77
128000.0,108097.54
105000.0,116495.02
125000.0,109586.78
125000.0,153384.23
339999.0,238457.64
119000.0,237360.16
89000.0,111989.63
199000.0,314337.38
69000.0,72456.35
135000.0,212349.03
93000.0,134251.6
315000.0,351991.72
350000.0,316520.97
575000.0,471200.5
570000.0,373728.25
74000.0,73770.51
1350000.0,617115.7
240000.0,207022.94
72000.0,74727.3
650000.0,537293.44
39700.0,35079.605
80000.0,93134.914
135000.0,136559.72
212000.0,172860.1
147500.0,153356.8
170000.0,213184.11
125000.0,160139.31
255000.0,345437.78
144900.0,103038.97
270000.0,198879.66
245000.0,170299.16
69000.0,85106.71
134000.0,141125.34
88000.0,84598.75
650000.0,667764.56
210000.0,298220.16
132000.0,115517.67
170000.0,137013.2
220000.0,288348.62
500000.0,297110.16
186533.0,166691.17
63000.0,69747.07
56000.0,69452.31
195000.0,340460.1
110000.0,119068.08
84000.0,98753.74
48500.0,71975.805
215000.0,269718.94
350000.0,530452.8
78534.0,104956.34
209299.0,184909.53
230000.0,188519.5
62990.0,43944.24
100000.0,100162.76
400000.0,406687.28
130000.0,134091.53
265000.0,195453.67
445000.0,303590.4
320000.0,259195.97
147500.0,119146.09
375000.0,476472.6
470000.0,406164.7
490000.0,378308.97
1100000.0,968915.25
119900.0,108734.664
60000.0,64858.73
169000.0,130291.35
195000.0,230127.64
629000.0,678677.1
95000.0,79255.72
380000.0,271403.22
179900.0,158228.05
120000.0,148781.03
69000.0,73947.055
85000.0,103248.484
146000.0,130541.625
330000.0,206509.44
300000.0,200445.44
200000.0,188469.69
93000.0,81540.93
240000.0,136945.39
159000.0,154170.56
125000.0,95813.58
265000.0,322201.3
73000.0,66739.89
279900.0,234673.98
212000.0,269860.2
92000.0,92444.15
180000.0,198423.89
105879.0,78457.16
82000.0,83330.76
45000.0,46483.21
120000.0,112535.914
230000.0,230187.9
435000.0,376755.9
85000.0,105082.99
125000.0,137243.33
85000.0,106293.54
330000.0,341932.94
75500.0,107160.91
120000.0,174868.1
145000.0,137604.83
53000.0,61497.875
199000.0,171195.17
131900.0,109971.836
115000.0,132110.4
175000.0,171767.1
66000.0,89529.66
139100.0,153328.12
285000.0,368404.22
510000.0,516907.72
175000.0,228217.11
109900.0,94197.64
172000.0,169669.53
156000.0,154117.88
475000.0,514092.8
78000.0,75488.15
110000.0,96089.58
186000.0,232682.81
170000.0,163087.11
97970.0,122774.98
680000.0,675034.5
98000.0,135713.55
630000.0,592424.4
79000.0,103304.15
118000.0,172580.61
84800.0,66293.91
150000.0,191695.0
1065000.0,981145.75
82500.0,63691.305
125000.0,128862.92
295000.0,260367.39
122500.0,123148.516
208000.0,175156.89
160000.0,205455.61
315000.0,234846.69
470000.0,350152.75
99000.0,88307.234
85000.0,108319.8
650000.0,489797.28
190000.0,147349.45
448800.0,348021.66
55000.0,60939.035
200000.0,156244.62
430000.0,421523.4
260000.0,267665.2
120000.0,123214.695
189000.0,207274.98
79000.0,66739.89
228000.0,230896.53
289000.0,233274.84
99000.0,98058.43
570000.0,511811.22
115000.0,105534.164
84500.0,75906.98
160000.0,164374.56
92000.0,79847.12
62000.0,169933.8
126000.0,122563.73
109000.0,89551.94
77900.0,75926.71
110000.0,114464.516
165000.0,177888.31
75050.0,78412.52
277300.0,276315.78
74900.0,94435.45
125000.0,108516.945
470000.0,360482.03
265000.0,187903.92
154000.0,147451.17
93000.0,113553.99
1300000.0,952742.06
105000.0,117828.375
220000.0,212724.72
77900.0,120619.96
159000.0,123019.96
102000.0,172730.4
99000.0,100843.71
70000.0,72994.375
208000.0,224847.8
1100000.0,1055403.5
1000000.0,815126.75
115000.0,118743.22
173000.0,199721.83
245000.0,197712.38
390000.0,486335.53
125000.0,177814.31
139900.0,109183.12
950000.0,620151.9
105000.0,83681.75
89500.0,89697.555
59000.0,84134.984
179000.0,231426.33
359990.0,352655.84
145000.0,208635.84
129000.0,201366.44
79000.0,82621.65
110000.0,114936.18
298000.0,377664.53
349000.0,531409.0
360000.0,447827.06
320000.0,449348.78
85500.0,95405.72
160000.0,116020.72
290000.0,275595.88
83000.0,90763.72
145000.0,219456.53
299000.0,306066.72
80000.0,89814.5
239000.0,191649.45
104900.0,114158.516
300000.0,208923.02
110000.0,108476.88
290000.0,311267.4
355000.0,409559.3
110000.0,94504.96
160000.0,190354.72
339000.0,374564.84
75000.0,74681.625
79000.0,99270.18
130000.0,130766.74
73500.0,68401.06
700000.0,312504.28
58000.0,78123.76
43000.0,48328.1
139000.0,127029.15
109000.0,129093.945
90000.0,90553.87
146870.0,159975.55
105000.0,101247.89
149000.0,113222.164
270000.0,495705.28
43800.0,42229.934
750000.0,854032.3
105000.0,158734.97
160000.0,138588.6
112000.0,79659.09
139000.0,118169.58
236500.0,264363.44
124000.0,155133.12
60000.0,65640.06
170000.0,153525.8
590000.0,753280.4
155000.0,121627.04
92900.0,96843.29
110000.0,69282.18
43000.0,50829.457
69000.0,108878.92
164900.0,123948.35
130000.0,151221.14
199000.0,154116.8
179000.0,191082.11
350000.0,310408.22
85000.0,84706.73
119000.0,97717.195
182000.0,127116.86
169500.0,260928.4
150000.0,167441.92
50000.0,54089.043
74500.0,73475.73
539000.0,428479.06
749000.0,523559.53
68000.0,54086.715
98000.0,124088.586
33500.0,46212.95
92000.0,100935.055
92000.0,86878.88
265000.0,294422.3
560000.0,321281.16
90000.0,96858.05
137000.0,92848.44
99900.0,131688.42
125000.0,208589.58
70000.0,115852.07
380000.0,383998.38
118000.0,93085.25
375000.0,397322.8
138000.0,136612.58
130000.0,121515.68
76900.0,75045.62
119000.0,148572.03
169000.0,148896.4
78000.0,116862.055
140000.0,147085.9
415000.0,366396.44
66700.0,70604.31
90000.0,77132.4
175000.0,132184.19
63000.0,103208.234
130000.0,64078.918
245000.0,198242.66
185000.0,167448.38
290000.0,301028.97
265000.0,169533.23
165000.0,203233.3
102000.0,110173.59
205000.0,176641.92
164990.0,191442.81
80000.0,111548.36
69000.0,67682.99
85000.0,114715.61
45000.0,83606.97
115000.0,97055.59
390000.0,258982.27
101000.0,131599.11
150000.0,210527.3
84900.0,74674.23
970000.0,445396.6
116000.0,109285.6
168000.0,193550.33
69000.0,110141.2
370000.0,357516.47
58000.0,77227.8
375000.0,252183.16
249000.0,315416.9
120000.0,178221.2
218000.0,211931.64
200000.0,167869.55
140300.0,142822.9
83000.0,81647.15
90000.0,71812.766
70000.0,85054.88
75400.0,81494.64
76000.0,99629.0
237000.0,140834.3
250000.0,226258.42
74000.0,69792.34
105000.0,102647.67
102000.0,167571.94
95000.0,106050.72
80000.0,69132.11
88000.0,96475.22
108000.0,126828.45
130000.0,167414.61
189000.0,145839.27
116000.0,240536.42
139000.0,106201.89
198000.0,211370.86
70000.0,69284.99
126000.0,116545.45
190000.0,163517.94
97000.0,104178.484
115000.0,98558.18
91000.0,114471.86
950000.0,523806.4
210000.0,207678.84
68000.0,76569.68
350000.0,434410.88
93000.0,81797.555
500000.0,446376.25
750000.0,742017.94
70000.0,85987.57
75000.0,108400.44
190000.0,150889.4
1150000.0,964505.8
169000.0,248334.88
108000.0,118360.21
138000.0,103265.766
47000.0,128124.07
75000.0,114520.625
565000.0,364199.78
75000.0,80567.99
225000.0,211416.88
135000.0,119203.72
71000.0,69723.21
68900.0,67780.41
58000.0,74615.37
175000.0,147718.67
158000.0,172766.06
240000.0,241893.14
189000.0,262472.78
89500.0,93516.17
270000.0,186842.8
85000.0,73549.34
145000.0,148901.47
195000.0,195492.67
275000.0,200164.67
180000.0,138163.39
70000.0,49756.688
225000.0,240305.12
145000.0,152916.48
300000.0,229961.06
62000.0,74798.32
75000.0,80659.48
169000.0,141878.8
80000.0,124769.06
245000.0,293171.25
192000.0,146111.58
99900.0,108248.02
195000.0,215509.31
87000.0,88327.15
208000.0,205208.7
165000.0,143655.94
62000.0,60032.473
340000.0,343456.1
199000.0,196529.66
142500.0,339164.78
62500.0,63105.113
290000.0,306619.9
100000.0,95132.42
110000.0,82134.67
290000.0,375582.94
69000.0,80042.04
110158.0,133619.38
298000.0,253361.61
94000.0,114503.086
187000.0,195104.64
368000.0,302514.28
520000.0,577697.8
160000.0,234404.4
145000.0,164552.34
433300.0,755237.44
140000.0,156081.19
545000.0,536900.4
750000.0,769182.5
99900.0,73770.695
128000.0,141788.8
57900.0,50464.383
99990.0,101856.625
132700.0,128363.44
299000.0,231989.72
124864.0,156346.44
170000.0,176140.16
120000.0,104818.59
812000.0,429498.6
180000.0,241130.5
95000.0,109002.69
95000.0,129449.88
155000.0,226335.94
40000.0,54639.184
115000.0,94653.12
65000.0,64644.246
205000.0,195473.0
78000.0,108438.34
75000.0,99475.586
399000.0,341197.5
70000.0,82647.48
158000.0,180382.11
85000.0,85554.055
107000.0,139745.47
90000.0,95873.91
69990.0,78771.484
120000.0,140627.56
95000.0,115807.48
145000.0,81169.086
84900.0,94612.37
159000.0,114332.67
195000.0,248186.0
125000.0,193725.3
185000.0,136912.53
130000.0,196177.5
159900.0,232042.66
400000.0,382443.6
145000.0,172086.36
85000.0,120802.58
399000.0,565728.0
155000.0,103622.38
130000.0,148134.94
320000.0,294539.47
80000.0,117354.64
150000.0,126441.375
173900.0,139940.34
290000.0,263340.9
218000.0,184816.48
299900.0,234673.98
279900.0,234673.98
550000.0,638681.8
128000.0,119756.79
95000.0,78747.47
740000.0,580535.1
39900.0,55103.848
189000.0,165095.64
63000.0,77239.445
182000.0,230940.17
145000.0,128732.79
185000.0,178632.78
66000.0,68323.836
125000.0,108552.85
69000.0,94548.43
390000.0,199960.81
115000.0,186527.28
199900.0,136572.44
495000.0,458774.03
189000.0,156677.38
70700.0,72858.07
210000.0,205010.19
370000.0,383800.38
500000.0,518826.47
209000.0,189460.69
78500.0,68299.05
98000.0,103564.04
135000.0,201382.5
115000.0,132303.88
99000.0,81092.89
720000.0,805805.1
520000.0,349475.84
260000.0,207864.47
290000.0,316848.06
295000.0,274002.72
87200.0,91100.15
95000.0,81549.8
169000.0,145887.23
348000.0,300678.1
54900.0,54613.402
165000.0,121650.164
270000.0,224428.34
89000.0,82505.05
68000.0,69138.31
168000.0,94835.13
199000.0,168272.39
147500.0,158313.52
440000.0,266742.78
98000.0,92801.99
97000.0,83027.0
295000.0,256696.5
127000.0,135717.58
108000.0,90097.13
152000.0,178470.36
1100000.0,917812.7
80000.0,98424.945
128000.0,151720.86
350000.0,478939.97
55000.0,75483.44
460000.0,463563.66
68000.0,77875.04
210000.0,158456.14
85000.0,144038.89
240000.0,279881.8
85000.0,102516.766
237600.0,225689.02
252000.0,190914.81
285000.0,451231.84
109500.0,136179.11
170000.0,348330.7
452000.0,371438.16
220000.0,231087.52
69000.0,78783.98
105000.0,125256.57
131000.0,127883.35
90000.0,100862.71
115500.0,105616.81
123000.0,92687.17
130000.0,121686.15
53000.0,74506.14
99500.0,122913.84
570000.0,588884.6
150000.0,134209.25
125000.0,106419.95
122000.0,111350.8
88000.0,70386.34
250000.0,256170.6
139000.0,146217.77
208000.0,214068.02
300000.0,269813.75
220000.0,260504.66
79900.0,80659.48
135000.0,138778.0
159000.0,198259.6
750000.0,350997.6
135000.0,238546.56
500000.0,357344.4
192000.0,197592.52
99500.0,146999.27
120000.0,132568.25
235000.0,155341.75
200000.0,454177.75
54000.0,86935.93
110000.0,112201.13
105000.0,104818.59
265000.0,288666.0
335000.0,233426.92
129000.0,205766.2
86125.0,87847.56
280000.0,246831.27
95000.0,81756.63
149900.0,143415.9
118000.0,172074.42
70000.0,101726.055
85000.0,131556.36
240000.0,230340.83
95000.0,158084.12
116000.0,100028.68
76000.0,123308.35
160000.0,70784.37
415000.0,385360.12
130000.0,104566.625
300000.0,342419.0
270000.0,157021.69
160000.0,143907.7
280000.0,328316.12
109000.0,91100.36
60000.0,71472.84
219000.0,173225.06
365000.0,301271.03
160000.0,157339.69
199900.0,189738.97
120000.0,249233.53
140000.0,177336.73
1300000.0,952742.06
119999.0,158939.42
149500.0,164619.83
270000.0,278876.44
155000.0,118484.77
74562.0,81361.555
169000.0,161970.72
68000.0,50150.133
143000.0,150011.75
750000.0,598844.4
150000.0,131927.36
129000.0,105580.305
120000.0,122696.38
180000.0,152501.61
82800.0,81858.24
109999.0,108454.22
159900.0,169386.97
119743.0,104170.6
108000.0,124643.98
130000.0,171112.06
180000.0,226112.39
105000.0,80184.016
96500.0,95637.266
104000.0,109951.83
550000.0,298325.3
190000.0,147630.17
125000.0,127652.84
125000.0,140170.8
700000.0,641186.3
350000.0,390555.9
94000.0,93135.234
105000.0,116308.37
115000.0,122714.25
180000.0,175137.86
230000.0,143263.61
85000.0,89467.38
104000.0,123144.87
150000.0,121137.36
85000.0,74104.28
160000.0,136820.95
122000.0,133247.1
84900.0,127721.836
72900.0,86600.33
109000.0,137363.19
85000.0,81977.234
200000.0,161672.31
137000.0,121440.16
210000.0,256154.3
225000.0,211576.2
265000.0,347035.12
105900.0,102819.195
63900.0,71229.21
130000.0,156083.86
115000.0,118087.0
125000.0,108590.73
145000.0,170761.89
72000.0,85726.13
250000.0,247892.69
175000.0,197531.38
124988.0,133619.38
143900.0,151720.86
570000.0,611704.7
92000.0,79225.48
145000.0,135085.39
160000.0,142143.5
275000.0,189989.19
110000.0,123235.15
100000.0,149789.94
198000.0,220248.02
470000.0,557307.2
89000.0,91538.805
93000.0,211031.78
99500.0,142472.06
85000.0,78632.98
279000.0,460132.25
225000.0,261283.58
97000.0,75972.99
392000.0,684332.25
105000.0,95667.41
102000.0,107736.06
440000.0,572720.8
175000.0,162754.39
109000.0,213584.86
710000.0,576887.94
159600.0,156367.16
135000.0,162681.12
43000.0,60667.547
29500.0,120110.445
47000.0,63627.242
98000.0,137168.27
165000.0,118002.58
64000.0,80281.27
520000.0,479437.12
125000.0,91654.49
69500.0,114339.85
180000.0,174717.23
220000.0,214567.62
46000.0,49200.273
160000.0,253435.84
68000.0,66644.67
300000.0,243769.03
299500.0,230483.22
105000.0,110315.984
530000.0,332332.62
81000.0,110089.16
110000.0,107206.89
295000.0,178246.05
195000.0,208334.2
120000.0,111602.05
270000.0,275357.75
157000.0,151840.92
1350000.0,1162980.5
108000.0,121919.4
280000.0,306231.84
420000.0,291630.88
49000.0,72154.34
90000.0,95470.34
159990.0,163836.19
185000.0,150703.83
49000.0,65508.26
128000.0,147431.61
53000.0,90806.23
110000.0,88942.87
75000.0,85852.664
265000.0,270428.97
499000.0,520705.34
198000.0,206064.1
139000.0,105756.41
95000.0,78771.484
155000.0,207088.3
155000.0,174898.53
280000.0,147114.52
175000.0,162810.1
125000.0,120146.91
270000.0,240508.06
68900.0,160019.83
94000.0,101063.91
169000.0,200400.83
95000.0,99251.87
132000.0,105312.0
39000.0,47625.72
249500.0,369946.0
41000.0,55860.35
420000.0,380129.44
89000.0,73402.18
139000.0,145439.97
180000.0,202803.25
112000.0,89704.945
220000.0,266473.53
79000.0,90018.1
134355.0,138866.4
82600.0,55102.742
1200000.0,1159932.6
365000.0,412217.44
105000.0,89056.47
154000.0,164619.83
218000.0,188052.36
120000.0,164535.11
49000.0,81985.07
125000.0,95799.984
67000.0,50015.996
420000.0,311921.56
82000.0,65802.086
280000.0,226607.39
69000.0,78157.19
145000.0,165667.47
64000.0,80959.28
315000.0,203090.2
115000.0,100735.69
149000.0,169129.06
148000.0,126382.266
199000.0,196759.94
140000.0,116418.305
225000.0,214052.58
276210.0,290328.47
699000.0,709383.56
900000.0,813528.2
115000.0,117639.65
490000.0,426855.47
87000.0,101579.71
379000.0,432799.16
110000.0,114206.56
175000.0,160034.8
89000.0,119534.43
145000.0,118875.43
400000.0,266395.9
60000.0,64579.473
720000.0,744524.9
84000.0,148506.52
170000.0,303057.2
448000.0,331273.9
158000.0,178769.25
120000.0,69686.78
249000.0,224742.77
105000.0,125225.945
460000.0,611817.9
145000.0,214369.55
110000.0,81745.836
89000.0,109704.336
370000.0,327719.66
48000.0,55324.234
172127.0,122064.1
119000.0,139637.86
189000.0,210724.39
152900.0,152194.11
190000.0,218855.08
1100000.0,883857.94
118000.0,104685.87
57500.0,61821.617
150000.0,144308.3
198000.0,141331.73
81000.0,92512.9
210000.0,210796.67
180000.0,246086.53
128000.0,92127.92
120000.0,117014.34
108000.0,148202.47
900000.0,940327.2
75000.0,81495.84
395000.0,309314.6
335000.0,339137.4
77000.0,88544.38
289000.0,226589.12
149900.0,122635.49
85000.0,89317.29
329900.0,374564.84
104900.0,95291.87
149500.0,153539.77
245000.0,399022.78
166200.0,143788.48
75000.0,93714.13
365000.0,328297.5
460000.0,401820.44
155000.0,265871.4
76000.0,83243.18
59900.0,61045.566
175000.0,180700.56
135000.0,177369.47
280000.0,287739.28
90000.0,61067.03
70000.0,68134.664
240000.0,178818.06
231500.0,207903.8
184900.0,231084.17
690000.0,565012.2
199500.0,298216.56
54002.0,114499.57
85000.0,81851.98
149500.0,191652.98
98000.0,126891.414
124500.0,94447.086
212000.0,255812.69
176000.0,147733.72
165000.0,151748.03
259000.0,236720.89
30000.0,47975.875
125000.0,117977.06
90000.0,109580.52
532000.0,612739.4
550000.0,577950.7
70000.0,86402.26
107839.0,122247.06
980000.0,594089.94
87000.0,75744.34
165000.0,207349.97
69000.0,72517.47
230000.0,166896.02
108000.0,98961.086
40000.0,52651.723
59000.0,63776.07
68000.0,100897.76
63000.0,73831.08
285000.0,300930.3
139000.0,134197.36
130000.0,162655.83
250000.0,239292.89
314900.0,327170.28
43200.0,73611.8
69700.0,83297.695
178500.0,189491.64
950000.0,476440.44
189000.0,176264.12
460000.0,640512.44
395000.0,460571.22
59000.0,79544.71
84686.0,82769.88
50000.0,65251.926
73000.0,72572.51
87000.0,78318.33
88000.0,116804.586
129000.0,135529.47
70600.0,80394.805
1500000.0,887902.94
259000.0,260891.69
131000.0,128653.805
93000.0,78771.484
80000.0,101050.82
285000.0,241637.28
96500.0,100407.44
119000.0,152432.92
690000.0,362572.03
223900.0,235173.72
199000.0,155781.03
190000.0,216282.28
109000.0,99535.03
135000.0,219694.33
129000.0,108460.89
219500.0,287514.28
148000.0,131425.39
265000.0,239251.22
69900.0,88977.75
88000.0,93664.72
590000.0,563091.7
132000.0,128531.18
299000.0,512660.72
180000.0,124115.9
46900.0,72294.67
95000.0,93758.06
169000.0,182055.12
223500.0,323719.94
61130.0,58175.25
175000.0,219731.42
274000.0,177649.17
149000.0,136917.2
85000.0,79033.7
132000.0,147802.73
650000.0,518071.9
535000.0,630482.8
99990.0,108874.91
400000.0,269526.66
220000.0,270865.9
162000.0,154541.56
93000.0,113387.555
185000.0,475388.44
78000.0,71824.445
178500.0,193772.42
130000.0,104147.07
144500.0,158313.52
37400.0,154516.1
330000.0,338311.16
235000.0,290689.4
300000.0,260614.48
155000.0,164364.88
598000.0,665840.0
225000.0,306343.6
165900.0,168707.03
180000.0,225791.3
79000.0,67165.97
195000.0,168906.11
90000.0,140896.66
137000.0,141955.14
350000.0,236451.27
106369.0,136162.33
105000.0,139060.34
179000.0,193121.0
80800.0,78129.695
155000.0,248252.66
68500.0,73288.47
120000.0,111060.38
135000.0,154405.88
69500.0,80771.125
148000.0,125324.71
113000.0,123076.76
68000.0,115031.13
83000.0,74421.37
129000.0,175529.44
150000.0,110198.664
130000.0,161694.88
160000.0,179432.58
890000.0,974052.56
48000.0,64308.06
125000.0,122802.086
69000.0,103003.52
150000.0,155525.69
259000.0,237173.11
275000.0,273644.4
88900.0,100128.71
199000.0,194867.06
115000.0,123795.055
224000.0,297000.53
75000.0,76164.695
108000.0,111541.65
380000.0,506310.0
250000.0,256638.2
160000.0,126207.984
79000.0,89653.516
130000.0,113450.12
169000.0,210869.6
330000.0,340935.47
127000.0,110631.14
200000.0,142730.48
99000.0,122622.164
150000.0,166726.16
350000.0,275607.66
132000.0,81483.47
82000.0,71680.43
690000.0,449846.06
295000.0,287180.88
790000.0,644274.2
174455.0,192882.0
190000.0,161458.28
35000.0,34847.45
190000.0,428030.1
269000.0,324851.44
150000.0,108574.66
130000.0,266555.84
94000.0,108643.5
105000.0,126160.69
450000.0,501186.6
219900.0,254190.48
760000.0,492700.47
194000.0,179301.36
103000.0,112840.73
117000.0,125996.63
78000.0,84558.49
395000.0,301872.97
105000.0,150057.2
45000.0,69697.52
145000.0,144131.1
76500.0,60526.277
79000.0,108482.67
155000.0,116357.33
160000.0,159841.5
75000.0,105995.55
81000.0,66805.53
490000.0,499048.75
205000.0,205921.92
70000.0,68091.055
145000.0,171976.31
279000.0,201434.5
89000.0,102648.67
89000.0,91531.484
69900.0,80196.67
228000.0,244802.77
71000.0,71500.33
125000.0,136686.78
255000.0,243414.6
112000.0,128108.46
69000.0,69802.89
65000.0,113329.79
130000.0,217153.5
350000.0,423685.72
155000.0,114496.984
108000.0,107035.195
384900.0,538236.56
117500.0,92451.05
124500.0,164012.6
542000.0,377578.16
153000.0,114867.96
165000.0,104414.08
87000.0,124827.52
735000.0,772442.3
219900.0,501389.5
155000.0,142455.03
190000.0,231059.81
229000.0,245708.45
55000.0,98533.06
129000.0,165066.75
220000.0,223307.53
175000.0,155918.72
135000.0,130091.21
220000.0,267342.0
590000.0,566826.25
77000.0,63228.81
210000.0,340114.6
210000.0,251941.28
67000.0,62913.94
450000.0,399162.53
70000.0,73498.055
83500.0,90845.086
92000.0,96077.36
255000.0,224497.1
142000.0,159169.02
138000.0,162155.89
130000.0,101802.664
64000.0,76979.375
50000.0,58489.957
47000.0,45630.64
149000.0,155136.9
125872.0,127657.734
105000.0,99893.69
67900.0,67088.4
85000.0,93541.06
380000.0,375645.5
595000.0,693486.75
159000.0,207769.73
250000.0,288910.16
89900.0,83820.58
138000.0,156648.88
415000.0,385722.84
80000.0,88712.9
95000.0,85080.914
340000.0,390166.3
160000.0,130750.86
72000.0,68167.51
310000.0,311441.25
250000.0,258448.14
170000.0,155821.92
105000.0,144038.89
102000.0,102615.51
66000.0,78670.84
290000.0,110487.98
155000.0,157199.58
130000.0,130721.39
72000.0,76098.4
87000.0,139178.12
96900.0,151270.64
244000.0,222447.61
193400.0,187031.36
64000.0,85468.59
264900.0,186172.9
350000.0,496379.9
360000.0,284930.66
160000.0,114713.22
169000.0,150403.02
90000.0,97929.92
50000.0,306943.78
66647.0,92535.02
188500.0,183440.17
450000.0,531512.0
75000.0,76622.414
89000.0,82713.59
245000.0,468236.53
87000.0,91208.45
390000.0,463430.03
109500.0,119598.805
350000.0,512910.16
87000.0,75067.4
58000.0,52474.387
110000.0,159037.92
900000.0,704146.1
85000.0,101847.914
140000.0,164267.62
190000.0,202193.39
89000.0,89030.06
159000.0,269883.84
82000.0,68576.78
550000.0,602671.5
178000.0,244792.92
85000.0,73410.55
135000.0,123148.516
131000.0,123148.516
120000.0,99831.67
135000.0,162356.16
58000.0,44903.89
165000.0,136542.06
194000.0,166002.89
75000.0,77878.125
160000.0,159099.36
160000.0,161393.67
170000.0,125281.516
1300000.0,492316.75
95000.0,131802.03
68000.0,69994.56
118000.0,97840.07
106000.0,115018.516
79000.0,118943.266
37327.0,49957.39
290000.0,476423.16
45000.0,64089.996
104000.0,108501.81
130000.0,172726.48
94000.0,119959.11
136000.0,123214.695
560000.0,538566.06
310000.0,504705.6
225000.0,195892.84
109000.0,104263.836
139139.0,152559.16
90000.0,104045.766
70000.0,74632.58
89000.0,74778.44
390000.0,688617.44
105000.0,115994.03
250000.0,329950.6
139000.0,109290.25
95000.0,97925.75
97000.0,80402.95
480000.0,436714.8
167000.0,130417.5
92000.0,78941.555
192000.0,156831.97
67285.0,78534.98
145000.0,129315.27
85000.0,92748.31
120000.0,154841.28
159000.0,176931.92
164900.0,157339.69
310000.0,509109.1
99500.0,128543.35
85000.0,88316.85
189500.0,207539.89
90000.0,111658.14
150000.0,158662.48
325000.0,496387.06
260000.0,212589.75
210000.0,212431.28
80000.0,84996.67
75000.0,73720.09
80000.0,89360.445
48000.0,52780.074
133000.0,163591.33
155000.0,209853.83
280000.0,236189.08
153500.0,177318.78
85000.0,120755.32
160000.0,165937.56
130000.0,144044.22
209000.0,223073.05
190000.0,223742.33
590000.0,708605.7
77000.0,91309.79
75900.0,103340.414
132000.0,143504.77
97112.0,108410.24
338000.0,338077.84
220000.0,163548.84
169000.0,179827.27
145000.0,121074.78
285000.0,286483.5
89000.0,112655.89
290000.0,282680.8
109000.0,112457.68
443000.0,324007.56
950000.0,1140989.5
65000.0,51146.066
141000.0,124950.27
165000.0,256306.12
293000.0,367701.66
140000.0,200274.66
85000.0,94681.06
289000.0,155329.62
159000.0,115477.3
750000.0,1063351.0
103000.0,177069.03
64000.0,75835.71
214900.0,220347.78
110000.0,104487.08
170000.0,102933.35
132000.0,79216.71
550000.0,337159.16
250000.0,263531.47
105000.0,104273.69
72000.0,101850.25
127000.0,117432.95
245000.0,310396.88
270000.0,241202.11
195000.0,82743.61
95000.0,101666.35
259000.0,291797.56
149000.0,130267.055
120000.0,110426.555
93000.0,114223.53
350000.0,189642.64
290000.0,453801.78
179000.0,158544.5
200000.0,239830.81
358000.0,333815.6
189000.0,179307.17
110000.0,168180.16
149000.0,129623.625
61000.0,57771.594
158000.0,163354.23
89900.0,94364.88
195000.0,196258.89
110000.0,129157.02
33350.0,39774.34
197400.0,187031.36
175000.0,169371.52
90000.0,81349.3
59500.0,74080.04
190000.0,223562.27
54900.0,54613.402
135000.0,116963.664
225000.0,221491.34
191050.0,160474.1
204000.0,256269.1
365000.0,523358.2
279500.0,274006.9
188000.0,148088.9
112000.0,73310.05
106000.0,124454.65
85000.0,104045.766
290000.0,518956.72
360000.0,259888.58
245000.0,271321.38
197024.0,172622.19
139000.0,85452.64
54999.0,232666.75
97900.0,89704.945
90405.0,76901.055
390000.0,382077.4
125000.0,96626.14
160000.0,124215.234
119000.0,111595.9
130000.0,112358.65
159000.0,201158.11
169500.0,158515.53
149000.0,201349.19
315000.0,350219.75
210000.0,130531.266
85000.0,100397.13
489000.0,672948.7
72000.0,91810.164
89000.0,83861.58
289000.0,260007.22
259000.0,310933.62
160000.0,194646.6
155000.0,107731.81
980000.0,1191228.5
109000.0,149534.64
70950.0,80379.06
240000.0,227567.72
125000.0,157420.81
110000.0,96312.05
153000.0,175480.72
60000.0,51589.137
95000.0,99095.56
136105.0,126607.06
145000.0,130168.77
109900.0,146783.05
129000.0,201366.44
159000.0,135360.92
180000.0,163526.89
260000.0,339754.06
159000.0,148411.4
99000.0,87785.08
95000.0,94726.57
335000.0,249089.75
67150.0,78412.52
120000.0,157861.4
84000.0,89463.54
72000.0,87521.58
145000.0,166267.2
98000.0,64274.684
385000.0,367218.56
343000.0,382832.44
62225.0,79225.375
185000.0,205915.05
135000.0,148707.53
130000.0,128252.52
130000.0,111852.41
120000.0,164331.2
82000.0,81475.69
450000.0,330256.56
185000.0,258563.84
245000.0,241482.5
155000.0,173812.19
62730.0,83602.875
162000.0,277391.56
420000.0,361451.4
84000.0,62283.168
139000.0,151568.88
169000.0,138438.19
60000.0,60114.17
110000.0,109437.56
190000.0,159606.03
81900.0,117486.63
113600.0,139321.95
104000.0,112201.336
184000.0,253354.1
122000.0,122120.234
89999.0,165241.94
99000.0,83889.21
244300.0,234691.77
1100000.0,807349.0
275000.0,287735.66
530000.0,246322.14
125000.0,141255.9
182000.0,243395.47
159606.0,145226.78
98000.0,141692.2
58000.0,56067.746
46125.0,42100.227
130000.0,148958.81
325000.0,254397.17
84000.0,77847.555
59500.0,65127.72
99000.0,121145.4
290000.0,254009.73
450000.0,463470.53
244147.0,284637.4
618000.0,730264.1
449000.0,231523.14
129500.0,98140.484
68500.0,76235.98
122000.0,183944.1
219000.0,339803.53
109000.0,136248.61
105000.0,109271.42
95000.0,83058.93
304000.0,233976.86
370000.0,393204.28
90000.0,99641.36
255000.0,277569.62
560000.0,522974.5
66500.0,74811.81
129900.0,116494.69
430000.0,477374.84
350000.0,247090.8
130000.0,110221.445
125000.0,106881.74
110000.0,110865.05
42000.0,47702.383
88000.0,105426.97
132000.0,124031.46
245000.0,218437.7
190000.0,245225.89
190000.0,166158.53
98500.0,99560.68
138000.0,232238.78
149500.0,164619.83
99500.0,107870.05
89000.0,70824.875
81000.0,98424.945
165000.0,144983.88
240000.0,171788.14
138000.0,103936.31
215000.0,212076.27
265000.0,191717.98
156000.0,119076.73
550000.0,486607.97
150000.0,172233.61
375000.0,501105.3
350000.0,392031.44
85000.0,136138.88
249500.0,240873.95
380000.0,208900.0
155000.0,186128.58
159900.0,125447.54
485000.0,490998.4
190000.0,161458.28
138000.0,99884.695
79900.0,87798.38
170000.0,153996.5
74000.0,100843.92
90000.0,125930.24
450000.0,427356.0
82000.0,74140.67
42000.0,49770.164
220000.0,199385.88
170000.0,223687.47
108900.0,88013.35
315000.0,323821.28
99000.0,81853.03
320000.0,467237.88
95950.0,117967.2
148000.0,127176.78
210000.0,192501.94
99000.0,105271.516
153800.0,96847.625
75000.0,79698.14
230000.0,233514.77
149900.0,137262.83
360000.0,369837.56
210000.0,145465.28
100000.0,144174.22
42000.0,42229.934
1250000.0,940465.2
920000.0,949009.7
86000.0,84006.664
208000.0,154387.11
139000.0,126576.99
129900.0,118872.37
120000.0,131215.89
93500.0,98003.625
122900.0,113576.15
132000.0,115935.84
330000.0,299529.25
100000.0,89147.234
150000.0,144783.28
84000.0,128133.65
129000.0,136762.86
182000.0,196628.77
112000.0,84978.03
180000.0,183944.36
124900.0,131390.28
450000.0,370630.22
89900.0,81121.75
109000.0,147516.02
89000.0,63892.0
65000.0,162411.97
670000.0,402997.75
89000.0,95468.53
60000.0,71653.1
115000.0,99553.67
198000.0,189339.1
240000.0,384058.56
85000.0,93497.41
279900.0,234673.98
190000.0,220488.11
110000.0,153425.3
295000.0,273515.1
110000.0,98514.37
236000.0,165562.3
138000.0,181202.06
37500.0,48708.65
46500.0,115135.99
359000.0,264104.7
128000.0,103459.52
240000.0,287893.34
310000.0,252915.98
198000.0,104934.945
95000.0,93763.41
148000.0,139105.27
250000.0,295772.88
73000.0,80392.19
500000.0,518826.47
100000.0,110883.016
290000.0,189424.97
418000.0,325769.16
63406.0,77511.22
299000.0,377629.6
185000.0,133180.67
52000.0,73348.89
276210.0,299953.44
420000.0,340568.28
51000.0,62103.61
95000.0,75337.836
77900.0,81865.32
370000.0,395761.78
159000.0,157850.4
169999.0,157904.86
119900.0,94051.5
98000.0,58972.55
180000.0,259134.08
198000.0,155090.61
649000.0,390070.66
135000.0,164665.2
105000.0,123644.34
105000.0,78833.22
100000.0,100233.92
75000.0,71578.125
130000.0,101439.7
710000.0,400457.03
450000.0,543890.25
162000.0,171284.81
330000.0,307528.62
590000.0,621720.8
45000.0,119506.31
125000.0,114094.26
81000.0,91883.98
189000.0,124305.125
550000.0,552156.44
154000.0,125206.82
155000.0,138790.31
114000.0,114083.21
84900.0,86031.11
180000.0,146697.38
229000.0,237166.1
77328.0,90157.78
410000.0,336634.44
110000.0,118453.79
235000.0,140543.34
243000.0,243075.17
99000.0,150055.52
210000.0,278548.03
64000.0,71071.68
399000.0,307085.75
95000.0,133830.62
180000.0,183662.31
420000.0,353354.2
120000.0,144422.55
78000.0,69308.48
129000.0,118012.484
125000.0,138098.72
86500.0,98842.516
112000.0,103460.46
320000.0,400797.16
449500.0,435471.28
90000.0,125320.99
76000.0,80669.74
93900.0,98385.11
72000.0,65958.83
134000.0,138438.19
180719.0,199051.75
89900.0,117733.85
80000.0,127485.695
238000.0,230632.45
79000.0,85243.05
149000.0,243264.33
72000.0,83252.78
130000.0,132254.28
130000.0,109395.04
87600.0,68954.85
85000.0,98865.74
265000.0,388841.72
134900.0,136652.92
152000.0,124713.97
127999.0,131677.9
369000.0,357388.7
79000.0,78556.445
140000.0,140340.61
70000.0,57215.156
190000.0,172993.42
105000.0,127208.63
165000.0,131229.47
1250000.0,820085.5
115000.0,150481.08
150000.0,165281.0
690000.0,576016.44
305000.0,280486.6
245000.0,300209.62
590000.0,511811.22
75000.0,88353.875
201100.0,208300.47
55000.0,54938.234
365000.0,233568.11
950000.0,1140989.5
138250.0,104643.79
144000.0,139618.4
160000.0,129551.58
130500.0,139765.2
430000.0,254935.97
115000.0,106333.36
390000.0,215771.66
145000.0,139094.45
96000.0,110289.164
145000.0,90163.63
99795.0,80794.62
78000.0,68817.43
160000.0,170800.92
1300000.0,684879.2
190000.0,195546.06
158000.0,173935.98
548000.0,425763.38
98000.0,75654.445
69000.0,67991.17
100000.0,89034.48
950000.0,784686.6
110000.0,129979.79
740000.0,580535.1
82000.0,95840.08
155000.0,182455.52
111000.0,119916.95
239000.0,295775.62
115900.0,135717.23
79000.0,102348.914
320000.0,271338.0
212850.0,190800.19
1250000.0,1273426.1
185000.0,184694.64
144900.0,95897.375
150000.0,143688.98
114000.0,139592.44
172000.0,128360.78
120000.0,109197.95
89000.0,103426.45
74700.0,70095.266
160000.0,164620.3
220000.0,207642.06
39000.0,31985.33
125000.0,164098.44
130000.0,106810.82
279000.0,257724.22
200000.0,190549.62
410000.0,406949.84
330000.0,286967.03
249000.0,180548.95
550000.0,395391.22
468609.0,353506.12
85000.0,163863.34
210000.0,122000.83
119000.0,132423.78
83000.0,90818.195
120000.0,91400.266
370000.0,324822.12
278000.0,184403.61
189000.0,144101.39
91000.0,87679.58
1200000.0,884221.6
120435.0,100006.53
159000.0,172128.72
295000.0,322279.56
160000.0,120522.97
64800.0,108196.945
79500.0,54642.312
300000.0,329678.44
128000.0,106837.3
117000.0,110173.59
630000.0,577936.4
170000.0,139653.02
119900.0,152155.44
379000.0,385710.66
99000.0,86902.914
169900.0,264353.44
108000.0,106334.805
39000.0,47042.637
119500.0,143497.44
328000.0,308975.72
139000.0,132303.88
87000.0,65557.11
50000.0,68133.42
143000.0,200294.02
249000.0,417174.16
185000.0,223938.61
116000.0,119168.35
290000.0,424418.75
50000.0,54535.895
75000.0,79065.305
134000.0,141856.6
120000.0,128973.234
57000.0,85299.36
78000.0,87851.46
103000.0,63532.117
113000.0,125177.34
134000.0,115534.27
81890.0,66226.34
115000.0,103125.51
72000.0,94195.35
90000.0,131608.0
94500.0,97711.05
119000.0,167675.06
130000.0,121194.14
210000.0,144407.53
149000.0,155263.19
97320.0,219347.19
98950.0,117328.09
79000.0,69316.23
360000.0,251731.11
199000.0,190998.22
88000.0,94944.42
120000.0,90856.625
90000.0,89238.79
315000.0,234655.2
135000.0,163768.42
185000.0,164296.03
690000.0,758450.9
210000.0,209520.25
156000.0,234222.11
450000.0,334598.62
99500.0,89789.08
109900.0,131296.53
89900.0,91426.77
79000.0,73571.83
225000.0,176631.52
207000.0,239120.23
121900.0,99242.445
103283.0,136162.33
55000.0,57449.54
85000.0,86533.68
120000.0,107418.12
250000.0,225406.22
159900.0,170099.5
110000.0,141984.73
49900.0,59260.957
200000.0,152531.75
123000.0,161352.72
94999.0,141152.19
78000.0,82629.125
179258.0,150574.72
115000.0,109236.19
360000.0,350663.34
600000.0,710795.8
76000.0,74715.25
162000.0,154990.45
95000.0,126032.75
359000.0,427488.84
126000.0,130625.22
39900.0,51671.81
135000.0,158731.11
167360.0,146283.88
580000.0,910473.4
460000.0,259612.1
175000.0,229371.45
680000.0,575288.9
82900.0,80054.64
75000.0,74379.555
75000.0,81217.53
177000.0,324451.22
85000.0,143427.14
189000.0,284412.62
84000.0,57891.56
193000.0,204770.77
138000.0,94491.266
1100000.0,999830.8
196000.0,191202.89
115000.0,91201.13
130000.0,136809.42
505000.0,505315.8
105000.0,97711.9
130000.0,121026.555
350000.0,732184.9
1100000.0,1021295.56
1250000.0,952742.06
119700.0,139321.95
278000.0,225527.17
132000.0,131432.78
59000.0,74179.21
63000.0,73521.42
89900.0,62000.008
83000.0,76479.51
129000.0,213228.06
258900.0,226584.97
100000.0,88652.836
88000.0,90800.15
40300.0,35079.605
98000.0,142688.56
185000.0,244045.94
179000.0,198983.84
600000.0,582621.25
399900.0,440206.75
171694.0,197311.75
300000.0,482273.22
219000.0,393881.16
80000.0,88193.99
169000.0,125263.83
218000.0,164145.52
353000.0,349044.47
183000.0,261454.0
490000.0,727428.8
88000.0,79747.74
72029.0,70056.125
160000.0,184154.22
49000.0,61345.773
280000.0,168443.95
215000.0,177480.58
140000.0,152541.73
470000.0,648962.94
110000.0,104653.38
147500.0,155586.7
250000.0,204398.7
245000.0,273693.25
160000.0,162269.92
99000.0,119225.39
139900.0,166658.7
139000.0,98773.59
138000.0,193137.58
160000.0,166571.89
59500.0,74641.53
250000.0,204748.5
245000.0,323656.97
250000.0,195817.06
310000.0,288852.28
130000.0,185586.22
325000.0,252051.17
161799.0,124811.41
83000.0,90763.72
170000.0,159917.23
140000.0,126663.12
150000.0,128447.69
84900.0,106032.05
82000.0,81618.6
400000.0,286531.0
270000.0,180163.39
55000.0,79429.14
105000.0,129965.16
164944.0,153328.12
45000.0,58546.547
280000.0,224261.52
65000.0,56285.133
212900.0,237826.0
71000.0,79643.13
179000.0,150323.31
77000.0,132194.64
275000.0,191195.48
160000.0,183370.7
270000.0,212432.5
124900.0,125206.25
205000.0,231573.77
65000.0,70358.88
83000.0,90870.29
155000.0,207253.72
170000.0,103231.47
135000.0,92384.82
157000.0,124790.58
90000.0,95897.375
84000.0,95600.414
232000.0,190170.17
170000.0,184320.5
205000.0,165569.7
70000.0,72001.07
520000.0,668360.5
95000.0,97363.125
145000.0,166593.19
260000.0,267308.3
115000.0,129739.14
82000.0,89353.24
135000.0,198881.62
440000.0,338718.6
360000.0,267951.84
125000.0,95702.99
790000.0,904663.56
135000.0,115394.24
105000.0,163306.83
78000.0,84117.35
120000.0,147762.83
110000.0,144763.73
119000.0,142696.5
320000.0,417540.94
88000.0,95220.26
400000.0,469429.6
82000.0,121399.414
43459.0,45188.08
58000.0,72275.79
285000.0,321879.53
175000.0,176917.75
155000.0,155400.78
110000.0,145065.2
120000.0,87348.125
260000.0,217136.31
127500.0,224660.25
148000.0,225564.03
113391.0,170212.89
65000.0,104383.914
195000.0,327279.84
160000.0,156776.61
216000.0,194135.08
120000.0,184597.38
69900.0,175769.03
89000.0,70483.445
117000.0,105672.0
239900.0,204622.39
380000.0,315269.66
85000.0,94524.055
165000.0,146898.98
65000.0,75684.1
138000.0,151599.78
279000.0,308880.84
85000.0,87675.445
469000.0,568038.94
275000.0,535137.7
140000.0,140378.81
450000.0,465528.4
70700.0,72858.07
325000.0,229519.33
99000.0,121627.31
250000.0,187446.06
225000.0,260622.36
118000.0,231309.5
675000.0,841444.7
81000.0,92448.28
128000.0,137027.77
350000.0,272301.62
160000.0,141281.88
110000.0,85668.81
720000.0,336382.72
190000.0,220918.89
230000.0,284198.5
79800.0,105692.99
87000.0,75084.43
100000.0,104567.71
77000.0,74885.65
129900.0,116804.64
325000.0,264003.8
115000.0,69364.66
109000.0,108766.21
450000.0,459090.84
430000.0,214174.62
105000.0,80767.82
155000.0,242238.6
115000.0,129262.914
50000.0,72089.88
112900.0,146314.3
79000.0,86029.36
62900.0,54535.895
175000.0,167787.28
670000.0,470396.03
750000.0,808676.5
70000.0,103605.69
175000.0,181967.89
115000.0,91435.49
84000.0,70302.08
66000.0,74658.96
79900.0,81718.7
125000.0,151959.38
45000.0,54038.598
157000.0,158842.06
155000.0,133143.42
78000.0,73793.664
105000.0,109294.39
99000.0,96105.695
410000.0,468896.66
65000.0,88288.86
258000.0,293244.03
144900.0,103038.97
145000.0,148812.17
157000.0,103670.766
380000.0,367951.44
89000.0,122332.96
94000.0,97968.39
44800.0,75841.09
340000.0,372742.84
417000.0,347564.8
55000.0,62838.805
120000.0,130427.39
159000.0,157339.69
119900.0,121552.41
65000.0,62687.26
119000.0,200523.11
290000.0,251857.28
260000.0,277345.4
210000.0,194931.56
89000.0,75947.73
99000.0,112619.93
155000.0,152226.36
498000.0,555123.25
239000.0,207411.69
245000.0,259146.52
115000.0,93364.67
90000.0,114915.42
85000.0,109024.93
350000.0,310408.22
58000.0,53620.15
295000.0,363885.1
650000.0,717495.3
82000.0,80087.16
155000.0,144565.67
280000.0,240219.62
990000.0,1135827.5
129000.0,130844.25
79000.0,98784.484
100000.0,84326.22
137000.0,135603.67
62083.0,68521.836
285000.0,327490.94
100000.0,95328.7
79500.0,84015.96
59000.0,57771.594
99000.0,133987.1
154000.0,130797.73
175000.0,131862.2
120000.0,111178.42
57062.0,87928.8
90000.0,71160.4
185000.0,168513.3
298000.0,307690.03
185000.0,166239.89
215000.0,161005.73
149000.0,117930.61
63000.0,66060.125
85000.0,73573.38
200000.0,161672.31
50000.0,63381.336
245000.0,246443.19
420000.0,309053.88
149000.0,105984.914
80000.0,78636.43
225000.0,211416.88
139900.0,130944.52
88200.0,77642.2
69000.0,92601.22
144000.0,100052.625
120000.0,138471.53
93000.0,106366.29
94900.0,107148.49
159999.0,179317.6
110000.0,112843.82
278000.0,261019.11
89000.0,121965.36
370000.0,312857.9
145000.0,191810.5
159000.0,146470.73
250000.0,312050.22
164900.0,192273.48
165000.0,206180.14
126000.0,116141.266
135000.0,127918.3
990000.0,1124291.1
359000.0,336594.84
149900.0,138088.2
123000.0,77213.28
449000.0,304098.7
485000.0,458594.66
144900.0,216449.45
218000.0,242239.53
66000.0,79357.66
58500.0,115414.87
79900.0,149324.2
150000.0,100814.41
87500.0,103101.88
349000.0,434088.53
212000.0,222504.6
135000.0,115030.17
360000.0,355711.8
58000.0,61396.418
49000.0,73410.81
76000.0,83448.67
93000.0,106366.29
108000.0,107646.555
770000.0,801663.1
66000.0,46192.72
93000.0,151559.47
110000.0,122659.91
99800.0,79228.14
1350000.0,1164673.5
470000.0,448478.75
125000.0,115726.07
75000.0,62907.426
105000.0,94409.766
110000.0,73563.125
145000.0,176775.39
145713.0,146842.11
195000.0,121050.19
30000.0,95658.06
798000.0,532150.1
179000.0,178575.53
260000.0,144924.7
59800.0,66117.62
105000.0,121562.69
70000.0,96663.234
299900.0,399247.06
450000.0,467434.94
388000.0,390280.62
83000.0,78159.46
260000.0,177685.33
240000.0,267711.38
95000.0,102712.81
220000.0,365333.53
160000.0,245995.17
85000.0,134065.02
84000.0,80495.22
125000.0,102280.43
1400000.0,1163948.0
210000.0,196466.47
120000.0,139145.14
530000.0,411175.44
118000.0,89287.47
235000.0,287806.03
165000.0,193436.53
145000.0,110655.09
59900.0,67618.016
120000.0,147806.98
79500.0,105196.31
120000.0,111455.12
115000.0,153200.34
295000.0,230094.75
295000.0,200046.36
165000.0,171070.05
63000.0,73600.516
158500.0,170031.16
289000.0,368268.34
179000.0,116986.68
200000.0,157710.86
210000.0,252719.88
110000.0,111125.08
97000.0,92463.79
44800.0,85455.03
85000.0,168687.31
890000.0,858029.6
190000.0,168599.6
96000.0,128984.016
182000.0,295906.66
240000.0,279158.94
98600.0,128876.31
330000.0,146264.8
80000.0,86931.9
319000.0,297631.88
150000.0,165147.9
42000.0,38006.156
79000.0,129581.625
53300.0,64179.0
499400.0,496965.53
188000.0,130060.875
114000.0,105380.375
325000.0,334776.88
110000.0,118669.375
110000.0,99095.56
97000.0,88939.88
78000.0,98644.945
98000.0,171720.03
159600.0,112624.48
52900.0,73906.37
85000.0,79946.12
79500.0,98471.3
219000.0,173909.67
310000.0,260356.81
155000.0,123659.8
127000.0,151791.92
119000.0,145842.61
65000.0,80016.086
118000.0,150036.12
121000.0,115533.99
79500.0,98471.3
260000.0,155597.72
370000.0,506397.9
80000.0,114460.086
76657.0,83680.56
239000.0,150655.48
280000.0,189701.1
159000.0,203780.88
159000.0,130736.86
390000.0,341509.12
498000.0,433697.53
104900.0,131052.39
318900.0,260007.22
280000.0,277524.97
264900.0,220660.83
99000.0,92824.19
150000.0,172120.94
110000.0,81377.84
990000.0,882011.25
85500.0,84560.91
628800.0,410785.34
255000.0,305561.28
208000.0,199018.25
260000.0,165248.25
89000.0,83544.195
149000.0,126120.58
375000.0,465268.22
235000.0,318848.94
88000.0,93207.914
130000.0,202493.64
96530.0,82045.72
250000.0,432209.94
159000.0,111527.73
80000.0,97063.35
85000.0,124620.54
370000.0,334388.9
136000.0,154560.4
160000.0,107469.125
105000.0,141172.89
570000.0,355802.78
430000.0,256243.58
167000.0,115266.38
209000.0,240217.9
360000.0,333749.56
119538.0,160945.14
295000.0,306540.0
110000.0,94314.38
373000.0,362491.56
100000.0,111857.62
117200.0,140958.2
189000.0,204822.0
176000.0,241190.62
119900.0,143810.75
90000.0,81875.59
98000.0,101121.43
123000.0,228251.08
350000.0,300187.5
470000.0,694929.75
85000.0,103874.836
87000.0,91410.79
219000.0,197209.6
140000.0,143305.62
75000.0,94602.21
57800.0,66726.555
164900.0,203289.14
130000.0,186146.89
370000.0,373880.53
278000.0,249833.67
180000.0,218481.02
199000.0,169548.84
86000.0,100074.19
115000.0,118168.28
350000.0,327722.78
128000.0,119587.69
95000.0,94886.51
124900.0,154415.4
245000.0,201323.14
72000.0,93494.57
1100000.0,1021095.75
229000.0,184100.47
750000.0,358451.75
65000.0,69923.8
155000.0,197642.1
104900.0,127460.14
185000.0,194545.55
105000.0,120207.65
187000.0,183956.27
198000.0,173715.47
259900.0,189759.86
229000.0,214782.6
140000.0,124045.8
110000.0,82758.07
175000.0,151459.11
230000.0,179368.08
92000.0,88713.55
180000.0,153146.16
125000.0,161111.23
159000.0,192813.44
245000.0,242593.53
255000.0,210764.19
620000.0,480963.9
469000.0,340141.34
292000.0,368796.47
72500.0,63988.03
120000.0,133680.61
640000.0,429322.9
570000.0,497564.72
112500.0,119203.72
690000.0,1023059.6
105000.0,150057.2
135000.0,96704.01
420000.0,318344.28
122825.0,125932.15
84000.0,117293.89
98000.0,85187.41
89000.0,93725.26
165000.0,170880.48
76500.0,62940.516
500000.0,405441.8
92000.0,103902.38
81200.0,79874.44
76500.0,82406.35
120000.0,117232.22
1050000.0,973959.06
108000.0,133136.81
160000.0,159441.98
89000.0,146271.95
253000.0,199489.9
295000.0,270268.75
82000.0,67798.22
89000.0,80188.5
168000.0,201580.73
215000.0,262705.3
165000.0,156526.86
63166.0,62103.61
78000.0,93497.18
235000.0,191766.23
85000.0,83266.71
145000.0,216804.77
88000.0,85452.35
85000.0,78100.69
120000.0,154244.52
150000.0,154818.45
549000.0,627832.1
115000.0,113990.02
85000.0,134749.9
59990.0,72750.7
45000.0,41649.89
340000.0,240466.52
295000.0,206523.95
550000.0,870870.3
145000.0,144010.28
65000.0,61772.82
105000.0,72401.75
349000.0,227918.23
164000.0,164115.66
64000.0,65640.06
256500.0,187640.06
460000.0,453157.6
95000.0,111607.266
85000.0,157551.6
200000.0,279372.72
110000.0,111475.06
290000.0,285305.66
88000.0,81579.07
90000.0,138200.05
100000.0,91908.914
82000.0,108950.91
92500.0,109214.21
145000.0,162744.2
420000.0,307472.1
125000.0,114215.19
89000.0,89373.766
1250000.0,1273426.1
62000.0,68848.93
34980.0,68829.266
118000.0,136890.1
270000.0,246442.08
87000.0,100935.766
156000.0,122751.65
215000.0,217872.19
198000.0,222968.11
150000.0,138869.95
74500.0,82518.18
224900.0,311600.94
130000.0,126822.73
72900.0,88861.57
230000.0,212907.62
155000.0,147682.03
149000.0,135803.48
199000.0,208414.3
290000.0,411448.22
160000.0,169806.16
158000.0,148548.17
69900.0,56179.65
120000.0,119577.17
167000.0,163479.11
69000.0,69682.45
110000.0,112619.93
110000.0,123148.516
159000.0,115368.68
330000.0,339120.28
122000.0,117576.48
114000.0,124571.0
89000.0,103602.28
235000.0,291562.9
69000.0,69859.15
101718.0,115346.26
145000.0,118692.48
199000.0,164033.84
240000.0,143934.58
70000.0,76729.37
185889.0,189096.92
83000.0,87446.92
135000.0,94821.375
120000.0,147010.89
105000.0,79415.52
68000.0,115672.22
65000.0,113394.734
108000.0,99126.34
149900.0,148173.11
83000.0,81647.15
57000.0,47339.523
105000.0,129594.484
195000.0,211711.27
91795.0,83894.07
105000.0,81139.055
900000.0,738683.4
74000.0,84012.28
385000.0,336594.84
92000.0,107625.42
134000.0,148301.6
690000.0,660668.94
82500.0,86612.41
249000.0,221491.34
430000.0,352516.28
109000.0,138959.64
235000.0,150648.52
140000.0,130515.305
139000.0,152614.0
195000.0,176685.53
189000.0,163707.55
400000.0,434400.88
79500.0,98471.3
148000.0,192699.92
149000.0,167201.42
68000.0,68570.73
179000.0,160695.56
250000.0,351662.88
179000.0,131015.0
81500.0,98424.945
980000.0,964635.56
475000.0,300231.47
338000.0,218242.89
315000.0,305789.53
110000.0,128178.78
110000.0,130440.15
85200.0,77759.43
100000.0,99656.99
120000.0,125820.68
108000.0,133024.94
59000.0,80833.06
125000.0,159406.92
73000.0,89960.11
122500.0,97711.05
270000.0,212170.61
85000.0,92636.85
120000.0,140370.73
115000.0,117828.69
140000.0,133941.11
155000.0,139910.56
139000.0,138054.62
365000.0,292904.2
165000.0,176894.94
106700.0,82006.164
600000.0,594047.7
150000.0,118059.734
550000.0,546554.75
170000.0,316387.22
85000.0,102550.89
690000.0,362572.03
88000.0,123953.766
540000.0,473667.4
220000.0,276327.2
219000.0,171092.3
150000.0,156731.62
321000.0,332360.28
200000.0,282549.34
388000.0,416586.62
145000.0,137097.22
75000.0,51183.508
139000.0,137060.3
185000.0,220479.0
105000.0,86706.875
1000000.0,1007175.2
190000.0,164034.19
94000.0,138205.58
82000.0,92153.14
215000.0,207150.78
320000.0,417566.1
80000.0,94481.82
85000.0,73410.55
69900.0,66045.81
105000.0,81139.055
320000.0,307283.0
69000.0,104891.81
114500.0,81225.04
375000.0,475164.03
122058.0,142256.56
142000.0,139071.7
180000.0,146639.66
274500.0,225543.31
95000.0,92699.734
230000.0,198035.39
259000.0,216779.47
260000.0,275976.62
122000.0,125619.836
218000.0,200054.05
144000.0,108195.09
119500.0,118058.45
80000.0,87065.58
139000.0,189008.7
198000.0,173658.34
99900.0,132874.48
174000.0,179158.23
110000.0,163438.8
125000.0,116549.95
650000.0,408447.38
104000.0,172249.45
185000.0,139126.95
78000.0,103164.05
139900.0,173508.6
105000.0,107574.29
518000.0,363998.94
190000.0,164563.22
65000.0,71180.555
299000.0,224734.25
119000.0,136740.33
72000.0,74074.63
85000.0,94718.29
55000.0,103324.78
118000.0,131952.25
89000.0,101615.89
75000.0,67234.91
143350.0,162299.6
155000.0,212609.08
152000.0,145540.42
310000.0,535432.25
82860.0,71289.01
577000.0,621924.44
104000.0,110084.56
88000.0,85853.79
225000.0,187169.48
78000.0,69213.11
225000.0,239397.34
89900.0,84635.78
79500.0,98471.3
140087.0,126138.66
128000.0,114179.336
126000.0,121542.195
235000.0,208465.94
145000.0,148173.11
74000.0,90770.46
205000.0,215153.36
230000.0,168575.17
765000.0,296948.62
600000.0,541258.5
800000.0,518830.84
160000.0,211712.12
69900.0,99240.42
225000.0,296437.16
195000.0,152063.56
189000.0,263423.75
67000.0,63249.652
169900.0,172263.94
183000.0,189279.66
171000.0,136752.55
127559.0,132292.9
163000.0,211697.27
162000.0,165399.86
49000.0,58096.297
67500.0,104891.81
1050000.0,654721.5
100000.0,133197.05
135000.0,134558.36
63000.0,83559.78
450000.0,331493.5
118000.0,138264.33
244605.0,252858.4
116900.0,94197.64
83000.0,98890.82
66900.0,70477.02
110000.0,173315.7
90000.0,77826.875
44000.0,112384.22
525000.0,458401.66
130000.0,164331.2
95000.0,94618.17
132000.0,114033.875
47000.0,52077.27
192000.0,264353.44
82000.0,74018.234
79900.0,95539.65
220000.0,244927.25
135000.0,97803.4
69000.0,69552.61
159000.0,150403.02
425000.0,649067.7
86000.0,109192.086
208000.0,180448.89
160000.0,198283.23
39000.0,47625.72
86900.0,103417.34
58000.0,125173.03
212000.0,295528.97
159000.0,124955.08
490000.0,428255.12
180000.0,249560.64
150500.0,171225.25
150000.0,136853.1
95000.0,146897.86
55000.0,40336.445
80000.0,84393.26
190000.0,286407.97
395000.0,471637.56
127000.0,102034.414
230000.0,272091.44
1020000.0,1065827.5
115000.0,105275.3
157000.0,139669.75
495000.0,557930.5
120000.0,112260.234
218310.0,157231.66
169850.0,132426.5
75000.0,92149.46
175000.0,212997.73
224900.0,174307.62
68500.0,93965.39
152000.0,170434.75
1200000.0,1079909.0
212000.0,175594.62
250000.0,380886.66
1100000.0,968915.25
210000.0,233238.86
120000.0,99435.72
58500.0,69757.125
76000.0,57082.99
590000.0,399623.16
153600.0,122751.65
165000.0,155214.06
103000.0,95171.445
69000.0,79268.2
150000.0,124867.62
160000.0,162259.67
99900.0,118583.69
170000.0,142242.22
128000.0,132952.9
99000.0,141635.53
72000.0,99604.15
225000.0,239097.19
99000.0,106881.195
214000.0,294288.72
470000.0,413067.3
118000.0,130541.08
69900.0,61871.18
105000.0,147700.36
115000.0,99179.82
122000.0,134450.8
165000.0,160271.4
69000.0,69114.7
209000.0,254680.88
85000.0,80119.01
128000.0,115825.27
115000.0,140115.48
85000.0,93833.1
110000.0,94433.21
169000.0,186626.47
48256.0,76041.15
120000.0,102986.6
78000.0,71771.51
72000.0,87986.82
119900.0,108379.01
450000.0,365875.8
202000.0,156709.95
162000.0,148773.72
125000.0,110202.47
930000.0,738459.4
319000.0,248664.75
98500.0,92067.84
56900.0,51968.645
75000.0,107593.87
69000.0,104891.81
83000.0,117208.53
239900.0,242041.42
95000.0,101003.65
49000.0,69663.71
196000.0,202468.28
86500.0,109636.56
99500.0,99047.836
329000.0,323917.28
660000.0,731806.06
200000.0,215349.03
238000.0,138708.8
400000.0,281978.38
340000.0,234920.14
128552.0,158162.66
86000.0,75175.87
230000.0,370161.38
780000.0,447161.16
700000.0,413977.94
115000.0,132405.14
175000.0,153838.25
119000.0,111792.31
95000.0,103566.09
227000.0,216405.5
380000.0,208900.0
389000.0,321079.6
390000.0,548856.1
109900.0,84636.72
89500.0,88314.63
115000.0,110086.73
110000.0,143092.16
199000.0,181249.34
64500.0,68235.35
64000.0,97707.21
890000.0,1007097.06
170000.0,168565.64
400000.0,276918.4
41330.0,32979.72
82000.0,80540.67
79900.0,74288.65
375000.0,390755.0
157000.0,133962.06
150000.0,149479.53
230000.0,205498.75
170000.0,183441.92
110000.0,92516.086
190000.0,256786.42
75000.0,116757.38
89900.0,109461.78
112000.0,108850.41
140000.0,163078.62
40000.0,63688.09
127900.0,141743.34
199900.0,331627.62
64000.0,73640.01
745000.0,728630.2
167000.0,145449.95
119000.0,129827.34
659900.0,610699.7
258000.0,206461.31
110000.0,59622.79
85000.0,73549.34
175000.0,120090.66
97500.0,90071.266
120000.0,205905.47
177500.0,100036.4
268000.0,289687.47
140000.0,196401.3
143000.0,208137.5
195000.0,189956.11
278000.0,382498.2
92000.0,111149.03
152000.0,160192.58
85000.0,68308.84
75000.0,100604.86
199000.0,196475.94
58000.0,77364.33
63319.0,58861.19
228000.0,257710.92
110000.0,80796.22
208000.0,252843.89
485000.0,554880.1
115000.0,119203.72
450000.0,393400.25
145000.0,141944.88
85600.0,115110.91
320000.0,253696.17
73000.0,75008.22
480000.0,352306.56
125000.0,135173.48
134276.0,109155.5
185000.0,198995.47
140000.0,169611.44
141000.0,124950.27
112000.0,118742.1
91500.0,76985.59
109000.0,91666.6
115000.0,112627.39
82900.0,98801.4
99900.0,187990.9
175000.0,220658.25
275000.0,300392.1
550000.0,689719.56
89000.0,93801.19
85000.0,63184.254
240000.0,192391.12
128000.0,158675.48
220000.0,211605.53
395000.0,449748.0
135000.0,108818.81
165000.0,173878.48
530000.0,381377.97
152000.0,160192.58
55471.0,67453.086
195000.0,225114.05
90000.0,92289.65
90000.0,89599.08
143000.0,222240.0
46000.0,165631.61
450000.0,331122.16
580000.0,521040.78
135000.0,146525.31
180000.0,200475.78
159000.0,140804.73
129000.0,99339.68
155000.0,173174.66
98000.0,159569.9
46000.0,56907.277
320000.0,266029.78
70000.0,82039.28
139000.0,128446.01
159000.0,163367.61
95000.0,93679.414
410000.0,353010.44
149900.0,190744.36
180000.0,117870.74
149000.0,210737.02
394000.0,486408.25
102000.0,110173.59
68200.0,73962.17
58000.0,145532.25
159000.0,158116.17
570000.0,511811.22
790000.0,887338.44
70656.0,89351.91
281000.0,190278.3
142000.0,128973.234
280000.0,273895.1
159500.0,148122.11
247000.0,200515.61
58000.0,113115.516
180000.0,194974.67
112000.0,87830.13
480000.0,234052.92
68000.0,115318.57
174000.0,179158.23
400000.0,334886.47
69900.0,79935.43
53000.0,61000.4
76000.0,99199.91
125000.0,81621.97
173000.0,224745.03
119500.0,136894.23
210000.0,202103.58
164627.0,153328.12
385000.0,260618.05
80000.0,96135.12
129000.0,95185.73
580000.0,575485.94
315000.0,328074.62
72000.0,57111.188
148000.0,142325.22
98000.0,90979.42
950000.0,791452.6
109000.0,107851.336
100000.0,252560.64
139000.0,127029.15
190000.0,190894.73
90000.0,77043.58
97200.0,118091.81
330000.0,404967.47
230000.0,306227.5
67500.0,74626.06
142000.0,111047.67
110000.0,101298.43
780000.0,817881.44
71172.0,114499.57
120000.0,112280.66
135000.0,175409.33
102000.0,99505.42
83000.0,72920.3
105000.0,138483.16
91000.0,121390.336
82999.0,103566.09
62500.0,90561.89
145000.0,160283.84
248000.0,147051.38
124900.0,90497.375
108000.0,133583.69
135000.0,156046.14
99500.0,85793.57
109000.0,141305.31
240000.0,324483.25
220000.0,225272.02
249000.0,189240.34
135000.0,118150.195
189000.0,168978.22
99000.0,87083.99
219000.0,217649.77
145000.0,142540.6
420000.0,412907.47
108000.0,83686.07
55000.0,69386.04
108500.0,161669.48
85000.0,96349.99
115000.0,123081.26
85000.0,67107.62
550000.0,239825.81
309000.0,165606.62
73000.0,139855.7
196000.0,125443.98
158000.0,290150.44
170000.0,269834.84
93000.0,91662.7
199000.0,129549.86
250000.0,215414.23
84900.0,124019.625
590000.0,555635.3
95000.0,102260.63
55000.0,65713.64
216000.0,195866.23
81500.0,93964.71
179900.0,169264.55
210000.0,246143.58
129000.0,133563.28
1400000.0,1064226.0
83520.0,104206.18
110000.0,118153.02
177000.0,243821.55
80000.0,132064.05
110000.0,132306.11
195000.0,190060.16
63000.0,66876.31
220000.0,224227.19
79000.0,95600.414
119000.0,99571.89
149000.0,126501.67
211000.0,171462.95
121000.0,158621.25
405000.0,417690.97
138500.0,123642.81
450000.0,627169.6
255000.0,254004.52
249000.0,241837.0
99000.0,93201.12
81000.0,146162.66
165000.0,117097.98
430000.0,256243.58
90000.0,119630.055
330000.0,234661.97
58000.0,50461.336
80000.0,98599.055
300000.0,199637.38
117000.0,117046.4
61129.0,58175.25
698000.0,618525.9
175000.0,166024.6
78500.0,102668.8
105000.0,102668.24
410000.0,723056.75
143000.0,160239.44
110000.0,104326.54
99900.0,131623.56
105000.0,84781.86
110000.0,122532.57
130000.0,129157.02
169000.0,125792.06
298000.0,307091.22
169000.0,173555.3
127400.0,154034.12
94000.0,105876.09
83600.0,75393.4
149900.0,142452.58
165000.0,282821.4
150000.0,121055.0
180000.0,197614.86
105000.0,101594.71
145000.0,154274.3
125000.0,179190.7
39000.0,36499.29
145000.0,176687.12
73000.0,65544.44
99000.0,150656.12
120000.0,139954.52
165000.0,156541.95
189000.0,159176.25
270000.0,260007.22
175000.0,156221.64
100000.0,82505.48
120000.0,115419.49
64900.0,76082.6
83000.0,83579.49
190450.0,185409.69
137500.0,175281.27
109000.0,107418.12
279900.0,303416.44
346942.0,266943.62
259000.0,274296.56
70000.0,60633.777
230000.0,231375.72
180000.0,207295.48
295000.0,349255.25
1400000.0,1285898.2
110000.0,72232.64
137000.0,140866.47
415000.0,308946.03
150000.0,116323.19
180000.0,175008.8
40000.0,45728.38
239000.0,192733.72
55000.0,41441.71
105000.0,87485.66
199000.0,231238.89
79000.0,105435.27
145000.0,138623.66
250000.0,258757.88
130000.0,114722.82
229000.0,247447.8
245000.0,171104.33
78000.0,100156.09
78000.0,77879.484
187000.0,210061.44
998000.0,805323.2
150000.0,135533.17
295000.0,320952.66
128000.0,125403.94
64900.0,69140.82
110000.0,155126.06
89000.0,77926.71
152000.0,137526.55
87000.0,107189.484
128000.0,101924.664
300000.0,445695.34
98000.0,66462.39
133000.0,126429.67
300000.0,128071.12
155000.0,170318.42
141000.0,149947.23
192000.0,167700.66
263086.0,276017.1
200000.0,163893.86
120000.0,95738.25
88000.0,69147.625
112500.0,119203.72
95000.0,83697.016
80000.0,75113.78
110000.0,109585.14
150000.0,126311.83
169000.0,137676.81
48620.0,96404.02
205000.0,290247.16
112000.0,152880.2
89000.0,87492.92
320000.0,358446.06
61900.0,65667.79
120000.0,153322.11
77000.0,79543.96
399000.0,323359.5
75000.0,90008.2
155000.0,153304.77
99000.0,89077.87
389000.0,271618.47
650000.0,778224.0
170000.0,137777.2
125000.0,138220.06
115000.0,87080.19
115000.0,134891.56
174000.0,302205.1
209000.0,180900.5
119000.0,141619.39
39900.0,49872.57
235000.0,126391.52
285000.0,205090.28
84900.0,114742.51
145500.0,96390.56
95000.0,93415.34
220000.0,170057.05
235000.0,318986.8
215000.0,267898.16
75000.0,85510.06
115000.0,107254.336
150000.0,153768.39
180000.0,222091.72
1000000.0,762157.0
135000.0,168472.34
179000.0,165743.08
125000.0,122185.11
199900.0,160218.4
240000.0,289592.12
153000.0,151954.02
139000.0,157028.38
280000.0,271977.53
780000.0,1073031.5
130000.0,147188.06
135000.0,118090.75
780000.0,950218.56
85000.0,109307.586
178677.0,166238.56
185882.0,151693.58
360000.0,267460.06
98000.0,126891.414
270000.0,255178.64
129000.0,127857.65
695000.0,576971.4
183000.0,140823.84
105000.0,157036.44
149000.0,112249.22
48000.0,92436.16
92000.0,144563.53
87000.0,102595.41
250000.0,247213.38
155000.0,127321.29
120000.0,118941.625
107000.0,118561.695
125000.0,103330.47
162000.0,230315.12
208000.0,205208.7
148000.0,179863.67
73450.0,72164.96
140000.0,199609.11
128000.0,108949.95
165000.0,166962.58
85000.0,68502.57
129000.0,80901.375
128000.0,155107.1
70000.0,74605.76
172000.0,148114.89
295000.0,185339.83
185000.0,166637.66
140000.0,105941.91
140000.0,146820.62
99000.0,91042.914
203000.0,172448.72
410000.0,491153.12
160000.0,159979.17
69000.0,93124.77
95000.0,169920.33
109000.0,126277.516
99408.0,121144.5
280000.0,249063.0
125000.0,128055.8
89500.0,71583.02
120000.0,139767.84
89000.0,119445.73
90000.0,84898.55
155000.0,224063.08
890000.0,914099.2
1350000.0,1306422.4
75000.0,78457.83
290000.0,272829.16
75000.0,85910.64
189645.0,176868.16
69000.0,69693.54
248000.0,260097.62
78000.0,141397.95
190000.0,130246.85
135000.0,160267.38
59500.0,67799.9
120000.0,119988.47
152000.0,171976.31
82000.0,67598.24
97000.0,81349.3
220000.0,243080.34
65000.0,95895.49
110000.0,146116.95
160000.0,115488.2
175000.0,99590.33
125000.0,162013.64
135000.0,134032.72
155000.0,153097.38
140000.0,158179.03
114999.0,139954.52
530000.0,849883.75
199000.0,197689.08
790000.0,1158562.6
295000.0,268515.16
109900.0,135254.36
170000.0,166696.31
242000.0,316852.94
150000.0,121923.63
490000.0,563260.06
95000.0,86953.68
139000.0,153601.52
65000.0,56510.938
85000.0,69824.86
89000.0,144813.05
180000.0,161641.95
650000.0,721882.7
129000.0,127857.65
245000.0,216744.39
80000.0,132985.94
414000.0,340978.9
88000.0,129958.66
185000.0,232976.97
128000.0,99538.195
86000.0,97893.9
111500.0,181701.6
132000.0,111002.016
116000.0,135731.95
169999.0,157904.86
115000.0,141711.44
390000.0,554392.3
129500.0,89229.85
350000.0,310749.88
430000.0,415994.97
41000.0,64616.43
65000.0,90145.234
80000.0,75529.24
189000.0,183645.86
85000.0,83149.25
69900.0,65757.26
209000.0,245768.7
200000.0,210509.3
135000.0,199181.14
215000.0,343799.2
99900.0,137403.89
169000.0,187903.6
125000.0,105353.266
170000.0,128701.83
179500.0,171556.16
95000.0,107831.516
49000.0,62993.43
35960.0,101240.51
110000.0,97072.414
120000.0,110426.555
110000.0,137592.1
238000.0,315794.22
112000.0,105744.04
145000.0,102770.78
237000.0,190936.52
449000.0,432587.62
73000.0,94526.484
80000.0,113885.74
135000.0,107295.5
140000.0,78938.71
240696.0,266560.94
120000.0,132448.08
190000.0,197730.62
245000.0,278468.1
315000.0,276990.3
83000.0,76896.24
150000.0,164846.2
220000.0,248675.14
139000.0,163316.75
83000.0,87408.125
160000.0,164620.3
178000.0,165882.88
155000.0,178008.05
190000.0,141434.64
307500.0,274713.47
299000.0,309443.66
275000.0,295763.5
620000.0,547782.3
85000.0,86799.22
139900.0,159472.86
115000.0,138401.17
249900.0,260202.08
65000.0,66117.62
89000.0,101526.6
131500.0,146325.56
135000.0,117607.01
128000.0,108689.34
160000.0,165933.94
158000.0,187796.39
92000.0,103902.38
205000.0,184759.88
135000.0,141119.89
67000.0,78974.27
180000.0,181245.34
350000.0,282540.94
57000.0,70454.74
115000.0,103422.55
199000.0,178016.77
99000.0,110489.93
41340.0,85122.086
137000.0,172574.03
239000.0,303320.06
139000.0,139338.89
180000.0,266617.47
140000.0,133941.11
86000.0,120507.695
90000.0,98089.41
113700.0,112853.01
74990.0,83587.375
144000.0,131573.62
92000.0,105666.6
125000.0,130199.61
175000.0,141333.72
131000.0,158865.52
119000.0,124396.914
329000.0,306694.22
445000.0,571166.3
230000.0,221941.69
119900.0,108691.87
179900.0,141708.9
93900.0,117396.42
105000.0,111476.586
79000.0,71337.055
140000.0,125592.14
219000.0,215058.2
550000.0,516574.03
115000.0,107623.32
85000.0,67909.75
125000.0,168877.72
124000.0,230199.19
115000.0,118635.9
140000.0,87634.03
81500.0,78580.28
159000.0,143193.25
740000.0,727865.1
149000.0,128703.484
1400000.0,1163948.0
445000.0,376718.9
74000.0,109461.78
121850.0,144800.17
130000.0,127800.75
150000.0,114965.22
95000.0,134168.44
89000.0,122208.04
102000.0,98064.32
87000.0,74899.45
120000.0,114286.71
115000.0,105060.0
299000.0,194498.83
120000.0,105931.23
750000.0,445605.25
290000.0,260411.25
41329.0,26108.42
107000.0,107864.695
74900.0,51522.562
150000.0,156146.47
169000.0,169994.97
65000.0,56657.934
165000.0,238836.36
139000.0,129292.13
149000.0,158684.56
89000.0,103902.38
99900.0,132091.55
72000.0,58623.926
89000.0,77826.875
110000.0,110374.44
130000.0,101495.26
99500.0,99580.47
240000.0,208986.33
66000.0,56175.793
230000.0,231483.61
68000.0,73555.23
194500.0,157339.69
68000.0,64819.785
170000.0,129319.25
153000.0,244378.86
57000.0,70589.87
160000.0,109928.695
72000.0,93636.59
138000.0,87979.77
96000.0,125123.36
215000.0,318809.94
330000.0,379426.06
130000.0,240546.48
195000.0,227033.36
170000.0,246262.08
160000.0,161528.45
90000.0,104085.44
82000.0,100279.0
110000.0,97612.4
180000.0,268279.66
99000.0,153817.4
89000.0,84293.13
730000.0,811377.4
195000.0,181166.78
125000.0,76635.72
105000.0,149706.92
78000.0,68838.164
127000.0,119417.375
620000.0,591927.7
140000.0,132550.84
395000.0,374786.47
184000.0,145961.23
71000.0,73295.62
285000.0,206918.28
130000.0,116984.88
380000.0,362418.53
74900.0,76915.74
120000.0,124519.3
54000.0,69114.27
110000.0,114549.94
160000.0,151174.3
78000.0,86429.4
270000.0,212529.4
123000.0,114464.516
255000.0,256693.53
183000.0,134525.69
88000.0,148340.25
325000.0,374412.25
240000.0,185751.89
114000.0,109385.734
110000.0,132539.94
297500.0,273537.34
129800.0,141743.34
85000.0,90812.95
82000.0,141782.98
129000.0,119618.03
149000.0,149614.2
159000.0,158831.23
95000.0,96453.266
189000.0,269703.9
398000.0,335790.44
670000.0,616826.06
116000.0,124785.305
370000.0,292631.44
104900.0,97630.25
112000.0,148063.53
298000.0,362831.56
108000.0,102647.67
34900.0,40031.19
64000.0,88391.86
290000.0,307953.2
89000.0,92800.59
175000.0,168331.19
110000.0,130247.734
43000.0,60808.99
79300.0,130804.56
120000.0,104467.695
134000.0,99126.34
109000.0,143568.22
49000.0,75859.91
123000.0,110141.2
272677.0,277365.66
74000.0,96869.67
220000.0,309533.47
192000.0,122606.26
82000.0,104995.5
68500.0,65806.945
337000.0,285544.5
395000.0,333211.53
62300.0,78100.96
145000.0,134534.3
140000.0,200655.84
81900.0,68954.85
134500.0,158621.69
140000.0,150465.64
138000.0,178251.89
138000.0,265582.7
460000.0,596691.44
78000.0,99651.195
159000.0,189132.95
1300000.0,1277367.0
55000.0,79515.46
118000.0,128760.44
119000.0,96789.83
277300.0,276315.78
395000.0,306436.4
130000.0,150845.23
138500.0,112950.0
135000.0,164172.19
120000.0,130528.945
175000.0,194391.94
82000.0,78821.3
56900.0,94335.33
1150000.0,761921.94
380000.0,364262.25
140000.0,109749.4
130000.0,158972.94
345000.0,279574.53
78000.0,94181.0
69000.0,70733.36
115000.0,119379.55
67150.0,78412.52
310000.0,221104.89
128000.0,156467.73
210000.0,241149.17
1350000.0,1079909.0
84015.0,70985.05
84221.0,113917.84
330100.0,169697.67
54900.0,63417.035
150000.0,139292.27
189000.0,186639.45
78030.0,81385.49
145000.0,127310.914
155000.0,164172.19
70689.0,91921.87
125000.0,113049.79
239000.0,216069.14
220000.0,204556.83
140000.0,173619.67
199000.0,133770.61
118000.0,153108.31
77500.0,84598.19
88000.0,248336.58
140000.0,161690.12
540000.0,476238.28
595000.0,1147086.2
110000.0,115137.68
210000.0,153972.61
127600.0,75382.95
220000.0,194499.62
185000.0,212714.42
120000.0,108887.81
128000.0,189310.75
470000.0,529590.9
330000.0,215360.08
125000.0,98673.31
149900.0,162570.27
40000.0,201838.05
70000.0,121392.305
229000.0,252471.56
109000.0,137252.14
185000.0,147473.83
700000.0,711341.0
275000.0,189789.36
130000.0,144705.97
47000.0,73640.01
69000.0,112926.7
185000.0,182561.0
230000.0,170276.14
389000.0,371407.9
169000.0,240713.16
180000.0,94996.58
95000.0,117625.03
980000.0,886499.94
70000.0,70565.47
88000.0,79396.055
89000.0,121923.234
105000.0,80494.83
530000.0,608076.06
260000.0,250014.97
145000.0,133047.62
99000.0,133700.05
140000.0,139193.69
83000.0,84344.01
148000.0,149653.52
149000.0,164362.6
64500.0,56057.33
25000.0,67793.89
195000.0,202534.0
80000.0,62502.043
470000.0,347897.5
220000.0,280097.25
65000.0,69832.49
67000.0,75835.71
159000.0,160234.7
50500.0,82096.87
110000.0,122145.82
105000.0,92191.21
118000.0,115710.63
320400.0,291858.25
109000.0,111975.72
230000.0,156644.52
95000.0,144367.7
760000.0,655606.44
165000.0,169231.16
74000.0,69478.0
68000.0,219925.02
135000.0,142868.38
299000.0,341921.34
115000.0,91416.12
499000.0,741462.75
137000.0,99122.234
152000.0,158461.45
84000.0,89915.12
56700.0,72514.875
365000.0,428197.22
99000.0,199877.84
163200.0,138158.06
170000.0,181571.2
241000.0,173497.81
115000.0,109548.766
144080.0,149482.98
420000.0,338129.44
215000.0,263201.66
73000.0,111687.71
250000.0,205507.84
63000.0,73982.72
117000.0,111980.34
139900.0,171415.52
165000.0,169972.2
48000.0,113145.12
219000.0,311600.94
59000.0,73469.6
790000.0,776606.06
87000.0,94387.76
54000.0,65421.746
159998.0,157361.02
63000.0,77599.336
240000.0,201399.36
82000.0,63522.562
49000.0,20352.646
130000.0,148518.4
215000.0,188799.36
75000.0,101550.016
72000.0,122883.01
185000.0,150921.27
224000.0,267538.1
129000.0,100485.12
173000.0,184729.88
90000.0,132017.52
280000.0,282716.78
82000.0,111654.12
185000.0,192343.58
85000.0,98645.73
198000.0,168496.77
290000.0,254009.73
79900.0,111030.28
182000.0,196628.77
220000.0,286631.6
270000.0,325090.06
165000.0,137109.28
122000.0,169792.0
168000.0,172597.94
182000.0,233697.78
44500.0,50829.457
100000.0,180374.2
79000.0,110982.55
74000.0,72895.37
105000.0,109829.234
75000.0,88378.86
90000.0,100928.43
67500.0,65848.92
110000.0,114464.516
120000.0,157348.1
199000.0,154875.2
198000.0,157851.45
149000.0,123679.555
64765.0,65678.05
145000.0,193412.06
207000.0,175317.58
57000.0,75859.91
585000.0,452882.6
140000.0,124512.4
172000.0,138542.2
790000.0,661578.6
110000.0,129797.97
315000.0,326621.12
185000.0,132111.0
398000.0,235841.83
97500.0,82124.53
48900.0,88438.32
175000.0,200540.64
112104.0,154709.88
175000.0,139222.53
158000.0,125047.67
99500.0,96420.195
355000.0,274223.0
95000.0,81756.63
240000.0,176521.9
79900.0,87488.11
120000.0,141021.88
95000.0,122143.02
105000.0,88652.836
99000.0,110487.98
750000.0,648622.8
120000.0,145651.53
228000.0,188539.16
473000.0,346487.38
89000.0,104743.664
88000.0,98450.086
110000.0,177581.25
74060.0,98502.56
115000.0,105539.1
220000.0,201907.73
90000.0,83525.734
440000.0,352979.22
135000.0,138655.31
224000.0,254652.92
70000.0,69405.76
54000.0,64870.727
289900.0,193865.53
275000.0,161724.78
88000.0,91260.02
117300.0,169605.05
153000.0,210050.81
280000.0,149040.28
179800.0,181802.11
255000.0,308429.0
64000.0,65924.19
99900.0,97466.01
83200.0,83169.305
133000.0,145459.55
83000.0,89817.82
93410.0,82547.6
129000.0,139049.36
65000.0,83939.68
315000.0,408153.2
120000.0,141618.23
63000.0,85499.29
175000.0,199044.28
169467.0,112438.24
95000.0,87619.29
680000.0,795191.94
162000.0,151777.88
116000.0,127788.586
178000.0,217634.0
690000.0,520310.94
94000.0,120755.44
300000.0,412882.78
110000.0,135941.38
159000.0,359259.22
90000.0,88715.95
75000.0,66400.016
195000.0,143271.84
105000.0,146371.02
218000.0,172015.12
89000.0,69007.45
60000.0,67365.04
185000.0,186832.78
150000.0,120462.91
230000.0,300707.4
170000.0,197410.06
298000.0,272402.06
355000.0,581031.06
110000.0,150591.17
128000.0,130314.195
74700.0,71297.83
155000.0,138642.39
120000.0,106414.49
57900.0,96221.63
215000.0,227033.36
224500.0,197348.03
190000.0,240210.64
76000.0,87380.87
215000.0,222976.53
315000.0,324855.06
258000.0,266301.94
125000.0,132498.61
350000.0,268127.5
165000.0,167687.4
110887.0,79383.234
165000.0,167530.83
189000.0,232974.69
123000.0,112356.65
125000.0,96536.42
98000.0,89789.38
145350.0,132950.88
290000.0,280229.53
65000.0,87449.85
400000.0,259224.75
45000.0,43015.855
110000.0,97519.49
270000.0,261651.22
145000.0,197588.33
34980.0,68829.266
259000.0,225172.08
95000.0,131458.53
158000.0,156081.19
1050000.0,822940.4
150490.0,122879.26
186000.0,118171.16
86000.0,74973.875
59000.0,347913.44
299000.0,340425.34
118000.0,88090.82
149000.0,205817.34
168000.0,140737.0
150000.0,217776.62
420000.0,387292.0
121500.0,154034.12
190000.0,202606.0
175000.0,216529.3
95000.0,87254.65
57000.0,48916.7
74000.0,81128.18
110000.0,132837.0
390000.0,291171.66
460000.0,293439.22
80000.0,80052.5
117000.0,123878.516
145000.0,197556.28
197000.0,204191.31
78000.0,91922.1
89000.0,81483.984
164000.0,149889.45
167000.0,151959.38
490000.0,737529.5
67000.0,61146.23
640000.0,531355.1
185000.0,253955.06
84520.0,100095.336
269000.0,179168.88
75400.0,81494.64
169000.0,171272.5
219000.0,215031.97
480000.0,490925.72
235000.0,151964.48
690000.0,413200.3
240000.0,294852.22
138000.0,121429.2
145000.0,126359.98
231678.0,268491.6
103635.0,92190.85
172000.0,160786.12
550000.0,341531.6
146000.0,118796.336
85000.0,127175.98
457000.0,426736.66
200000.0,224858.33
165000.0,112171.195
128000.0,144634.17
74900.0,109637.24
90000.0,83125.57
285000.0,227946.62
200000.0,213091.66
115000.0,120422.914
65000.0,120576.57
155000.0,191533.62
50000.0,62735.848
160000.0,151830.92
335000.0,392478.2
130000.0,51804.574
184477.0,249399.4
210000.0,174980.86
115000.0,133555.55
72000.0,95809.97
155000.0,122244.71
79000.0,122774.98
259900.0,172727.17
165000.0,153831.61
405000.0,280903.88
82000.0,102328.69
89000.0,167261.23
350000.0,248768.98
55000.0,52726.49
56000.0,72723.02
120000.0,81850.125
128000.0,111509.836
85000.0,76907.11
1200000.0,744332.44
380000.0,356232.25
180000.0,234852.4
114000.0,131926.3
105000.0,275131.9
105000.0,132825.42
139000.0,135550.05
175000.0,166592.1
815000.0,597901.2
150000.0,179624.28
290000.0,264282.1
80000.0,85135.555
490000.0,597610.1
495000.0,338460.06
60000.0,87750.445
200000.0,214875.62
109900.0,129093.945
180000.0,186839.58
115000.0,258563.84
580000.0,534302.75
580000.0,361147.1
200000.0,207589.19
54876.0,76066.65
170000.0,189408.42
355000.0,582302.9
310000.0,569164.6
195000.0,218481.02
85000.0,116231.336
169000.0,192606.34
130000.0,176761.17
130000.0,139360.9
430000.0,528308.7
189000.0,174938.7
230000.0,298721.6
180000.0,132778.52
120900.0,158106.81
80000.0,92873.43
84000.0,84282.64
480000.0,330474.22
285000.0,300278.0
104000.0,92599.57
349000.0,248646.52
139900.0,161131.2
259000.0,260271.53
104000.0,121360.41
195000.0,180668.77
160000.0,163986.44
250000.0,333472.62
235000.0,194180.31
95000.0,114178.81
490000.0,603130.2
280000.0,286285.22
139000.0,150349.73
180000.0,230727.69
79000.0,96707.55
108000.0,114938.98
75500.0,71732.0
44330.0,22743.65
76000.0,155305.47
345000.0,233890.3
159999.0,203861.77
149990.0,219310.8
739000.0,396276.94
89000.0,118237.05
140000.0,103098.23
96000.0,100453.28
89500.0,88697.016
153000.0,181933.72
120000.0,137081.56
170000.0,216711.75
260000.0,289773.97
162000.0,131300.23
145000.0,181703.44
132500.0,139228.94
187000.0,247719.86
150000.0,123631.01
130000.0,103528.88
160000.0,124582.76
450000.0,309789.12
119000.0,147095.34
150000.0,215106.19
79000.0,108449.79
490000.0,700249.5
169000.0,184715.44
298000.0,245108.62
450000.0,504033.03
99000.0,113546.14
278000.0,184353.39
138000.0,143707.4
120000.0,124255.34
195000.0,189017.19
299000.0,170595.4
100000.0,319526.5
170000.0,155502.42
250000.0,42496.574
88000.0,108981.33
235000.0,148035.05
65000.0,75722.445
260000.0,262999.1
290000.0,274157.88
75000.0,77132.4
320000.0,300904.03
199000.0,197406.86
137000.0,126216.75
155000.0,72951.63
115000.0,123756.49
120000.0,158719.0
200000.0,192182.31
51000.0,38671.777
97000.0,99387.51
350000.0,392702.16
104200.0,86307.516
173000.0,246381.47
166000.0,235956.3
260000.0,257856.64
110000.0,118049.84
169000.0,119598.805
180000.0,234475.19
88000.0,78159.46
160000.0,166145.02
175000.0,162314.83
140000.0,132879.39
298000.0,200756.45
60000.0,53977.14
154749.0,155666.25
60000.0,44082.258
69000.0,77444.05
42000.0,56327.336
174000.0,135827.7
145000.0,133602.42
130000.0,149367.66
80052.0,91550.37
225000.0,156159.83
185000.0,262405.88
115000.0,136808.16
300000.0,245240.08
99000.0,88866.33
114000.0,143134.3
95000.0,93228.06
690000.0,864607.75
102000.0,128080.31
245000.0,220002.56
274900.0,260007.22
155000.0,198372.56
66000.0,58525.613
209000.0,167138.97
88000.0,79774.02
139000.0,143193.25
219000.0,185626.05
104000.0,110084.56
95000.0,98064.32
139900.0,108734.664
125000.0,133506.52
65000.0,57764.223
550000.0,435559.6
89900.0,107870.05
670000.0,426847.97
98000.0,124683.51
84000.0,79415.39
265000.0,390202.9
450000.0,274691.94
300000.0,243093.6
85000.0,80326.164
138000.0,104197.72
63000.0,76966.87
120000.0,89307.84
158000.0,177930.8
96500.0,101345.92
130000.0,153767.36
155124.0,92294.52
245000.0,294147.9
650000.0,845039.25
235000.0,365288.34
71450.0,131736.52
82000.0,74650.63
269000.0,181647.92
450000.0,460668.8
87000.0,112505.55
120000.0,176763.31
190000.0,215955.14
100000.0,95332.82
640000.0,522698.2
305000.0,307644.53
190000.0,189063.28
60000.0,63258.816
64500.0,78685.82
154000.0,159852.77
150000.0,205471.19
160000.0,119818.664
75000.0,76867.5
42000.0,51671.81
230000.0,207842.5
138000.0,133942.16
199000.0,200227.6
144400.0,133625.19
78000.0,83015.06
93000.0,82068.51
140000.0,168321.67
230000.0,254397.17
95000.0,121953.086
550000.0,548856.1
110000.0,101298.43
319000.0,248664.75
89000.0,100386.07
64900.0,61078.06
590000.0,559594.25
175000.0,167122.94
150000.0,204722.36
55000.0,64853.316
270000.0,278648.4
155000.0,271397.44
120000.0,95607.16
122000.0,122577.82
79900.0,87497.06
149000.0,110027.82
96500.0,115432.54
325000.0,277275.6
180000.0,179845.61
200000.0,207835.05
155000.0,132356.48
130000.0,110941.29
540000.0,381377.97
280000.0,609523.2
85000.0,127874.84
85000.0,96506.41
95000.0,94717.53
109000.0,108399.164
95000.0,120148.555
99000.0,82065.875
175000.0,138672.69
178000.0,152545.64
592000.0,509992.78
153685.0,124756.53
420000.0,381283.75
79900.0,81645.16
78000.0,94491.0
130000.0,156830.1
49500.0,59961.566
80000.0,74098.62
155000.0,152070.84
79800.0,97442.96
198000.0,251542.25
140000.0,107632.88
42000.0,59441.605
165000.0,156541.95
59500.0,49641.035
325000.0,412882.78
219000.0,273693.6
269000.0,209182.02
220000.0,185944.03
248000.0,187552.6
329000.0,363245.03
79606.0,72164.96
360000.0,353647.8
350000.0,342846.72
99000.0,83633.19
85000.0,134683.95
139000.0,109360.68
95000.0,100980.35
135000.0,82225.42
132000.0,147431.23
350000.0,341960.06
145000.0,159482.39
290000.0,139586.86
115000.0,89896.44
95000.0,123628.11
285000.0,335438.5
85000.0,86328.03
230000.0,222976.53
220000.0,200619.33
129000.0,121929.945
71000.0,84045.96
72000.0,112776.72
128000.0,154404.23
109000.0,129697.016
130000.0,132950.88
345942.0,354240.22
474900.0,390042.28
96000.0,108475.266
162000.0,183278.53
115000.0,122126.125
105000.0,109229.6
129900.0,149865.89
138000.0,123800.04
440000.0,381368.16
136000.0,114266.78
63000.0,52563.152
253600.0,258723.19
248000.0,295531.88
129900.0,126226.11
175000.0,162891.48
99900.0,95694.22
169000.0,167669.05
128000.0,139255.84
275000.0,341144.03
179000.0,160520.38
82000.0,83382.95
125000.0,114745.37
145000.0,173170.11
165000.0,128239.234
102500.0,79347.59
51156.0,59399.86
120000.0,116192.625
245000.0,204714.02
1100000.0,1112243.6
210000.0,178138.42
78500.0,86027.69
82000.0,85467.625
72000.0,82561.68
150000.0,268689.6
145000.0,166870.73
167580.0,156769.17
310000.0,391177.5
175000.0,205774.9
127000.0,113304.42
54500.0,72390.96
395000.0,347256.4
240000.0,218382.23
80000.0,81999.06
105000.0,123142.69
71172.0,114499.57
139800.0,131565.94
130000.0,130938.586
75000.0,63406.453
39900.0,47376.344
145000.0,123326.74
117000.0,121369.54
280000.0,215172.19
72000.0,74141.695
120000.0,145129.53
240000.0,293481.88
487790.0,219690.27
53290.0,85655.945
215000.0,202206.11
150000.0,207088.3
219000.0,322513.62
138000.0,113295.836
230000.0,209106.73
198000.0,212366.42
89000.0,108159.88
240000.0,184510.11
89900.0,92060.75
168500.0,153091.89
77000.0,89245.05
235000.0,193458.44
112000.0,84486.94
85000.0,93414.64
70000.0,78588.94
194000.0,247909.83
278000.0,268916.97
105000.0,84781.86
72000.0,100759.02
149000.0,154268.08
222000.0,203423.36
230000.0,201230.84
149000.0,133563.28
96000.0,89514.29
308000.0,307690.03
109000.0,121945.44
249900.0,234673.98
998000.0,967401.75
395000.0,310431.4
93000.0,97002.9
92000.0,92481.57
375000.0,258007.12
579000.0,598589.25
535000.0,483191.75
146000.0,177037.39
199000.0,151310.53
116197.0,158162.66
104900.0,92004.29
124900.0,91720.2
131509.0,92136.45
350000.0,461575.56
79000.0,85633.516
179000.0,217532.9
69000.0,71114.9
260000.0,243585.86
195000.0,239833.73
279000.0,260007.22
385000.0,351340.56
130000.0,170310.28
380000.0,528303.06
135000.0,164711.02
230000.0,282073.28
387000.0,301713.34
103000.0,104414.08
64000.0,126686.22
125000.0,83440.3
445000.0,513619.8
123000.0,154593.06
370000.0,312628.84
137000.0,89526.22
212000.0,269860.2
143000.0,185400.05
119500.0,115292.97
265000.0,393934.03
118000.0,118908.36
115000.0,118507.47
178000.0,258599.62
440000.0,625369.44
125000.0,157974.56
69000.0,53916.07
438000.0,390070.66
1150000.0,661083.56
122000.0,228251.08
82000.0,67726.98
189900.0,164953.38
178000.0,206751.69
147500.0,231340.88
155000.0,258296.31
65000.0,68188.88
252000.0,190914.81
680000.0,877353.9
84900.0,169439.39
349990.0,542269.44
1300000.0,1209042.4
385000.0,497610.72
295000.0,269897.78
80000.0,92686.57
160000.0,145936.17
295000.0,282989.44
82000.0,104206.18
500000.0,532047.4
74000.0,84001.72
195000.0,127109.03
349000.0,280057.38
110000.0,73184.17
119000.0,97425.16
395000.0,351926.06
90000.0,108857.45
105000.0,151404.33
145000.0,111770.86
150000.0,126921.15
55000.0,68062.49
360000.0,629302.44
124000.0,255960.73
192375.0,193851.45
182000.0,153892.94
169000.0,149206.39
189000.0,135389.05
125000.0,160111.08
90000.0,79248.64
88000.0,128635.984
125000.0,127995.695
130000.0,152055.9
175000.0,233854.02
585000.0,417346.9
79000.0,117397.96
345000.0,329002.03
176000.0,111684.875
140000.0,139187.58
135000.0,121749.17
105000.0,102781.1
140001.0,179571.94
195000.0,303774.2
120000.0,119242.14
900000.0,871875.5
210000.0,199422.98
100000.0,110496.77
280000.0,276179.9
130000.0,117839.96
109174.0,125646.25
163000.0,124958.664
220000.0,221553.58
190000.0,179558.89
850000.0,526263.5
75000.0,68044.81
110000.0,156516.11
730000.0,901080.25
120000.0,128877.484
320000.0,356042.9
295000.0,350395.75
205000.0,156273.36
93000.0,87113.89
400000.0,545436.06
375000.0,468684.12
500000.0,463288.0
200000.0,234758.98
84900.0,91247.1
77000.0,99297.086
135000.0,128447.69
180000.0,167963.39
175000.0,196494.5
99500.0,113064.44
425000.0,341004.8
400000.0,447994.53
980000.0,797955.06
69900.0,53159.08
86000.0,71461.07
135000.0,163948.39
670000.0,312690.06
90000.0,95662.766
380000.0,397546.78
93000.0,100232.3
255000.0,245463.66
390000.0,457688.88
250000.0,170298.55
210000.0,182784.48
58000.0,81129.03
240000.0,277220.62
129000.0,158503.45
86900.0,103417.34
120000.0,110795.46
129000.0,106706.33
124000.0,101483.1
125000.0,121902.1
295000.0,241202.78
95000.0,102548.35
900000.0,528461.25
87000.0,92159.7
240000.0,282519.44
290000.0,256489.14
531000.0,433309.4
370000.0,384461.38
349000.0,269830.66
119000.0,123018.67
360000.0,307075.44
268000.0,304143.12
112000.0,126315.68
68000.0,65617.35
62000.0,65618.41
63000.0,67585.82
195000.0,254518.27
250000.0,188587.03
103950.0,89351.97
150000.0,122680.08
42900.0,61990.047
215000.0,244687.8
50000.0,77652.3
360000.0,328699.38
85000.0,104709.83
79000.0,71407.4
90000.0,96218.3
85000.0,82629.125
420000.0,305933.5
92000.0,76479.51
95000.0,86131.54
75500.0,72890.516
155000.0,249499.34
205000.0,234976.84
100000.0,101876.875
345000.0,292642.22
179000.0,122912.79
198000.0,215661.83
139000.0,162570.27
555807.0,500574.78
124000.0,119715.76
545000.0,632322.5
100000.0,138582.86
219999.0,249796.27
299000.0,309295.9
659900.0,707602.6
180000.0,142943.97
290000.0,158887.02
120000.0,132909.53
130000.0,162327.72
130000.0,171469.19
135000.0,119203.72
299000.0,226047.14
165000.0,174430.31
115000.0,103461.445
520000.0,595047.75
95000.0,110977.43
92000.0,82786.75
260000.0,304815.34
1300000.0,1282165.0
84000.0,79977.11
220000.0,156900.62
330000.0,255052.34
399000.0,301658.4
950000.0,979509.56
215000.0,168180.72
315000.0,367031.62
139000.0,165173.4
110400.0,90507.98
47280.0,55471.547
160000.0,136484.02
180000.0,336610.94
169000.0,168297.25
208000.0,213028.45
135000.0,126239.375
160000.0,144172.2
136999.0,153635.92
220000.0,120859.87
130000.0,112280.66
79000.0,58912.984
85000.0,97450.84
149000.0,125718.48
399500.0,496350.3
180000.0,123422.72
380000.0,503000.44
870000.0,687672.7
1250000.0,1011865.0
99000.0,141072.16
98000.0,115543.984
135000.0,121487.625
780000.0,556155.0
140000.0,155498.62
125000.0,133947.84
526000.0,545056.25
173000.0,134525.69
122900.0,110693.99
165000.0,175149.3
135000.0,135432.86
88000.0,101969.625
138000.0,261134.89
159000.0,154365.97
133090.0,174200.48
295000.0,326598.3
420000.0,575516.7
140001.0,161193.56
112900.0,108734.664
153000.0,165494.17
55000.0,77971.445
1250000.0,1117620.1
145000.0,135153.45
45000.0,48837.46
114000.0,88013.35
112000.0,134464.92
62000.0,77295.055
150000.0,164780.1
68900.0,73469.6
89000.0,106944.66
69000.0,59349.555
93000.0,101047.95
69900.0,63369.844
460000.0,627630.8
105000.0,99319.125
48300.0,55083.22
205000.0,225383.12
85000.0,96193.93
570000.0,355802.78
127000.0,170183.4
120000.0,143857.69
1250000.0,1075634.8
295000.0,282351.28
108000.0,111224.93
365000.0,358128.38
110000.0,119881.95
130700.0,151503.62
170000.0,204069.44
98000.0,100470.266
99878.0,72842.445
119900.0,117522.54
97000.0,98677.93
140000.0,114031.945
170000.0,150170.92
125000.0,107612.61
69000.0,72608.91
170800.0,142293.67
76000.0,97103.44
200000.0,237279.27
93000.0,85988.086
50000.0,51433.47
330000.0,286090.62
145000.0,199088.62
67000.0,65564.836
90000.0,97888.805
98709.0,85899.61
399000.0,401474.7
114500.0,155419.7
126000.0,163295.62
350000.0,222974.17
142000.0,164192.36
85000.0,116541.57
141258.0,152559.16
550000.0,332278.2
78000.0,77361.07
210000.0,162548.12
105000.0,99326.99
82500.0,79119.04
155000.0,153896.0
85000.0,84224.09
125000.0,128645.46
109900.0,123086.9
77000.0,100518.836
119800.0,90154.42
59500.0,74392.55
495000.0,449172.66
339000.0,273870.12
410000.0,349407.7
94000.0,109473.05
80860.0,91410.79
499000.0,542252.1
155000.0,109078.1
50000.0,112353.484
85000.0,98424.945
89000.0,85138.11
64000.0,52804.64
360000.0,269714.56
135000.0,157422.31
129999.0,117367.56
290000.0,352370.03
330000.0,224661.36
335000.0,319844.3
149000.0,120220.664
390000.0,224830.1
748000.0,963007.1
390000.0,321594.34
98000.0,103326.63
69000.0,79492.21
98000.0,77723.23
159900.0,135366.58
145000.0,118202.71
152000.0,142392.39
225000.0,234801.19
269000.0,361996.44
88842.0,97184.93
69303.0,91921.87
125000.0,84445.69
155000.0,172575.61
210000.0,259731.9
92000.0,95957.766
63900.0,99918.71
100000.0,122476.555
159000.0,114759.45
180000.0,124772.164
110000.0,141260.19
61774.0,83830.41
390000.0,451674.12
288000.0,282490.22
154950.0,235434.27
212000.0,269860.2
90000.0,102172.4
79000.0,149040.22
125000.0,160216.05
750000.0,575269.94
205000.0,209870.23
105000.0,94136.6
134900.0,121916.1
109000.0,141305.31
365000.0,337255.7
168000.0,155277.77
170000.0,153974.6
85000.0,93021.625
99000.0,93915.836
119900.0,124802.195
144900.0,90798.46
380000.0,389559.12
116100.0,162065.4
157000.0,129023.82
44900.0,57716.605
255000.0,283913.16
375000.0,404241.06
155000.0,125476.86
120000.0,135303.44
170000.0,239157.33
129900.0,139887.73
298000.0,316407.72
167900.0,245951.11
75000.0,82465.445
140000.0,215862.05
84900.0,86031.11
400000.0,380122.44
174000.0,278275.12
95000.0,89373.766
115000.0,167542.95
69000.0,84115.89
95000.0,84469.83
139000.0,136973.53
164472.0,152552.58
129900.0,130044.98
86000.0,90701.32
339000.0,243624.66
63900.0,102769.26
429500.0,377501.75
159900.0,189212.12
88000.0,102550.4
358000.0,408197.0
82000.0,84674.266
217000.0,205280.33
75000.0,162395.52
238000.0,277362.66
170000.0,143719.56
170000.0,210231.1
160000.0,213493.67
220000.0,248102.72
277000.0,333276.28
170000.0,143078.7
115000.0,74404.16
128000.0,159259.2
51500.0,58594.777
129900.0,89776.18
125000.0,116156.83
365000.0,284039.97
122200.0,120876.02
137000.0,104392.8
69000.0,90654.54
149000.0,170046.6
138000.0,121920.97
118000.0,98694.58
219000.0,242622.83
69900.0,175769.03
230000.0,220552.66
90000.0,91216.31
119000.0,92914.2
128000.0,139145.14
89000.0,25475.18
122000.0,160682.94
420000.0,352976.5
105000.0,125741.74
115000.0,122696.38
225000.0,318809.94
170000.0,158337.56
60000.0,81510.21
152000.0,142299.33
67000.0,140773.05
295000.0,381947.78
117000.0,202909.03
334900.0,361599.22
119000.0,131633.81
85000.0,96525.13
109000.0,168167.64
130000.0,133046.62
129000.0,131296.53
129000.0,169006.56
89000.0,81883.34
177045.0,156800.61
330000.0,230607.25
400000.0,303902.12
378000.0,341703.25
210000.0,250568.0
113000.0,112618.94
198000.0,212792.6
780000.0,704202.8
340000.0,319974.66
420000.0,307214.38
73000.0,82324.98
155000.0,200352.53
180000.0,143008.11
179000.0,240291.69
75000.0,100001.56
208911.0,173204.05
600000.0,253087.95
74900.0,80498.4
105000.0,126625.125
110000.0,84461.44
108000.0,102647.67
75000.0,78188.27
199900.0,186601.83
175000.0,277975.0
175000.0,196640.66
359000.0,468907.47
125000.0,198098.02
140000.0,81176.586
73000.0,100841.086
179000.0,114722.82
270000.0,287132.53
80000.0,80241.336
145900.0,130110.07
749000.0,636584.44
790000.0,403915.62
85000.0,111046.68
220000.0,156442.86
79900.0,106525.17
110000.0,84707.65
385000.0,245268.36
110000.0,136373.56
123000.0,102034.414
78000.0,91023.36
135000.0,147879.03
170000.0,114472.04
250000.0,262424.28
120000.0,127500.62
400000.0,233724.53
58000.0,59629.2
570000.0,145294.84
106000.0,130909.69
690000.0,986537.4
190000.0,212266.7
121500.0,88546.35
82000.0,115804.266
260000.0,233498.8
390000.0,242818.72
65000.0,71525.266
120000.0,102225.99
270000.0,471459.1
180000.0,136080.06
130435.0,141015.98
470000.0,515817.06
299000.0,354380.53
103400.0,132261.14
495000.0,654186.4
175000.0,205464.86
277300.0,276315.78
95000.0,77814.64
83900.0,95694.22
78000.0,61181.332
122965.0,130314.195
123000.0,130540.914
699000.0,477789.06
71595.0,72164.96
128000.0,110975.71
72000.0,65473.72
340000.0,303320.06
219000.0,292383.47
175000.0,140497.66
150000.0,191069.16
145000.0,148901.47
79000.0,95275.43
97000.0,77267.59
109900.0,113047.08
248000.0,134217.53
135000.0,132816.95
119900.0,108734.664
154900.0,248393.3
390000.0,243118.39
119000.0,131965.58
690000.0,725260.0
167000.0,222573.73
245000.0,198255.06
151200.0,191277.69
410000.0,609014.5
115000.0,80514.57
309900.0,175316.23
280000.0,263708.1
189000.0,203464.64
132000.0,135599.66
150000.0,182677.19
159000.0,167037.92
240000.0,248940.73
103000.0,126453.8
200000.0,161954.98
99500.0,141844.89
104000.0,108762.77
390000.0,369211.28
129999.0,134489.98
50000.0,51900.27
92000.0,107625.42
445000.0,533657.75
127000.0,125820.68
135000.0,228602.34
80000.0,72929.65
139900.0,133251.61
159000.0,168722.44
121900.0,132597.94
74040.0,104274.54
800000.0,1131712.1
340000.0,295906.66
95740.0,98599.45
115000.0,110318.79
77000.0,138809.02
455000.0,689471.75
620000.0,609558.06
105000.0,66468.65
80000.0,60231.277
80000.0,69189.84
92000.0,99208.38
93000.0,95097.28
95000.0,154581.73
215000.0,195387.78
91960.0,142242.22
110000.0,62016.34
44000.0,62438.953
139000.0,188818.0
70000.0,104744.88
450000.0,330256.56
85000.0,106993.91
279000.0,366526.53
74500.0,94215.734
128000.0,133336.95
135000.0,139665.77
123000.0,107559.49
155000.0,129889.42
81900.0,78503.36
579000.0,455618.62
92000.0,125113.67
650000.0,681231.3
120000.0,108403.914
149000.0,177556.0
125000.0,118731.21
220000.0,329433.56
850000.0,881868.3
310000.0,323346.06
133000.0,125820.8
122000.0,110941.33
112000.0,155701.1
59000.0,63522.99
143000.0,159975.55
310000.0,213888.83
1100000.0,999830.8
105000.0,97241.914
134343.0,136566.33
289000.0,167567.83
269000.0,248570.6
278400.0,340847.44
117000.0,162337.48
120000.0,139334.95
124999.0,104253.99
520000.0,396600.88
59900.0,86826.92
220000.0,179378.22
115000.0,81116.336
95000.0,129939.45
105000.0,129533.086
273999.0,230483.22
229000.0,216814.9
79000.0,109452.79
455000.0,372970.34
1290000.0,1210569.1
225000.0,229245.97
68000.0,68615.08
130000.0,140627.56
119500.0,94432.61
64900.0,63814.152
670000.0,684296.44
149000.0,201815.8
160000.0,155266.4
59500.0,54389.883
110000.0,131899.14
180000.0,217241.8
129500.0,94435.6
190000.0,179988.02
350000.0,349757.72
95000.0,97951.734
95000.0,83073.35
60000.0,97845.875
78000.0,88180.49
179000.0,172556.6
165000.0,243354.84
220000.0,259652.98
65000.0,159053.02
95000.0,83967.84
75000.0,85195.55
268000.0,234804.83
118000.0,110541.375
155000.0,149746.42
330000.0,355123.62
65000.0,91069.3
91650.0,142967.55
105000.0,135467.62
98000.0,87477.37
99900.0,147271.83
340000.0,269750.2
54000.0,69913.914
68186.0,72164.96
269000.0,304450.9
460000.0,512210.03
299000.0,235051.53
69900.0,66161.25
184800.0,195820.12
135000.0,91508.4
699000.0,923761.44
120000.0,106907.29
95000.0,106009.12
63000.0,120414.07
124000.0,104002.66
130000.0,89789.73
82614.0,118477.07
892000.0,849594.44
74000.0,79190.78
159000.0,88690.734
79000.0,88984.47
189000.0,188538.9
152000.0,136823.33
78500.0,77982.92
134000.0,108734.664
97000.0,132935.02
140000.0,122323.61
450000.0,159518.16
23450.0,35079.605
105000.0,102462.266
90000.0,105636.86
310000.0,535432.25
160000.0,176713.14
208000.0,222976.97
545000.0,436916.4
134800.0,147755.53
95000.0,90181.66
112000.0,107575.61
1400000.0,791207.5
165000.0,161032.69
180000.0,281308.94
129000.0,89996.7
70000.0,73181.85
208900.0,233840.2
105000.0,124226.82
104000.0,144549.95
240000.0,291601.0
245000.0,230098.5
100000.0,114689.33
82000.0,79014.73
115000.0,178490.6
200000.0,127893.055
290000.0,259685.94
139000.0,198330.56
159900.0,142673.39
279000.0,328558.4
500000.0,687883.44
175000.0,227730.72
75400.0,81494.64
136000.0,115746.58
130000.0,105329.09
235000.0,162627.06
160000.0,95994.055
150000.0,92448.28
180000.0,186874.22
80000.0,108077.87
193300.0,168991.55
245000.0,324422.12
62100.0,83233.88
89000.0,93174.62
399999.0,257023.02
200000.0,182806.06
220000.0,224359.12
390000.0,206310.94
300000.0,386401.03
107000.0,140739.1
260000.0,572858.25
65000.0,95840.75
750000.0,466371.9
160000.0,127881.734
149500.0,124950.27
89000.0,83188.9
175000.0,166493.81
195000.0,142384.6
160000.0,151840.92
89000.0,95424.875
150000.0,127187.516
97000.0,107173.97
257000.0,310105.97
310000.0,353311.03
138500.0,128363.44
500000.0,507844.16
239000.0,347629.38
93000.0,119545.64
165000.0,187541.5
125000.0,105574.484
120000.0,158279.19
279000.0,282964.16
165000.0,149102.53
120000.0,113763.12
70000.0,50410.504
95000.0,85568.68
220000.0,227201.14
89000.0,100933.71
185000.0,160825.64
159900.0,285705.97
85000.0,138582.17
189900.0,157339.69
280000.0,397301.84
69000.0,104891.81
158000.0,193665.86
79500.0,98424.945
249500.0,216808.34
105000.0,97714.57
195000.0,211711.27
240000.0,191437.72
172000.0,185221.73
190000.0,203617.28
116900.0,148587.7
210000.0,246661.33
92500.0,84061.02
159900.0,142769.34
109800.0,104407.87
425000.0,318022.38
350000.0,479919.94
135000.0,109958.87
99000.0,162403.75
450000.0,375572.75
83000.0,87145.99
144900.0,134029.34
120000.0,177910.56
155484.0,165638.25
390000.0,362509.25
790000.0,616449.6
159900.0,140557.34
70000.0,56300.418
99000.0,84937.88
115000.0,129551.51
155000.0,163905.53
98000.0,168161.97
93678.0,69297.11
115000.0,126666.64
140000.0,98515.1
125000.0,142817.39
122000.0,122222.82
72800.0,80342.875
179000.0,139525.95
380000.0,415492.56
50000.0,57385.633
900000.0,1006286.5
129000.0,128520.984
87000.0,90285.266
140200.0,115823.21
62000.0,60937.375
360000.0,286250.38
152000.0,125876.89
154999.0,184138.17
98900.0,123948.35
140000.0,153160.47
150000.0,132473.8
87000.0,107411.7
157000.0,194566.11
120000.0,108845.23
300000.0,407104.78
355000.0,173860.4
134000.0,138438.19
199900.0,333633.62
179000.0,303883.84
195000.0,153197.92
173000.0,161230.69
154000.0,153213.8
85000.0,105637.11
260000.0,294352.4
225000.0,284190.94
87000.0,86766.59
88000.0,100169.37
260000.0,426829.94
109900.0,123643.836
345000.0,414458.25
220000.0,207440.78
319000.0,255646.33
58000.0,75756.01
169000.0,163866.36
225610.0,210965.58
110000.0,103215.43
119900.0,157062.7
89000.0,79376.11
116197.0,158162.66
160000.0,141801.86
112500.0,119203.72
1250000.0,1115281.8
126000.0,120148.35
245000.0,289910.34
78000.0,68233.516
1100000.0,771377.75
147400.0,139015.78
72000.0,56825.035
270000.0,239711.98
109990.0,108324.016
133000.0,136501.05
60000.0,66346.3
179900.0,176832.75
70000.0,59235.383
80000.0,66955.43
51500.0,46349.51
249000.0,246653.88
198000.0,348495.28
240456.0,203730.97
119000.0,162742.98
320000.0,624877.75
61129.0,58175.25
78000.0,83393.49
115000.0,119487.2
95000.0,198778.62
95000.0,134217.53
95000.0,120565.93
120000.0,144776.52
159900.0,134551.16
178000.0,201125.14
430000.0,380431.56
118000.0,150036.12
99000.0,126326.664
995000.0,911007.44
260000.0,263035.66
360000.0,370234.97
137500.0,175281.27
90000.0,143135.38
125000.0,113983.71
86000.0,147966.44
73272.0,82769.88
75000.0,96190.71
150000.0,121246.125
370000.0,330289.47
105000.0,112635.664
98000.0,95188.26
94900.0,106973.625
118000.0,173753.72
140000.0,191139.94
429000.0,306408.72
315000.0,220529.72
86057.0,98782.13
140000.0,178566.77
68000.0,63327.414
98000.0,118075.086
89900.0,162426.1
63500.0,70469.664
385000.0,293244.4
300000.0,536379.4
158000.0,168630.81
125000.0,106483.164
150000.0,163617.17
280000.0,169006.56
75000.0,70563.24
180000.0,172716.42
399000.0,330457.03
68000.0,97091.77
205000.0,250568.0
125000.0,108958.73
110000.0,168780.16
325000.0,209067.95
170000.0,175599.31
70000.0,75381.5
120000.0,100989.63
399000.0,267606.88
160000.0,191446.61
142000.0,127538.71
160000.0,139227.38
190000.0,249441.8
296261.0,321304.25
145000.0,129420.88
277300.0,122980.84
130000.0,146137.78
68000.0,108103.3
135000.0,125839.3
143000.0,90919.25
266500.0,234094.7
75000.0,105748.69
92900.0,89820.32
168000.0,185591.06
67500.0,80894.15
215000.0,237353.11
105000.0,106054.125
67900.0,116316.54
105000.0,128897.445
114000.0,68858.18
115000.0,160046.28
43500.0,64147.285
179000.0,188477.19
120000.0,228830.34
204661.0,217947.88
390000.0,308597.8
157900.0,143415.9
155000.0,127129.03
295000.0,297807.0
210000.0,327646.94
315000.0,316347.6
98700.0,106407.414
95000.0,125161.42
81900.0,80359.97
127500.0,157169.84
515000.0,617128.06
196000.0,449493.8
85000.0,108470.33
78000.0,114521.65
78000.0,186661.66
230000.0,334951.28
75000.0,89117.305
130000.0,196177.5
134200.0,119187.96
80000.0,110939.79
75000.0,104453.65
135000.0,135481.27
450000.0,516101.28
145000.0,94835.016
180000.0,126015.3
265000.0,247396.45
139000.0,126486.24
122290.0,164019.5
108000.0,103459.52
79900.0,80537.586
49900.0,59681.344
97800.0,117143.7
146800.0,132459.55
95000.0,83658.84
138000.0,130839.78
160000.0,253506.69
210000.0,167970.12
58000.0,57719.855
165000.0,155003.2
178600.0,132571.53
190000.0,223281.14
109900.0,100376.88
151700.0,174479.16
80000.0,110912.84
250000.0,217486.34
165000.0,202015.92
160000.0,140805.62
119000.0,114408.49
139900.0,166228.45
115000.0,135512.84
230000.0,253144.4
115000.0,130295.14
169900.0,206443.38
228000.0,265883.7
185000.0,166818.53
175000.0,163366.98
95000.0,81324.61
78000.0,71715.25
120000.0,79435.16
255000.0,251132.95
109000.0,128219.28
155000.0,139838.53
89500.0,114745.37
84000.0,84558.49
139000.0,183245.19
69900.0,103911.76
45000.0,52650.387
250000.0,194031.9
199000.0,242504.36
220000.0,234701.16
120761.0,106673.22
96000.0,94003.04
170000.0,141993.4
82000.0,81262.64
499000.0,513973.8
104900.0,97168.66
47000.0,89036.09
168000.0,169247.9
105000.0,83832.914
420000.0,485213.16
1200000.0,724542.94
133189.0,119412.13
182623.0,471856.47
250000.0,285302.06
105000.0,112753.33
166000.0,170384.6
110000.0,171782.0
45000.0,59126.535
180000.0,144236.64
109000.0,105986.086
84900.0,120306.51
67000.0,77165.27
189000.0,189990.08
750000.0,445605.25
62000.0,73294.875
99000.0,92957.68
108000.0,93641.13
82000.0,94963.93
890000.0,520056.62
98000.0,104495.32
99000.0,87821.48
310000.0,535432.25
98000.0,148180.73
440000.0,441478.7
280000.0,290462.66
82500.0,94398.81
138000.0,105626.26
123000.0,103869.63
52000.0,34280.74
590000.0,643274.06
149500.0,124950.27
279000.0,456183.28
75000.0,97491.8
279999.0,206435.88
309999.0,334393.3
169000.0,165970.14
185000.0,110161.375
50000.0,89534.98
630000.0,577936.4
99800.0,97115.85
179000.0,188671.44
56000.0,98484.28
70000.0,67363.4
265000.0,269568.56
84000.0,77596.375
65000.0,98508.34
330000.0,259554.73
85000.0,70279.56
68000.0,73482.87
79000.0,87851.46
115000.0,191043.05
102000.0,116701.016
259000.0,230360.78
630000.0,662390.75
145000.0,116135.58
180000.0,192228.23
80000.0,82162.05
117000.0,116398.77
78000.0,72823.305
65000.0,78929.72
600000.0,511618.72
110000.0,181016.19
219000.0,274814.56
149000.0,168815.47
155000.0,159273.28
200000.0,125431.01
154000.0,170936.19
91000.0,92609.516
150000.0,214500.48
95000.0,110884.82
350000.0,234360.45
137000.0,151569.3
138000.0,123526.26
360000.0,333386.94
77000.0,59951.406
204700.0,195064.55
390000.0,304674.72
75000.0,69153.48
240000.0,233294.56
355000.0,372484.5
90000.0,91605.29
465000.0,380496.9
108900.0,116593.49
205000.0,226036.75
149500.0,193494.5
405000.0,380566.03
83000.0,70735.53
114000.0,129500.61
69000.0,56306.01
130000.0,131904.69
154000.0,151304.62
144900.0,193773.16
124900.0,136926.98
155000.0,154976.3
51000.0,47339.598
480000.0,555607.94
85000.0,114270.414
99000.0,110191.305
109000.0,121489.375
250000.0,176421.1
168000.0,204855.28
55000.0,51636.18
205000.0,153680.08
82000.0,95275.43
240000.0,183835.95
185000.0,227730.72
82000.0,111846.7
62000.0,67960.21
127000.0,102034.414
141500.0,122582.85
198000.0,191784.25
139000.0,128150.11
88000.0,79439.734
120000.0,112280.66
230000.0,263407.34
85000.0,75212.81
309000.0,399160.94
450000.0,300471.47
660000.0,678360.4
99000.0,94925.76
115000.0,112984.46
234900.0,315431.4
1300000.0,829631.56
280000.0,225555.3
200000.0,280073.75
160749.0,175149.62
149999.0,158027.52
129000.0,163774.84
234000.0,184704.11
125000.0,128353.484
1199000.0,829109.75
100000.0,95855.13
75000.0,102064.05
260000.0,253360.22
99000.0,88267.85
169000.0,149730.3
315000.0,271507.06
109000.0,115689.94
86000.0,87349.9
220000.0,186723.27
85000.0,119947.47
105000.0,115662.92
118000.0,101125.87
699900.0,938425.25
104000.0,139545.55
170000.0,156497.9
320000.0,285818.9
1200000.0,888756.6
499000.0,504487.78
395000.0,335520.72
178000.0,201125.14
75000.0,66149.33
65000.0,86254.35
185000.0,150992.58
72000.0,77529.43
72065.0,78617.97
235000.0,185631.95
77381.0,74287.664
115000.0,177666.6
130000.0,146651.5
175000.0,135494.38
112000.0,137025.98
78000.0,72777.61
270000.0,207545.73
340000.0,492853.12
215000.0,186537.69
385000.0,380717.25
244600.0,180551.11
320000.0,253696.17
395000.0,365083.56
148000.0,165462.8
319900.0,273584.5
65000.0,69761.27
45000.0,61089.074
1250000.0,749579.3
64000.0,81633.98
59000.0,89052.336
255000.0,343378.3
180000.0,217899.81
95000.0,90238.8
295000.0,328943.94
1430000.0,974216.9
150000.0,148797.31
499000.0,461581.2
105000.0,127908.555
110000.0,144262.42
147000.0,159769.25
160000.0,240266.66
103900.0,147015.22
199000.0,348906.72
125000.0,112667.65
260000.0,335296.84
150000.0,191551.08
315000.0,251722.19
629000.0,579378.0
630000.0,457662.66
71000.0,110983.305
138644.0,159703.7
340000.0,280001.47
250000.0,206890.88
97900.0,94658.98
100000.0,105539.1
94000.0,94858.086
68000.0,75421.14
74000.0,82087.836
74000.0,62191.113
395000.0,330429.94
95000.0,89804.46
75200.0,118825.41
380000.0,536775.56
149000.0,110555.89
650000.0,655127.6
270000.0,227880.89
245000.0,188554.23
295000.0,280210.03
185000.0,203118.81
156000.0,270506.4
101800.0,189292.45
157000.0,179904.42
105000.0,100132.01
600000.0,676364.0
50000.0,64796.137
122000.0,99416.016
45000.0,53483.574
142000.0,125577.734
245000.0,297380.72
155000.0,183764.88
107000.0,115102.35
190000.0,168513.9
65000.0,99627.914
130000.0,195409.48
245000.0,241168.64
47000.0,65088.7
110000.0,128070.39
84000.0,108126.86
75000.0,85707.15
124500.0,127334.91
350000.0,339237.94
109000.0,168833.89
119900.0,141299.6
113000.0,135616.27
125000.0,141674.92
107800.0,90931.31
167000.0,134525.69
189000.0,242244.3
165000.0,136179.83
119000.0,96396.016
430000.0,166467.55
230000.0,177693.92
320000.0,186683.39
122000.0,176132.44
145000.0,203882.56
120000.0,103215.43
325000.0,345786.62
289000.0,171322.05
545720.0,504357.7
350000.0,281794.44
110000.0,91837.85
399000.0,184507.33
79000.0,115279.42
139000.0,117097.6
85000.0,102588.07
176000.0,170626.7
206000.0,269860.2
230000.0,212174.83
165000.0,147546.33
135000.0,129161.08
129900.0,176698.58
75000.0,91439.4
125000.0,116593.49
199000.0,244484.34
178000.0,152545.64
79000.0,128958.88
105000.0,127767.375
298000.0,275083.53
85000.0,67909.75
139000.0,138033.89
125000.0,119333.98
500000.0,558616.0
120000.0,84635.58
140000.0,113468.87
49800.0,59815.12
160000.0,167537.25
350000.0,305952.94
115000.0,97575.64
170000.0,172796.45
240000.0,179217.67
115000.0,152788.38
101500.0,132323.88
110000.0,121351.195
229000.0,217232.81
150000.0,129244.664
330000.0,379426.06
320000.0,331230.16
169000.0,225374.38
94000.0,74375.48
79000.0,140993.02
54900.0,54613.402
169000.0,232151.8
395000.0,409324.34
98000.0,109209.86
160000.0,161389.98
299900.0,379331.56
55000.0,108907.77
310000.0,234615.88
145000.0,175054.16
87000.0,81642.73
105553.0,108633.195
54900.0,54613.402
55000.0,53390.742
145118.0,165638.25
64000.0,106581.445
289000.0,342509.8
108000.0,120664.53
112891.0,99056.055
166000.0,197204.58
115000.0,134716.27
180000.0,133051.14
144900.0,164619.83
72000.0,113912.26
289000.0,260007.22
107000.0,136688.55
79000.0,93563.64
65000.0,61731.312
60000.0,88740.23
89000.0,94688.13
230000.0,157186.16
620000.0,806711.0
144000.0,134198.66
55000.0,50035.145
110000.0,109197.95
260000.0,145929.42
179200.0,130868.34
145900.0,152031.19
425000.0,424201.66
365000.0,418750.72
780000.0,674888.0
130000.0,142160.39
59000.0,63926.94
83000.0,108587.36
155000.0,169059.12
37500.0,73885.64
100000.0,125063.664
185000.0,163684.66
229000.0,215608.08
239000.0,255941.88
190000.0,71609.875
180000.0,210055.47
65000.0,111236.16
130000.0,97958.41
150000.0,85644.27
74000.0,160801.55
285000.0,211705.38
85000.0,134722.34
285000.0,381947.78
89900.0,74101.2
99000.0,132762.53
325000.0,367369.7
150000.0,136619.3
138000.0,141290.11
195800.0,186198.66
225000.0,303201.53
365000.0,360633.22
142000.0,140993.05
50000.0,60740.75
169000.0,222836.05
299000.0,359353.53
190000.0,179340.77
127900.0,115210.34
699000.0,563250.8
119000.0,150987.55
240000.0,301774.9
199900.0,122098.48
110000.0,131577.17
65000.0,59142.867
135000.0,125119.98
149000.0,106281.484
299000.0,316983.44
220000.0,288352.03
145000.0,154560.77
120000.0,124599.44
150000.0,141870.17
95000.0,111800.234
85000.0,77435.75
89500.0,88546.04
106000.0,161797.4
65000.0,105163.305
75000.0,73138.94
500000.0,575882.44
215000.0,201993.53
700000.0,574704.1
390000.0,304013.1
195000.0,155919.55
33750.0,55096.63
495000.0,613568.06
190000.0,146909.55
390000.0,354311.56
214500.0,133555.55
40000.0,69818.5
155900.0,113222.164
73000.0,167732.81
165000.0,129323.09
138500.0,131820.6
285000.0,235039.03
48371.0,54535.895
125000.0,168907.92
230000.0,339290.1
260000.0,287703.47
59000.0,65882.125
85000.0,97486.414
100500.0,125295.01
99000.0,134427.3
80000.0,68963.91
545000.0,677473.9
470000.0,350152.75
100000.0,230984.95
155000.0,95738.25
74000.0,70370.54
120000.0,194924.4
67000.0,72368.74
85000.0,100063.5
320000.0,284982.2
520000.0,314656.4
139900.0,166287.8
240000.0,250036.55
84300.0,71803.17
218000.0,247033.39
126000.0,120925.84
210000.0,157906.23
112000.0,141758.08
59000.0,61042.508
165000.0,331014.44
69900.0,79534.195
130000.0,151448.98
110000.0,108122.3
95000.0,131039.78
62000.0,61405.465
290000.0,306730.56
110000.0,96464.02
119000.0,102034.414
250000.0,384768.56
128000.0,115618.836
139500.0,103255.63
98500.0,146336.78
639900.0,571176.9
178000.0,185555.03
105874.0,114954.484
109800.0,147656.08
265000.0,270734.16
115500.0,148836.95
83000.0,117262.37
135000.0,148279.88
149999.0,126337.34
315000.0,262926.7
139000.0,210530.33
125000.0,156524.39
90000.0,94057.38
350000.0,305952.94
250000.0,242612.66
80000.0,91281.67
155000.0,162597.44
85000.0,122546.11
690000.0,646162.06
139000.0,181771.28
58999.0,76582.67
75000.0,89372.9
140000.0,227724.42
75000.0,148292.06
119900.0,174328.88
105000.0,81825.805
90000.0,122064.1
48500.0,75947.01
229000.0,281772.97
69500.0,69080.016
200000.0,300698.47
148000.0,193041.69
146500.0,124950.27
59500.0,90511.805
94000.0,163339.86
115000.0,118749.26
93000.0,79195.78
71000.0,83836.71
122900.0,162063.16
51600.0,61581.14
380000.0,504073.72
139900.0,141569.28
80000.0,88034.97
150000.0,151692.86
190000.0,126954.78
500000.0,339120.28
124000.0,137096.0
950000.0,684860.44
359900.0,206122.78
79000.0,76137.24
90000.0,77179.984
173000.0,221152.58
115000.0,119389.92
310000.0,333517.5
335000.0,249089.75
210140.0,222004.55
165460.0,173420.9
269000.0,235790.84
116000.0,116462.14
109000.0,140745.52
84000.0,111549.45
210000.0,196096.92
118000.0,101210.2
529000.0,600955.8
93500.0,94435.945
153600.0,122751.65
550000.0,632768.25
73000.0,91398.695
99000.0,88511.26
139000.0,106120.33
890000.0,1213012.9
104000.0,119775.34
260000.0,384029.9
259000.0,385141.1
630000.0,359229.0
174000.0,293497.5
125000.0,137081.56
460000.0,278832.34
85000.0,93497.41
180000.0,121031.0
199000.0,172186.36
66000.0,99896.99
380000.0,371773.44
330000.0,563414.0
109000.0,156798.19
290000.0,242293.05
125000.0,161326.1
75000.0,112347.51
145000.0,155500.75
790000.0,726206.4
360000.0,251980.67
240000.0,227567.72
225000.0,197531.45
77000.0,78365.83
179000.0,234609.86
60000.0,54521.78
77000.0,93720.695
420000.0,423391.56
390000.0,441432.12
209000.0,368070.72
92000.0,126086.52
355000.0,372484.5
84500.0,109027.74
375000.0,871350.8
80400.0,64154.414
410000.0,321691.03
70000.0,107983.734
148000.0,172284.81
268000.0,272069.4
399900.0,393400.25
189000.0,168978.22
125000.0,103936.6
62000.0,144840.67
145000.0,158098.03
190000.0,196418.97
85000.0,120802.58
205000.0,246832.9
85000.0,110658.18
235000.0,137196.08
44825.0,85545.48
196000.0,228071.66
1223900.0,805560.9
169000.0,124403.71
105000.0,128970.65
88000.0,92060.75
195841.0,147906.88
158000.0,161317.6
1500000.0,1182242.8
159000.0,152389.62
235000.0,250441.0
226000.0,285867.72
46000.0,95124.97
128000.0,120907.85
88900.0,83629.945
139500.0,114290.84
172000.0,152545.64
70000.0,102741.52
159000.0,147478.31
85000.0,123536.266
495000.0,421881.03
110000.0,118103.65
75000.0,88657.96
135000.0,109681.07
430000.0,200172.06
57000.0,80603.7
210000.0,339179.72
79000.0,96702.98
89500.0,91099.75
159900.0,173145.7
84000.0,98421.27
130000.0,115244.69
489000.0,230786.8
69500.0,87939.09
135000.0,172743.42
83500.0,95903.836
199000.0,153536.05
441000.0,427150.88
360000.0,484086.84
85500.0,99568.945
340000.0,369777.53
70000.0,80988.14
99000.0,114279.66
179500.0,167978.83
155000.0,152777.56
149000.0,133233.47
190000.0,204600.39
64900.0,65806.945
182000.0,251759.36
390000.0,369501.03
230000.0,313009.66
92913.0,100353.59
165000.0,173112.78
209000.0,241876.48
208000.0,184221.3
125000.0,103476.47
149000.0,136179.83
138000.0,104834.53
1150000.0,608975.9
51000.0,129047.83
49900.0,64691.99
150000.0,114725.125
180000.0,236931.6
175000.0,224252.55
440000.0,382871.2
169000.0,155816.03
120000.0,119939.76
59000.0,60649.996
125000.0,112537.21
105000.0,141891.23
195000.0,242947.75
90000.0,123886.67
98864.0,130531.28
280000.0,186107.27
490000.0,369118.06
118900.0,117243.375
132000.0,102432.64
300000.0,215957.16
195000.0,248452.03
165000.0,197348.89
139000.0,145282.52
110000.0,82758.07
210000.0,207658.11
84000.0,77596.375
80500.0,54638.664
190900.0,167386.42
78000.0,115081.39
84000.0,95600.414
171000.0,136752.55
358000.0,434946.28
174000.0,211085.08
69900.0,65896.54
113900.0,152843.14
150000.0,163924.92
98000.0,75458.95
230000.0,256491.14
188800.0,147630.75
125000.0,135610.56
140000.0,152513.11
173000.0,134525.69
95000.0,150624.67
83700.0,72777.61
210000.0,222439.7
62000.0,79826.445
90000.0,132765.19
130000.0,129946.46
89500.0,75641.234
82000.0,85872.44
166900.0,144705.48
289000.0,260007.22
219500.0,227480.69
138000.0,136097.66
155000.0,131556.56
175000.0,183648.28
84900.0,142995.67
175000.0,192342.56
259000.0,310105.97
75000.0,65031.38
298000.0,297106.28
329900.0,374564.84
125000.0,120024.68
270000.0,219643.33
115000.0,114757.484
1100000.0,1067224.8
67000.0,73372.69
175000.0,235177.42
134000.0,153670.2
59900.0,65624.51
129000.0,194068.45
89000.0,112436.52
98000.0,126186.23
190000.0,333748.88
69900.0,99052.64
115763.0,100792.71
100000.0,108910.25
150000.0,190118.52
295000.0,331690.94
140000.0,139619.92
75000.0,78437.516
68000.0,76023.39
215000.0,247361.28
139000.0,129423.63
130000.0,200955.2
70000.0,147102.4
490000.0,534451.0
98000.0,120988.34
194000.0,190500.36
189999.0,163361.78
200000.0,224018.44
180000.0,196411.73
250000.0,275941.03
510000.0,434035.66
75000.0,60106.227
425000.0,649067.7
141000.0,155004.5
68400.0,63655.367
115000.0,135247.22
70000.0,54776.293
110000.0,148247.34
70000.0,100491.29
330000.0,306849.22
389000.0,307733.28
59000.0,50228.19
400000.0,375087.66
330000.0,481459.84
205000.0,255061.58
149000.0,169806.16
104000.0,114142.95
129500.0,116475.984
220000.0,204418.56
130000.0,93415.375
840000.0,1021093.2
88000.0,123186.41
89900.0,97021.2
360000.0,336808.03
129000.0,226380.75
85000.0,81765.97
50000.0,45193.066
210000.0,272464.72
465000.0,395994.62
325000.0,463704.88
67500.0,63292.094
159000.0,145318.55
259900.0,181647.92
76000.0,78370.586
375000.0,439095.4
73000.0,76159.984
189000.0,187127.3
87000.0,80329.78
135000.0,186116.23
59000.0,70880.445
160000.0,159423.27
163000.0,166962.58
355000.0,362831.56
71500.0,79515.695
69000.0,77058.76
365000.0,470104.28
85000.0,56839.945
260000.0,248757.77
115000.0,134386.9
280000.0,214147.5
254000.0,232858.61
88000.0,174194.53
87000.0,96695.82
87000.0,110844.72
70000.0,110912.84
89900.0,128324.15
330000.0,298843.53
158000.0,262531.16
87000.0,87169.85
129000.0,115746.58
950000.0,784772.94
300000.0,242336.16
129700.0,125740.01
98500.0,85203.06
275000.0,139090.78
109000.0,92275.53
69000.0,66835.125
129000.0,123214.695
61000.0,73152.4
1320000.0,1247817.6
330000.0,273544.47
355000.0,483829.1
115000.0,135553.95
104500.0,141173.28
129900.0,154672.52
298000.0,254621.02
78000.0,74308.02
35000.0,6834.1885
115000.0,110407.484
145000.0,165595.36
310000.0,244966.45
79000.0,141255.23
219000.0,279265.25
190000.0,161458.28
104000.0,93755.69
135000.0,140830.84
105000.0,79497.68
260000.0,183976.97
177000.0,192582.48
185000.0,175141.39
77000.0,94463.83
160000.0,158996.6
598000.0,334799.3
245000.0,370282.5
102087.0,90724.625
99000.0,126326.664
65000.0,69039.35
92000.0,77365.19
94200.0,81913.89
135000.0,126746.03
179900.0,167884.1
105000.0,116308.37
85000.0,81140.45
185000.0,236514.36
119000.0,119567.414
136000.0,140872.89
48000.0,60405.633
235000.0,276053.66
60000.0,106979.31
190000.0,152892.0
79000.0,73192.63
92000.0,107625.42
110000.0,141711.44
525000.0,349150.56
185000.0,208762.8
48000.0,48455.04
249900.0,260202.08
75000.0,68952.31
240000.0,154542.06
125000.0,138361.61
65000.0,96698.9
220000.0,210398.12
98000.0,133717.98
168000.0,179186.55
110000.0,129550.625
220000.0,139258.05
565000.0,696295.5
225000.0,186829.22
200000.0,308724.78
270000.0,229765.16
180000.0,223569.17
195000.0,186389.36
109500.0,130527.08
151000.0,113962.2
139000.0,194318.67
43500.0,68171.57
85000.0,71992.57
514000.0,362117.0
155000.0,173600.83
165000.0,128920.836
64900.0,77361.34
147900.0,130750.86
95000.0,89251.38
170000.0,192932.0
530000.0,403449.94
247000.0,331649.78
72000.0,93134.914
65000.0,67009.2
98000.0,82752.12
355000.0,434174.78
175000.0,138523.88
40000.0,51244.516
139900.0,174546.58
295000.0,258685.55
122000.0,101023.81
76000.0,85312.61
63900.0,66119.445
149000.0,93514.24
159500.0,145011.9
190000.0,164117.72
850000.0,879749.25
64900.0,76613.17
152000.0,183887.17
71601.0,86525.05
185000.0,143415.9
920000.0,436261.75
69900.0,120638.945
257900.0,204492.1
125000.0,128652.45
95000.0,72827.45
79000.0,67165.97
399000.0,365004.8
149000.0,241569.02
90000.0,97022.34
340000.0,419018.4
108000.0,128495.49
135000.0,119695.35
107984.0,114954.484
400000.0,363889.66
225700.0,152964.97
130000.0,133660.05
135000.0,171469.19
392000.0,293498.72
75000.0,57849.85
258000.0,265188.5
96000.0,102453.78
140000.0,166362.25
289000.0,217848.42
300000.0,450192.06
370000.0,380129.44
150000.0,176192.55
350000.0,345906.78
120000.0,101082.77
115000.0,105744.04
58846.0,71472.33
240000.0,454634.2
87000.0,87712.54
89900.0,92779.34
90000.0,107598.64
194900.0,196169.3
182000.0,201144.67
89000.0,150859.03
430000.0,623513.8
290000.0,255926.64
115000.0,141100.72
100000.0,120261.984
177000.0,116159.164
595000.0,433332.38
59370.0,75509.11
97500.0,132288.27
120000.0,85471.766
97900.0,111094.25
289000.0,260007.22
455000.0,372970.34
89000.0,113445.67
55000.0,62998.04
59000.0,67157.5
139000.0,158723.56
155000.0,198372.56
1050000.0,1016327.2
300000.0,219225.81
178000.0,206116.39
167000.0,165807.8
230000.0,349316.2
135000.0,108501.11
109000.0,122557.836
1350000.0,1164673.5
98000.0,142605.02
69000.0,73724.055
245000.0,214089.44
198000.0,302212.34
299500.0,326837.06
265000.0,234187.89
289000.0,310112.62
99000.0,115987.266
240000.0,233891.66
470000.0,365426.9
58000.0,49994.36
93000.0,97798.945
76000.0,123039.88
750000.0,526394.3
480000.0,362722.25
245000.0,219496.6
92000.0,77365.19
110000.0,146921.94
279000.0,260007.22
275000.0,406778.56
73000.0,98916.125
520000.0,577697.8
89000.0,100362.94
150000.0,170290.83
100000.0,96812.766
145000.0,154615.34
279900.0,305946.56
155000.0,157703.05
125000.0,152745.11
79900.0,66805.53
420000.0,244150.83
65000.0,78220.945
100000.0,108374.734
1350000.0,1164673.5
64900.0,106516.66
95000.0,98920.01
279000.0,212172.78
70000.0,75722.445
290000.0,308907.5
99000.0,131743.5
550000.0,418933.66
65000.0,75729.73
310000.0,319105.38
228000.0,234519.34
350000.0,514050.72
495000.0,442414.53
89000.0,84579.766
82170.0,91950.164
250000.0,264589.22
199000.0,193988.42
55000.0,50173.85
55000.0,79722.17
164000.0,154140.66
75000.0,162226.03
1500000.0,1185021.1
137500.0,175281.27
95000.0,125161.42
115000.0,48029.254
760000.0,779541.56
498000.0,288235.06
79000.0,63883.223
99000.0,117795.93
79000.0,93191.06
56300.0,78529.12
169900.0,218520.95
83000.0,114262.195
180000.0,191551.08
115000.0,110675.68
895000.0,625741.7
180000.0,143815.19
119000.0,102746.26
239000.0,272515.1
160000.0,144014.39
230000.0,200655.33
120000.0,92433.8
173164.0,124211.34
115150.0,122345.75
135000.0,224796.31
315000.0,392168.66
70000.0,79868.4
124500.0,128847.875
68000.0,65617.35
300000.0,202743.95
185000.0,178883.83
35000.0,58899.16
175000.0,226061.83
190000.0,196324.34
292000.0,219899.7
95000.0,100921.86
169000.0,174983.12
56900.0,73552.305
219000.0,234983.89
140000.0,139398.14
298000.0,302087.88
160000.0,147549.77
248000.0,285008.47
175000.0,290077.84
90000.0,92900.6
105000.0,137843.38
212000.0,269860.2
52000.0,68852.76
70000.0,70382.82
138400.0,141173.28
400000.0,389952.66
221000.0,175927.19
277300.0,276315.78
75000.0,92877.46
430000.0,617128.06
266073.0,471856.47
89600.0,99844.56
215000.0,264061.53
122000.0,119489.85
90000.0,83261.266
220000.0,341914.3
125000.0,229890.22
130000.0,136216.77
230000.0,197732.97
130000.0,156557.97
140000.0,169751.89
83000.0,75215.984
225000.0,280765.6
350000.0,939684.1
95000.0,96432.97
189999.0,582041.9
309900.0,325722.0
92000.0,64249.58
183393.0,154092.6
84900.0,111881.15
73000.0,66786.66
98000.0,95611.46
125000.0,142696.5
63000.0,59302.996
596900.0,584073.25
105600.0,100624.49
159000.0,183322.3
129000.0,130036.35
125000.0,127719.836
140000.0,153644.77
149000.0,153038.94
120000.0,157019.16
67999.0,126551.58
92000.0,197918.25
650000.0,541432.75
169000.0,168962.8
260000.0,198497.84
106000.0,129999.85
64000.0,61661.83
245000.0,258501.48
199900.0,228962.55
69900.0,95213.914
58000.0,68832.25
115000.0,118908.36
115000.0,123348.65
210000.0,253843.66
92000.0,95633.12
1000000.0,1007175.2
235000.0,347114.5
120000.0,95604.76
92000.0,87841.29
198000.0,253113.92
169648.0,140413.77
1400000.0,771339.6
76000.0,64334.83
139000.0,168506.89
120000.0,263057.75
110000.0,95691.51
80000.0,79189.2
189000.0,215701.22
168000.0,145497.23
168000.0,200134.62
108000.0,90698.5
240000.0,279265.25
94900.0,113819.02
299000.0,269746.5
125000.0,95813.58
89000.0,77106.27
168000.0,155815.88
103000.0,134502.12
195000.0,132923.11
330000.0,329471.75
1300000.0,1274860.0
95000.0,99392.234
145000.0,169282.89
115000.0,97885.82
169000.0,157770.2
74900.0,69052.086
155000.0,154424.3
150000.0,199442.36
225000.0,191406.22
110000.0,128842.3
165000.0,111298.53
240000.0,247063.17
245000.0,255606.83
190000.0,282009.12
109000.0,158163.39
119000.0,94431.18
129000.0,177182.17
180000.0,147271.83
53000.0,98144.875
85000.0,86618.88
270000.0,378771.78
180000.0,152108.27
134719.0,155666.25
210000.0,207712.27
259000.0,299634.4
165000.0,201428.73
169000.0,157770.2
289000.0,218469.53
660000.0,456374.25
165000.0,156306.06
68000.0,69745.33
71500.0,134242.52
89900.0,102525.26
115000.0,131782.52
68999.0,61246.66
88900.0,81545.61
99000.0,89593.67
107000.0,123456.5
240000.0,388268.28
69500.0,76501.945
67000.0,67865.766
399500.0,390450.38
100000.0,158107.95
59800.0,67755.63
190000.0,122456.75
165000.0,269750.2
110000.0,189266.86
122000.0,96607.23
145000.0,199449.06
149500.0,133518.73
129000.0,186905.89
115000.0,107693.42
99000.0,96777.13
135000.0,103725.72
158000.0,133272.34
120000.0,130453.445
75000.0,99853.19
72000.0,88976.63
150000.0,196164.77
190000.0,126954.78
630000.0,343250.72
86650.0,122197.63
205000.0,127676.76
375000.0,503316.78
140000.0,117335.5
196000.0,125553.02
108381.0,98422.766
254000.0,185936.2
149000.0,227378.39
275000.0,200170.52
209000.0,199066.44
87000.0,76720.51
279000.0,255559.86
54000.0,65939.12
95000.0,76800.54
307000.0,271693.84
120000.0,120806.16
152000.0,198259.6
109000.0,132229.06
128000.0,70482.22
88000.0,83039.45
165000.0,206259.2
189000.0,286558.0
118500.0,172098.23
135000.0,179190.7
128000.0,140950.31
225000.0,191793.17
144000.0,131724.06
75000.0,120500.82
216000.0,174405.73
89000.0,78950.016
118000.0,105954.305
425000.0,417073.0
550000.0,462880.4
200000.0,159411.56
120000.0,169006.56
190000.0,223334.6
160000.0,177371.23
790000.0,1004074.4
235000.0,251550.86
216000.0,171331.55
180000.0,208179.72
130000.0,117502.86
105000.0,129051.266
370000.0,227821.1
60000.0,47604.32
369000.0,384095.3
240000.0,431644.97
240000.0,208813.4
115000.0,81962.46
325000.0,221303.1
515000.0,475516.62
259000.0,336868.22
40000.0,61747.95
86000.0,81399.93
550000.0,579934.94
175000.0,159183.94
209000.0,142943.97
230000.0,251206.77
55000.0,128594.5
120000.0,73355.66
177890.0,176868.16
275000.0,338736.0
435000.0,263136.6
125000.0,106851.16
155000.0,116376.234
72000.0,123756.125
695000.0,704715.56
65000.0,75719.54
135000.0,156828.94
129000.0,171976.31
140000.0,119678.5
60000.0,60880.223
149000.0,148884.31
79000.0,88984.47
94900.0,99021.35
41000.0,52756.707
69000.0,114914.57
545000.0,651564.4
84000.0,81736.0
59800.0,74847.68
240000.0,252296.47
149000.0,126425.13
489500.0,555793.9
52000.0,59781.297
88500.0,86580.85
360000.0,298372.9
210000.0,177781.0
69000.0,78594.91
114800.0,97209.1
145000.0,164697.1
102000.0,91868.29
164000.0,151334.7
92000.0,128523.37
178000.0,166726.81
399000.0,301658.4
165000.0,164253.81
301800.0,306539.12
146800.0,198843.48
180000.0,134832.17
355000.0,590269.06
87000.0,96695.82
87000.0,80320.164
138000.0,112279.664
95000.0,94284.19
760000.0,857881.56
360000.0,232994.16
175000.0,153591.31
250000.0,213700.2
360000.0,344242.47
283000.0,233455.8
129500.0,115610.18
107500.0,100473.72
200000.0,171221.55
122000.0,76765.28
65000.0,106215.445
60000.0,55883.72
990000.0,1035886.3
330000.0,338387.0
295000.0,548731.2
147999.0,134474.95
235000.0,234337.53
128700.0,121180.375
78900.0,71581.77
145000.0,142707.86
250000.0,292585.88
105000.0,101008.22
109000.0,76802.67
238000.0,185688.62
110000.0,132845.7
350000.0,402911.84
160000.0,142209.27
105000.0,166325.73
76000.0,81868.84
128000.0,116842.33
169000.0,141878.8
104900.0,131052.39
159000.0,185239.81
80000.0,108590.8
60000.0,57460.035
64765.0,65678.05
186581.0,165638.25
144000.0,134090.55
140000.0,144586.39
92000.0,81797.72
140000.0,132958.3
250000.0,230651.8
420000.0,376814.6
123000.0,106793.555
169800.0,123937.54
265000.0,203452.4
155000.0,163192.45
159000.0,116371.42
270000.0,172217.62
240000.0,259532.92
120000.0,107686.71
60000.0,65036.574
129800.0,152250.8
119999.0,135216.27
225000.0,154263.75
142000.0,183442.48
92000.0,105766.27
46114.0,88742.74
89900.0,125764.84
129500.0,167779.16
102000.0,110173.59
213900.0,252760.67
280000.0,307267.94
119000.0,129634.55
140000.0,121562.88
93000.0,83299.71
285000.0,296397.34
175000.0,184932.36
159900.0,170001.06
280000.0,438209.16
240000.0,248714.84
155000.0,209779.62
248000.0,156941.66
215000.0,335456.12
122000.0,131083.61
47000.0,44078.02
88000.0,85915.586
158000.0,159881.2
165000.0,160941.27
79000.0,80106.71
109000.0,121591.984
127000.0,75565.305
78000.0,82474.16
110000.0,115382.89
67000.0,63627.88
240000.0,237447.4
76000.0,93434.57
105000.0,99319.72
85000.0,124057.88
170000.0,142708.52
150000.0,173121.16
310000.0,308620.84
130000.0,95126.99
64000.0,88258.625
108400.0,100037.36
750000.0,868594.1
55000.0,64373.492
120000.0,119872.81
88000.0,104645.91
118000.0,95478.49
298000.0,414898.44
250000.0,248163.05
245000.0,219455.39
695000.0,727967.5
108000.0,89551.77
475000.0,569850.56
82900.0,132304.89
280000.0,202524.08
217500.0,242976.23
79000.0,75423.01
460000.0,488825.62
85000.0,72704.77
109900.0,103636.61
220000.0,207642.06
130000.0,113734.58
720000.0,722345.0
390000.0,343532.28
170000.0,129063.33
105000.0,87760.77
120000.0,140627.56
410000.0,757790.25
145000.0,108353.65
137500.0,163212.6
95000.0,86659.02
110000.0,90238.8
88000.0,83864.445
95000.0,95174.36
68000.0,60936.598
700000.0,862932.5
104900.0,118411.98
410000.0,558504.44
99000.0,77755.27
153000.0,164358.72
120000.0,149653.52
189000.0,195680.42
149500.0,124950.27
145000.0,235719.17
1500000.0,1120830.9
165000.0,164535.16
98000.0,83305.58
188000.0,100871.98
78000.0,112443.25
142000.0,179154.36
55000.0,77458.22
165000.0,125855.984
450000.0,215349.03
138000.0,141914.19
80300.0,68887.23
105000.0,107585.234
90000.0,78785.93
435000.0,358034.56
237000.0,140783.16
280000.0,371235.62
249999.0,275727.06
220000.0,264980.97
63900.0,61967.973
189500.0,161750.6
168000.0,170286.64
138000.0,98361.02
138000.0,115739.23
215000.0,201993.53
110000.0,117208.53
80000.0,86611.83
68000.0,56688.86
79000.0,110366.1
45000.0,55067.21
79900.0,99404.96
101778.0,185223.72
128000.0,120600.86
69800.0,63246.65
245000.0,242403.81
100000.0,256757.75
76500.0,97124.445
265000.0,280552.0
245000.0,214380.4
215000.0,146352.9
80000.0,90701.32
170000.0,245361.52
70000.0,113185.37
167000.0,165160.52
107000.0,136688.55
52000.0,64221.11
129300.0,121348.44
380000.0,444849.9
169000.0,166617.02
89000.0,99840.4
260000.0,383187.56
58000.0,62511.36
205000.0,173536.69
135000.0,163969.47
439000.0,594089.06
53000.0,48664.098
90900.0,119499.28
131509.0,92136.45
70000.0,61517.613
232000.0,237968.28
82600.0,55102.742
450000.0,788020.94
155000.0,173904.62
99000.0,158440.03
160300.0,209679.84
99000.0,86902.914
165000.0,160252.4
175000.0,155840.56
250000.0,254395.34
260000.0,245682.77
465000.0,355385.28
1100000.0,965043.75
105000.0,102194.25
730000.0,709854.3
250000.0,257486.52
88000.0,94509.68
365000.0,325769.16
149900.0,175156.89
69000.0,72230.89
558000.0,556635.94
75000.0,110515.516
107000.0,102496.92
1100000.0,1046586.6
145000.0,144070.22
980000.0,963748.94
145000.0,151975.47
52000.0,88345.805
125000.0,147405.53
163000.0,222836.05
288000.0,259244.36
69000.0,85409.266
112000.0,109221.74
65500.0,64436.336
220000.0,194226.55
95000.0,97188.97
220000.0,280560.4
210000.0,134525.69
85000.0,111291.86
89000.0,88190.31
349000.0,456629.03
125000.0,127934.63
135000.0,164192.36
154600.0,159975.55
360000.0,501139.06
39900.0,57627.812
78000.0,86938.51
451170.0,243279.31
44000.0,52651.723
240000.0,166925.77
88000.0,133220.42
208000.0,246714.14
280000.0,286277.3
104000.0,91362.89
180000.0,179421.61
740000.0,621644.3
87000.0,89351.266
395000.0,303671.25
285000.0,328387.8
42000.0,47625.72
140000.0,142206.69
165000.0,169552.03
480000.0,439517.7
110000.0,102931.04
74500.0,88221.29
218032.0,180423.39
410000.0,451669.44
87000.0,103231.984
93000.0,73150.59
95000.0,83842.14
59900.0,56886.117
155000.0,179632.23
210000.0,243613.88
98000.0,89789.38
114000.0,127052.65
150000.0,149655.97
110000.0,88939.28
72000.0,85413.9
94000.0,89554.59
108000.0,118689.195
229001.0,281428.03
153000.0,133848.4
309000.0,303702.72
150000.0,274797.88
80000.0,78790.414
139000.0,131872.67
89000.0,73323.09
42000.0,52218.02
135000.0,148111.52
155000.0,129299.23
91999.0,100631.78
119000.0,135957.83
288000.0,293610.38
95000.0,99837.65
180000.0,182422.6
135000.0,137048.08
78000.0,78323.12
95000.0,88396.06
155900.0,156960.47
230000.0,282073.28
105000.0,128013.91
445000.0,453580.22
140000.0,108929.836
239000.0,179832.98
410000.0,757790.25
105000.0,75958.375
91000.0,87715.46
69000.0,67224.11
279900.0,234673.98
87000.0,133365.75
125000.0,146919.31
105500.0,106372.555
169000.0,157192.4
230000.0,191523.31
65000.0,75612.48
760000.0,556071.06
160000.0,136453.9
140000.0,167138.97
77900.0,94551.28
108000.0,164331.2
150000.0,161336.73
196000.0,186905.89
1290000.0,864273.5
69000.0,72870.99
65000.0,66096.664
150000.0,95901.46
68000.0,74533.82
240000.0,261472.78
81000.0,61388.855
120000.0,100314.45
199000.0,142820.53
70000.0,50100.05
246000.0,155029.92
118000.0,142613.0
99990.0,129893.1
98500.0,83740.91
59000.0,97382.72
150000.0,158731.11
250000.0,320245.97
215000.0,240210.64
149900.0,147816.7
92000.0,92433.8
145000.0,145281.52
80000.0,84390.45
298000.0,268329.66
55000.0,65564.836
370000.0,456037.22
320000.0,325707.06
153000.0,165060.6
210000.0,168164.23
180000.0,143535.92
85000.0,194310.84
137500.0,175281.27
67000.0,77186.02
160000.0,143532.48
145000.0,166158.48
290000.0,213791.36
310000.0,427081.62
160000.0,186001.14
160990.0,143415.9
115000.0,48771.688
265000.0,177936.88
90000.0,114704.086
83000.0,70102.414
320000.0,369271.62
80000.0,71044.77
298000.0,280560.4
150000.0,127257.12
160000.0,191110.06
160000.0,182104.11
119500.0,148807.52
208000.0,175153.52
557000.0,251290.28
136900.0,89361.72
775000.0,892482.3
63000.0,69883.13
65000.0,90243.05
88000.0,86388.3
115000.0,140343.39
70000.0,69405.76
147000.0,275915.62
75000.0,65727.96
180000.0,161241.0
98000.0,95363.75
79000.0,86433.05
78900.0,100541.76
80000.0,78621.086
105000.0,118922.54
142740.0,153704.92
75000.0,81699.84
125000.0,115303.18
85000.0,61743.96
122000.0,128262.7
69000.0,80092.44
519900.0,544519.3
119000.0,104326.22
110000.0,141955.14
216000.0,190473.7
225000.0,145252.97
67570.0,85572.37
175000.0,177675.7
289000.0,379306.66
159000.0,129162.266
110000.0,146390.1
590000.0,446842.3
130000.0,130449.6
99000.0,101112.95
210000.0,126138.66
160000.0,129652.54
89000.0,137554.86
224900.0,177975.02
140000.0,181785.3
422793.0,460052.12
130000.0,141077.53
232000.0,199510.6
135000.0,122143.92
235000.0,268823.47
220000.0,78083.336
99900.0,73770.695
99000.0,85154.51
65000.0,90571.195
115000.0,131377.81
220000.0,178712.03
268500.0,279916.56
69500.0,134900.72
189000.0,194867.06
57800.0,56671.04
990000.0,913989.9
105000.0,92760.18
106000.0,148595.58
53000.0,88216.86
110000.0,153200.28
135000.0,125928.4
159000.0,127742.03
84500.0,60116.1
75000.0,65849.59
490000.0,441478.66
79000.0,110626.19
120000.0,147327.19
86000.0,69824.86
190000.0,260975.38
95000.0,117511.73
59500.0,72399.055
165000.0,165601.67
290000.0,231483.6
1500000.0,902576.6
119900.0,101078.26
280000.0,270641.7
99000.0,105529.18
50000.0,70122.62
109000.0,87838.31
260000.0,318813.1
146000.0,210324.69
118000.0,108891.07
190000.0,175183.84
72000.0,70550.74
920000.0,495373.1
155000.0,134233.12
140000.0,149609.33
98000.0,92630.59
110000.0,117999.74
220000.0,340204.28
315000.0,266454.62
143000.0,127329.31
95000.0,107215.734
190000.0,206941.55
135000.0,136559.72
129000.0,168655.14
250000.0,357297.38
135000.0,102592.58
52684.0,73576.31
380000.0,256978.97
250000.0,219376.4
108000.0,122498.34
284900.0,269428.62
275000.0,338841.53
90000.0,104052.3
260000.0,257856.64
98000.0,129360.44
110000.0,136793.73
125000.0,135116.14
339000.0,254133.83
132500.0,127212.555
188000.0,200006.38
310000.0,315069.88
104900.0,104176.49
60000.0,96252.95
1200000.0,826522.25
78000.0,116605.98
199500.0,190510.27
164000.0,244799.72
560000.0,466156.44
155000.0,115874.49
212000.0,251553.7
170000.0,199775.27
199000.0,147402.38
295000.0,288015.84
78000.0,79775.93
159000.0,222990.12
280000.0,304688.8
209900.0,176512.58
124000.0,118275.086
175000.0,176978.75
585259.0,672434.4
148000.0,220530.22
270000.0,261651.22
240000.0,203462.45
830000.0,313310.88
225000.0,205846.66
85000.0,79872.83
110000.0,118503.8
96000.0,95103.09
73000.0,65127.72
200000.0,165277.58
64000.0,142849.48
89000.0,125388.35
180000.0,136453.9
125000.0,125555.95
159000.0,289906.75
60000.0,65300.96
110000.0,111931.88
114537.0,129710.94
129000.0,164049.89
60000.0,89651.82
109000.0,109496.17
305000.0,256665.44
94000.0,123483.0
214900.0,271065.1
180000.0,153146.16
490000.0,510517.38
70000.0,106618.87
85000.0,68978.04
89900.0,114550.766
275000.0,290029.3
165000.0,147997.2
109900.0,97442.96
99000.0,127320.14
168000.0,244042.53
129000.0,114197.734
89000.0,120651.78
85000.0,71659.57
210000.0,243065.36
70000.0,96263.914
140000.0,135106.33
75000.0,56396.473
485000.0,571438.1
182000.0,183113.27
135000.0,123148.516
260000.0,197185.1
290000.0,206371.48
55000.0,70409.11
55000.0,69116.05
850000.0,677658.56
145000.0,123734.53
23000.0,74296.625
94000.0,108643.5
90000.0,92699.25
880000.0,1006286.5
670000.0,442265.8
144900.0,127329.875
98950.0,102803.67
580000.0,362185.16
260000.0,333000.78
285000.0,188241.11
42640.0,104206.18
280000.0,271779.2
149500.0,144121.31
54000.0,58172.84
225000.0,194319.88
195000.0,221303.1
249000.0,196541.23
248000.0,367294.38
1350000.0,1275988.8
230000.0,346969.8
137500.0,113753.08
102892.0,105271.984
125000.0,111997.1
116000.0,84328.266
67000.0,115216.02
279000.0,307599.28
95000.0,79133.88
360000.0,372542.1
99000.0,148690.48
345000.0,331680.34
390000.0,393754.7
445000.0,592648.9
560000.0,427688.66
110000.0,176462.5
135000.0,83186.414
125000.0,98909.82
135000.0,216271.3
165000.0,183699.31
95000.0,94907.49
120000.0,134984.19
112000.0,100267.41
140000.0,139371.64
160000.0,174207.81
535000.0,455782.94
124500.0,95885.2
95000.0,98962.97
29000.0,45747.926
79900.0,72414.65
84900.0,103894.07
205000.0,222110.4
470000.0,366468.16
70000.0,63569.824
98500.0,73725.414
90000.0,100139.79
220000.0,351006.4
138000.0,165419.36
77100.0,95133.086
120000.0,301066.72
160000.0,161179.31
59500.0,66644.67
638000.0,549022.2
170000.0,115295.17
229000.0,196028.66
90224.0,97014.11
107000.0,121598.68
115000.0,137928.9
79900.0,115042.1
295000.0,329485.12
138000.0,130040.11
160000.0,180150.67
82000.0,96473.195
119000.0,119750.766
540000.0,496153.4
590000.0,245117.39
134000.0,133552.25
149900.0,139077.77
95700.0,112096.07
78000.0,103038.97
64900.0,75926.04
67000.0,105332.9
190000.0,238161.2
75000.0,101379.82
69900.0,138121.0
92250.0,94714.49
150000.0,94278.72
125000.0,251331.38
95000.0,110624.695
130000.0,139239.53
330000.0,457776.56
166000.0,173946.47
120000.0,141452.69
206000.0,159894.44
89900.0,98471.12
83000.0,80318.32
210000.0,189791.78
175000.0,195233.98
85800.0,99746.95
79700.0,94427.266
167500.0,119513.12
166000.0,197202.53
450000.0,694812.25
135000.0,127639.43
95000.0,120362.125
145000.0,163826.44
137000.0,182442.73
114500.0,97442.96
50000.0,38439.715
140000.0,138090.94
156000.0,163136.61
90000.0,98907.53
145000.0,149775.4
139000.0,201527.86
490000.0,162653.03
280000.0,301374.7
139000.0,117708.19
119900.0,94197.64
109000.0,121489.42
70000.0,93666.38
750000.0,854032.3
110000.0,159766.14
150000.0,141403.12
325000.0,336532.72
95000.0,85215.164
120000.0,106999.21
124000.0,102034.414
39800.0,38004.33
165000.0,176755.31
69000.0,105148.945
1250000.0,865497.9
340000.0,387734.9
310000.0,188490.0
164900.0,123948.35
112000.0,133305.95
161000.0,731107.7
81000.0,98424.945
77000.0,66367.47
390000.0,339120.28
155000.0,176841.22
79000.0,85296.67
115000.0,85037.8
290000.0,382841.8
215000.0,200270.14
179000.0,204203.1
360000.0,281644.38
64900.0,64550.734
79500.0,78821.89
420000.0,393060.62
78000.0,119288.93
154900.0,160024.44
599900.0,1261334.8
76585.0,96500.84
93000.0,115252.12
165640.0,144117.89
97500.0,85218.59
78000.0,72696.21
59000.0,69224.92
225000.0,192253.11
172000.0,222377.7
120000.0,138538.0
200000.0,193498.8
93000.0,103377.75
142000.0,138326.42
74000.0,62378.9
350000.0,331833.97
145000.0,213228.06
135000.0,132229.86
169000.0,331576.62
155000.0,126410.6
170000.0,138014.97
145000.0,140330.58
430000.0,417942.38
159000.0,185436.6
265000.0,213090.31
88000.0,92212.695
85000.0,79055.09
80000.0,83191.8
99900.0,91720.2
74000.0,89351.63
208000.0,196802.75
650000.0,798440.06
120000.0,86341.734
118000.0,174353.4
85000.0,108053.805
79000.0,80053.45
125000.0,107565.54
189500.0,195329.89
135000.0,126149.78
145800.0,119816.875
89000.0,124919.84
104325.0,117918.9
300000.0,235086.06
250000.0,135318.03
149500.0,181968.48
52000.0,54101.67
99000.0,80034.64
119000.0,166397.55
159000.0,181019.4
110000.0,101953.164
240000.0,215829.28
125000.0,176639.28
200000.0,233136.72
160000.0,191551.08
122500.0,127539.93
159500.0,146398.38
527374.0,341190.06
149000.0,170947.02
90000.0,138497.05
155000.0,160813.27
85000.0,98421.27
469900.0,440206.75
160000.0,201686.2
170000.0,261726.17
135000.0,146983.67
130000.0,181450.31
315000.0,342108.8
80000.0,109960.75
159500.0,161754.92
235000.0,286814.62
175000.0,162201.23
87000.0,75718.26
130000.0,197245.83
93000.0,90280.93
108000.0,130427.39
288000.0,234445.98
119000.0,144468.2
310000.0,329609.9
149900.0,148520.25
210000.0,355002.94
390000.0,452781.88
101050.0,143256.8
70000.0,60358.43
435000.0,379216.06
55000.0,313817.22
58000.0,98783.64
360000.0,328580.53
139000.0,199868.25
169000.0,184029.12
110000.0,134138.23
173000.0,134525.69
1500000.0,1138196.6
190000.0,359259.22
120000.0,147442.48
390000.0,366428.78
730000.0,606528.0
190000.0,167877.47
148900.0,123679.555
239000.0,387415.72
140000.0,144734.52
305000.0,254514.11
140000.0,177556.0
1300000.0,1274860.0
94000.0,103884.15
149900.0,149362.47
93000.0,99695.21
125000.0,143884.92
140000.0,142271.64
215000.0,140648.16
117000.0,86965.695
119087.0,90289.32
275000.0,300392.1
170000.0,262857.5
490000.0,380903.72
595000.0,410177.84
175900.0,163733.34
106000.0,106422.49
130000.0,121896.33
90300.0,113639.93
269000.0,332769.78
99000.0,102035.51
79000.0,79130.15
700000.0,599666.5
103500.0,95168.86
134900.0,173750.33
95000.0,100068.43
144000.0,119583.51
138000.0,69085.52
119999.0,116918.33
42000.0,58520.17
690000.0,721437.25
200000.0,229685.02
112000.0,132909.53
58000.0,76521.41
47000.0,47040.363
105000.0,75736.55
92000.0,145130.69
172000.0,193530.66
388000.0,390280.62
118000.0,112356.65
125000.0,136029.95
394000.0,414925.72
105000.0,120885.516
630000.0,575400.9
265000.0,179206.9
115000.0,96222.57
105000.0,99052.64
129000.0,122347.9
185000.0,225704.16
160000.0,134616.7
56000.0,120652.43
210000.0,154939.84
145000.0,156390.78
270000.0,450229.38
150000.0,113316.086
145000.0,148173.11
92000.0,74510.21
50000.0,111585.125
99000.0,95088.98
55000.0,62436.348
82900.0,68063.19
265000.0,305775.0
280000.0,220274.17
582274.0,500574.78
250000.0,284915.03
94000.0,103737.07
65000.0,101004.66
93000.0,119677.52
95000.0,188798.27
320000.0,329703.4
126300.0,96652.91
110000.0,128519.836
103000.0,125206.25
142500.0,142100.39
120000.0,106354.13
105722.0,109262.43
149000.0,157660.64
80000.0,87998.74
280000.0,235105.73
85000.0,101492.05
180000.0,375227.56
180000.0,124115.9
99000.0,107345.44
85000.0,92697.79
90000.0,79027.28
165000.0,173260.5
164000.0,206265.27
379000.0,407620.1
850000.0,629787.94
269000.0,234710.69
89000.0,123937.74
108000.0,130464.72
59990.0,72750.7
95000.0,116674.695
310184.0,256824.17
310000.0,416615.28
295000.0,294118.34
175000.0,206388.28
128000.0,142973.48
85000.0,105782.84
67960.0,83053.93
129000.0,132568.45
100273.0,95470.34
1250000.0,818435.56
78000.0,75678.07
112000.0,121744.27
185000.0,261018.97
32000.0,78526.91
84500.0,87661.28
100000.0,97388.836
148000.0,172198.94
193000.0,189438.62
98000.0,73466.39
240000.0,227567.72
110000.0,129971.664
66800.0,73381.055
490000.0,471504.94
125800.0,158140.8
328000.0,276506.22
106000.0,105225.4
298500.0,283063.53
163000.0,171399.23
170000.0,178842.62
240000.0,190553.95
90768.0,103294.04
75000.0,81762.555
271000.0,305545.16
166000.0,113807.81
120000.0,126492.66
153800.0,133518.73
110000.0,132305.95
260000.0,223587.6
160000.0,117676.12
160000.0,149439.12
120000.0,94469.62
330000.0,300627.84
290000.0,148787.34
207000.0,229344.42
210000.0,233650.4
135000.0,156787.36
399000.0,384714.22
93000.0,63094.023
134000.0,114303.52
62000.0,83786.34
179000.0,148978.34
125000.0,112167.49
161000.0,131211.2
92000.0,134567.14
169000.0,141878.8
800000.0,962321.7
80000.0,50025.223
65000.0,90993.625
85000.0,69084.86
180000.0,300624.94
189000.0,151154.98
95893.0,93203.47
119000.0,196327.36
171600.0,97628.77
188000.0,223912.83
260000.0,178088.06
85000.0,95003.31
49000.0,61818.97
115000.0,93713.12
279000.0,285499.3
238000.0,206519.2
585000.0,424709.72
119000.0,116929.88
83500.0,87047.875
148500.0,107580.44
415000.0,413249.56
844939.0,597911.94
190000.0,209812.45
183000.0,199398.38
144500.0,133671.16
70000.0,62117.88
120000.0,112037.016
470000.0,685393.56
298000.0,310672.9
369000.0,384095.3
260000.0,273461.56
104000.0,118282.35
90000.0,98310.67
69500.0,77420.61
169999.0,238770.66
140000.0,162905.44
75000.0,86886.05
167000.0,134525.69
215000.0,195881.42
200000.0,136311.62
115000.0,122357.91
799000.0,801166.06
279900.0,272949.53
725000.0,1002596.5
314900.0,376547.9
115000.0,114548.3
135000.0,134052.66
950000.0,560674.3
180000.0,375227.56
230000.0,201474.45
140000.0,113090.3
95000.0,102296.58
62000.0,82271.625
68000.0,71148.734
150000.0,401057.97
158000.0,167028.19
89000.0,142787.81
45000.0,34788.207
66200.0,104891.81
500000.0,749540.7
588000.0,403120.2
138000.0,127768.875
404000.0,364040.78
270000.0,269352.5
114500.0,187852.69
149500.0,169175.94
80029.0,130804.56
70000.0,95370.28
137500.0,97548.91
315000.0,270745.78
130000.0,122473.46
145000.0,157957.25
110000.0,115274.4
470000.0,434404.8
88000.0,89480.56
136000.0,115746.58
67500.0,78389.91
69750.0,86577.66
82000.0,194310.84
249000.0,242711.55
110000.0,106645.06
220000.0,201103.02
225000.0,315374.7
88000.0,79198.15
119000.0,167675.06
149900.0,142439.97
160000.0,163836.19
295000.0,238233.78
59900.0,52321.004
1100000.0,999830.8
200000.0,177318.78
43500.0,55561.613
105000.0,84550.95
66200.0,104891.81
175000.0,171994.23
55000.0,52243.855
95000.0,83066.3
88900.0,100128.71
195000.0,166175.7
1100000.0,999830.8
128000.0,109785.586
143000.0,171127.83
70000.0,63583.297
50000.0,58754.535
85000.0,118847.26
89000.0,74650.63
50375.0,114499.57
129000.0,94142.0
145000.0,195918.28
79000.0,83115.82
104000.0,148149.17
160000.0,143416.45
225000.0,323802.94
159900.0,164507.4
94000.0,106336.87
530000.0,477438.1
119000.0,197024.11
60000.0,103167.63
125000.0,96394.06
80000.0,99216.29
74999.0,66051.16
1250000.0,1273426.1
149000.0,116088.97
63000.0,135663.33
188000.0,201125.14
106260.0,159037.52
870000.0,767163.94
1350000.0,1046586.6
70000.0,94449.984
180000.0,125147.89
117140.0,154170.56
120485.0,144957.52
198000.0,176998.94
90000.0,71019.99
105000.0,109763.57
208000.0,155853.83
315000.0,234655.2
190000.0,139166.02
390000.0,447189.38
118000.0,164146.42
53999.0,64308.06
259000.0,374576.56
120000.0,118245.17
120000.0,134344.5
114000.0,154357.23
130000.0,123493.77
190000.0,114812.08
99000.0,102340.914
199000.0,241975.78
150000.0,155471.61
160000.0,152552.58
65000.0,78642.08
440000.0,358482.47
115000.0,123961.055
268000.0,244432.94
82000.0,67906.65
195000.0,328642.5
69900.0,76705.7
130000.0,128208.59
68000.0,72951.39
82000.0,95213.914
280000.0,377116.97
185000.0,164108.75
275000.0,257856.64
80000.0,63423.035
149000.0,131551.12
230000.0,224933.83
490000.0,413753.72
163000.0,149775.4
450000.0,439521.94
85000.0,81940.16
110000.0,129102.79
50000.0,117058.74
65000.0,56175.793
319900.0,414345.72
145000.0,143509.94
405000.0,449405.25
149000.0,227555.22
106000.0,105851.42
78000.0,73152.4
155000.0,118388.766
159900.0,205305.14
110000.0,117764.234
170000.0,172796.45
120000.0,120074.4
230000.0,250106.23
149000.0,176198.86
58000.0,72362.11
60000.0,82100.96
198774.0,172335.53
64500.0,72694.734
98000.0,110153.305
145000.0,136613.95
160000.0,157400.06
64000.0,59640.55
65000.0,46241.695
99000.0,136373.56
113000.0,189007.83
62900.0,64454.973
114000.0,112452.79
70000.0,72607.125
68000.0,58680.69
150000.0,137307.66
340000.0,360032.1
95000.0,106424.75
310000.0,269428.1
185000.0,189090.16
100000.0,161094.83
151000.0,284526.4
103000.0,114127.33
315000.0,376308.25
220000.0,213745.42
78000.0,96461.21
55000.0,95232.37
105000.0,126112.25
220000.0,163890.39
344900.0,387025.72
585000.0,1293883.1
151800.0,119870.586
225000.0,214052.58
298000.0,179378.22
69900.0,104817.375
55000.0,57189.176
86400.0,98699.18
139000.0,129323.09
175000.0,109042.914
235000.0,114260.31
155000.0,167233.05
199000.0,234107.58
117000.0,144097.38
250000.0,221941.69
220000.0,287856.72
835000.0,689242.7
830000.0,935580.94
199000.0,181747.73
79000.0,77106.39
61000.0,60081.562
200000.0,229375.64
176000.0,136752.55
400000.0,488898.1
55000.0,90902.625
50900.0,52497.066
129000.0,130690.195
139000.0,146417.88
95000.0,72239.375
130000.0,108871.18
550000.0,411968.34
140000.0,116569.85
78000.0,72899.69
295000.0,218350.8
87000.0,103148.11
68000.0,68299.84
79000.0,93497.41
300000.0,232956.16
170000.0,174592.52
120000.0,98449.74
200000.0,239378.88
270000.0,235887.97
44900.0,69729.24
188000.0,144269.5
649900.0,610699.7
420000.0,277308.16
219000.0,191997.84
1250000.0,1171622.8
249500.0,190553.95
90000.0,84628.17
495000.0,392186.34
295240.0,460181.5
260000.0,222499.89
130000.0,124511.56
70000.0,109985.56
170000.0,137527.83
590000.0,521807.22
199000.0,240827.39
79000.0,110175.43
109000.0,112924.03
79900.0,67270.734
649900.0,610699.7
137000.0,125669.26
178934.0,199051.75
270000.0,308937.66
125000.0,138135.31
99000.0,121224.67
235000.0,201445.08
470000.0,345808.7
85000.0,82800.11
220000.0,142812.9
59000.0,84257.78
91000.0,103564.45
150000.0,112222.34
240000.0,255546.95
80000.0,68088.32
64000.0,107956.9
99000.0,107004.17
218000.0,195611.06
75000.0,82580.0
650000.0,514918.7
175000.0,173129.38
735000.0,772442.3
300000.0,383069.88
330000.0,280487.7
127000.0,145050.48
285000.0,368404.22
140310.0,161393.3
370000.0,381335.53
67000.0,71418.984
119000.0,126476.89
138000.0,161308.62
99000.0,277527.9
145000.0,100020.32
85000.0,114887.33
183000.0,150927.88
69000.0,99223.375
150000.0,124998.27
120000.0,90946.76
455000.0,293816.7
133004.0,152435.73
80000.0,83842.14
105000.0,118504.31
189000.0,171256.7
580000.0,341805.38
890000.0,964661.1
75000.0,85809.57
249000.0,241837.0
97499.0,93205.85
115000.0,93533.66
269000.0,272489.84
79000.0,94355.87
259000.0,207349.33
225000.0,331453.62
110000.0,136674.7
249000.0,294227.1
75000.0,90844.33
87000.0,111741.58
92326.0,96847.625
74900.0,113560.664
98000.0,99893.69
103800.0,105773.016
66000.0,64228.883
290000.0,178931.77
179000.0,333748.88
64000.0,81274.79
95000.0,96451.04
87000.0,136747.89
114000.0,145206.69
1300000.0,1199708.9
420000.0,420265.62
438000.0,449744.1
215000.0,303235.06
420000.0,334177.97
189000.0,231819.56
158000.0,181730.14
90000.0,100223.234
76000.0,83227.27
186000.0,126408.055
73000.0,107873.37
220000.0,214070.6
95000.0,187457.92
249000.0,264395.75
95000.0,101429.61
115000.0,101791.13
220000.0,164958.33
130000.0,91436.805
560000.0,436275.97
124900.0,143522.94
58000.0,68006.07
209900.0,148609.55
430000.0,320072.78
300000.0,349796.75
95000.0,92976.15
120000.0,118707.13
73000.0,70824.16
72000.0,101968.71
133000.0,176170.27
165000.0,156081.53
290000.0,369271.62
299000.0,276444.47
120000.0,158844.73
195000.0,148763.53
65000.0,87939.805
150000.0,239550.14
450000.0,467059.1
194000.0,239870.44
75000.0,67555.87
185000.0,150807.45
165000.0,154600.22
180000.0,204801.06
42000.0,54773.023
290000.0,230483.22
140000.0,128704.8
159900.0,235250.61
259000.0,282939.3
190000.0,202730.45
130000.0,101924.664
149900.0,154538.6
144000.0,180750.62
95000.0,107901.55
66900.0,75290.26
130000.0,130711.1
70000.0,70947.49
75000.0,71344.02
690000.0,393859.47
225000.0,271004.03
115000.0,168928.69
179900.0,157339.69
399000.0,335520.72
260000.0,306673.9
195000.0,158019.73
100000.0,110609.336
165900.0,172386.38
240000.0,230293.9
55000.0,53111.016
62000.0,63180.27
125500.0,114246.59
680000.0,726354.5
165000.0,123370.516
115000.0,130307.734
520000.0,559446.75
280000.0,281515.62
440000.0,352187.06
305000.0,339032.12
199000.0,202748.17
195000.0,131193.73
98000.0,103499.82
115900.0,133680.61
59900.0,87959.96
59000.0,76673.16
95000.0,81488.96
165000.0,126716.98
155000.0,186353.47
77000.0,81140.45
75000.0,78635.85
222946.0,200873.58
138000.0,151692.5
55000.0,69375.805
295000.0,324339.0
310000.0,260870.31
170000.0,264425.47
173000.0,196548.56
266900.0,201089.86
69300.0,72800.29
115000.0,135194.61
490000.0,658312.25
420000.0,394504.44
69990.0,68181.62
98000.0,94622.03
195000.0,342504.56
105900.0,154533.86
105600.0,89351.97
220000.0,178287.9
160000.0,134649.55
660000.0,506709.7
155000.0,159838.3
313000.0,367701.66
115000.0,117502.86
140000.0,153670.2
150000.0,195244.11
198000.0,202028.4
570000.0,604978.5
94000.0,110900.3
111775.0,157832.11
156500.0,81843.26
57000.0,75082.52
112000.0,94446.74
165000.0,171185.55
78000.0,81327.3
165000.0,188516.48
230000.0,186318.81
110000.0,80734.625
125000.0,135722.47
34000.0,53764.254
95000.0,84542.016
105000.0,140696.88
148000.0,172354.1
124500.0,152323.17
960000.0,315078.03
45000.0,48084.805
355000.0,273380.12
197000.0,209125.39
250000.0,213835.33
75000.0,149787.2
64000.0,82718.266
195000.0,262009.94
30000.0,119791.625
73500.0,75801.62
89000.0,69138.42
270000.0,343057.88
66000.0,79754.02
65000.0,50349.16
108000.0,138101.98
100000.0,146934.08
195000.0,225383.12
199900.0,190861.4
70000.0,140464.66
65500.0,64436.336
320000.0,264696.53
70000.0,66133.01
85000.0,115852.19
295000.0,254852.9
110000.0,95449.83
129900.0,116057.266
215000.0,244927.25
210000.0,148930.55
210000.0,218616.11
79900.0,128533.06
83300.0,92339.87
75000.0,67598.24
125000.0,86573.26
281000.0,230483.22
150000.0,172567.72
549000.0,686305.1
109000.0,98934.64
116000.0,93931.336
500000.0,258712.3
225000.0,143603.61
176000.0,165869.47
81000.0,75620.555
210000.0,137746.97
1300000.0,978076.6
59900.0,73456.05
95000.0,123981.125
198000.0,148397.9
980000.0,671584.4
165000.0,296871.16
74200.0,72489.305
74000.0,71714.55
75000.0,92686.57
83700.0,106352.53
350000.0,370126.66
240000.0,283992.03
1250000.0,952742.06
280000.0,441784.2
137000.0,147363.38
380000.0,340602.22
175000.0,198189.31
89000.0,97014.02
59000.0,68565.13
900000.0,805740.44
370000.0,264593.6
137500.0,175281.27
490000.0,861719.75
215000.0,248575.55
60032.0,88218.25
110000.0,185145.67
198000.0,228177.69
63000.0,67179.74
124000.0,175825.45
95000.0,130114.78
190000.0,110418.44
138000.0,103936.31
115000.0,118540.21
90000.0,74754.8
164900.0,181551.69
550000.0,572501.25
120256.0,115520.01
610000.0,559923.2
129000.0,139049.36
135000.0,99791.27
175000.0,179115.47
79034.0,143648.52
86000.0,88430.56
90000.0,111976.984
54000.0,54238.113
119900.0,138083.17
54900.0,54613.402
109000.0,104700.625
68750.0,56469.016
75000.0,92395.72
136500.0,89361.72
155000.0,108821.9
120000.0,168164.23
150000.0,105115.11
195000.0,217223.6
65000.0,57515.52
75000.0,78739.484
328000.0,113020.63
375000.0,284461.22
390000.0,323349.03
95000.0,124061.05
90000.0,65760.734
690000.0,462729.03
99000.0,171317.69
66900.0,75990.44
160000.0,131660.81
92000.0,69953.17
80000.0,67280.89
250000.0,239858.81
220000.0,231867.58
129000.0,149518.22
630000.0,749886.94
215000.0,314959.56
67000.0,74242.61
91000.0,119837.36
258000.0,311849.22
90000.0,93914.22
90900.0,122013.42
480900.0,345673.62
144000.0,195556.58
94000.0,89420.65
235000.0,156784.5
84900.0,99653.25
125000.0,117743.79
130000.0,179348.61
52000.0,47116.184
104000.0,113323.69
105000.0,116091.305
179000.0,149212.11
135000.0,143336.58
279000.0,293720.28
225000.0,403229.3
290000.0,213081.25
129900.0,101593.54
69000.0,112309.83
105000.0,92604.734
61129.0,58175.25
185000.0,131880.61
350000.0,238026.89
160000.0,85644.27
250000.0,323421.88
1300000.0,1274860.0
126442.0,159703.7
115000.0,119203.72
169000.0,189697.66
115000.0,149887.67
125000.0,123148.516
85000.0,108001.78
128000.0,133251.61
65000.0,65252.97
329000.0,306690.94
315000.0,224770.39
300000.0,297896.8
147000.0,139641.77
110000.0,105388.33
82000.0,139637.28
310000.0,262099.44
250000.0,223271.02
95000.0,106618.05
690000.0,1162266.6
240000.0,328387.8
44000.0,45481.41
150000.0,172919.88
100000.0,134556.92
372000.0,269972.78
140800.0,118728.98
265000.0,251520.81
69500.0,67758.34
251400.0,193544.16
118000.0,124476.95
369000.0,322651.38
145000.0,142979.89
107000.0,107943.61
92000.0,103902.38
135000.0,159948.89
205000.0,230845.72
83000.0,81647.15
165000.0,220460.61
44000.0,47226.88
125000.0,141038.61
239000.0,306112.2
250000.0,339563.16
69900.0,94922.48
110700.0,98478.69
425000.0,355960.75
550000.0,752895.3
89900.0,126822.73
165000.0,201111.22
130000.0,102133.71
410000.0,396387.6
420000.0,341187.7
79000.0,69007.45
80000.0,84772.39
55000.0,74582.32
65000.0,49314.676
204000.0,194324.89
68000.0,90571.195
138000.0,123556.516
37000.0,59051.086
210000.0,179170.17
119000.0,194474.05
83000.0,74320.06
209900.0,199510.6
89500.0,103101.88
441000.0,427150.88
129999.0,146798.61
129000.0,154672.52
230000.0,251503.52
184000.0,204741.7
77000.0,102373.75
125000.0,106676.586
280000.0,363881.62
59000.0,71827.8
360000.0,421671.1
329900.0,309973.84
219000.0,190109.0
95000.0,96561.9
74500.0,83154.59
55000.0,107140.805
235000.0,217036.31
169000.0,144465.9
64128.0,75476.9
169000.0,220658.25
44999.0,59264.293
460000.0,361599.22
124000.0,123055.15
889000.0,891865.25
212000.0,164724.9
650000.0,267904.72
175000.0,149441.39
109500.0,105754.38
160000.0,176124.27
139000.0,136164.39
405000.0,396083.28
84000.0,94305.234
340000.0,292904.2
290000.0,348862.88
630000.0,577936.4
129000.0,135988.66
45000.0,76697.03
105000.0,117185.37
185000.0,149824.8
124900.0,144774.36
89000.0,99840.4
79000.0,88620.84
46000.0,53451.953
170000.0,243134.88
488000.0,309455.44
75000.0,84188.25
98000.0,145800.12
105000.0,184862.78
495000.0,520606.66
120000.0,136872.28
289000.0,196909.06
97000.0,152406.52
580000.0,376544.7
300000.0,236856.19
300000.0,279395.9
165000.0,131031.06
355000.0,315421.62
125000.0,95702.99
159000.0,135923.7
720000.0,552029.25
130000.0,152257.02
92000.0,119411.43
235000.0,142225.23
176000.0,136752.55
185000.0,129814.99
159900.0,162671.17
179000.0,141091.88
63900.0,58250.28
85000.0,119615.15
185000.0,139226.55
170000.0,195371.03
95000.0,121101.18
49500.0,54680.285
128000.0,226998.58
175000.0,180786.2
89000.0,73385.84
90000.0,118273.72
175000.0,211073.83
89000.0,83386.836
199000.0,378794.0
225000.0,264079.8
100000.0,89070.39
22495.0,49515.094
207248.0,177654.94
350000.0,408486.25
83000.0,80106.41
215000.0,234609.16
93000.0,78771.484
135000.0,205729.61
172000.0,176609.38
700000.0,495380.5
740000.0,471200.5
110000.0,114641.56
165000.0,168595.75
269000.0,234328.44
99900.0,159006.72
147000.0,152155.44
84000.0,105256.35
84300.0,71803.17
200000.0,327561.5
160000.0,149195.02
280000.0,497860.38
130000.0,112155.03
42000.0,54961.73
140000.0,196907.92
139000.0,155029.14
78000.0,74878.68
68000.0,93763.41
135000.0,171659.62
162000.0,225783.33
59900.0,64068.484
154000.0,153038.94
118000.0,151549.88
76600.0,84259.54
88000.0,76250.05
80000.0,101621.83
85000.0,117325.25
219900.0,212011.47
65000.0,80637.96
42000.0,46111.703
100000.0,109149.76
169000.0,163115.53
490000.0,506807.6
122000.0,127687.41
63700.0,79179.555
74900.0,88983.86
130000.0,121565.27
180000.0,305321.66
55000.0,66635.516
220000.0,207315.4
99500.0,135483.11
67500.0,62390.6
240000.0,191437.72
389000.0,334953.7
92000.0,93205.85
124500.0,136556.77
218262.0,163119.52
360000.0,354680.47
63000.0,54159.914
125000.0,93651.54
119000.0,129001.09
149000.0,158687.77
270000.0,308160.22
71000.0,69723.21
61000.0,58698.816
106000.0,94385.22
298000.0,237446.3
110000.0,111451.984
390000.0,333941.78
79900.0,93271.914
185000.0,198995.47
530000.0,405481.66
160000.0,124021.19
119000.0,121467.516
98000.0,101076.04
152000.0,130408.78
177000.0,198220.62
244600.0,180551.11
215000.0,159894.44
249000.0,325491.03
385000.0,278099.03
235000.0,216338.84
83000.0,110803.77
450000.0,504020.03
179000.0,321801.7
155000.0,218130.78
175863.0,167656.38
255000.0,312795.34
120000.0,123668.15
120000.0,134189.8
110000.0,148604.08
125000.0,136966.08
200000.0,217457.86
83999.0,94373.33
240000.0,193277.05
179000.0,152396.28
125000.0,143504.77
249000.0,251358.97
99000.0,108112.805
290000.0,319086.62
700000.0,561796.5
105000.0,95667.41
60000.0,76972.72
82000.0,114061.78
105000.0,131739.5
125000.0,137928.75
33600.0,50823.555
139000.0,143245.6
100500.0,114283.04
180000.0,298176.34
46180.0,91351.62
98000.0,105773.016
135000.0,118297.9
250000.0,313100.72
91000.0,78567.83
90000.0,78802.49
182000.0,202162.45
67500.0,104891.81
73000.0,78789.23
90000.0,96349.99
230000.0,111434.055
179000.0,176641.92
65000.0,89780.47
134900.0,126866.73
260000.0,295954.22
389000.0,252577.22
131100.0,158533.78
149000.0,184232.7
55000.0,56643.758
65000.0,52757.22
69900.0,82908.84
209000.0,174817.98
335000.0,271166.88
120000.0,140690.94
135000.0,124188.34
79900.0,114530.16
340000.0,271403.22
259000.0,226607.39
360000.0,274280.53
129900.0,123724.72
540000.0,321433.16
100000.0,96854.37
150000.0,143112.56
115000.0,103195.555
149900.0,133749.5
190000.0,169432.92
80000.0,67945.37
35397.0,50924.926
115000.0,124926.01
80000.0,95702.14
63000.0,73288.47
174000.0,200218.94
78000.0,91319.27
189900.0,157339.69
92000.0,84078.54
275000.0,276506.22
209000.0,244394.92
58000.0,112097.63
195000.0,199449.06
84000.0,96153.1
118000.0,99888.69
96000.0,62994.867
75000.0,60424.58
174250.0,227586.22
139900.0,147781.92
158400.0,170768.8
126000.0,113222.164
110000.0,120699.94
460000.0,690125.25
485000.0,366968.7
96800.0,81944.38
73000.0,113110.6
130000.0,164846.2
84000.0,96157.21
250000.0,144260.72
220000.0,126015.72
426000.0,315924.0
455000.0,689471.75
132000.0,99522.58
74900.0,61323.938
160000.0,169442.73
175000.0,157162.6
229000.0,230678.45
479000.0,282750.9
195000.0,257198.45
195000.0,231514.89
34000.0,56184.465
270000.0,285468.78
110000.0,120660.18
115000.0,78144.1
95000.0,78639.69
220000.0,225531.19
265000.0,216248.47
81000.0,72232.64
210000.0,183346.3
295000.0,260007.22
264000.0,257856.64
67000.0,71802.06
75000.0,106045.04
124500.0,218055.55
113500.0,91706.28
57000.0,58612.992
132400.0,119466.46
55000.0,305497.8
180000.0,156594.1
1452000.0,1003751.25
190800.0,205246.86
250000.0,239482.12
78000.0,76990.34
98000.0,128523.37
159000.0,267987.12
415000.0,639935.25
230000.0,153839.78
115000.0,102163.18
540000.0,392915.5
72550.0,96487.42
97650.0,105626.55
194000.0,181823.81
139900.0,126023.46
93000.0,115252.12
80543.0,80860.625
140000.0,151191.42
262568.0,471856.47
167000.0,100314.94
96000.0,77213.41
105000.0,108842.24
115000.0,101989.97
140000.0,113362.43
210000.0,200526.22
118000.0,157985.48
50000.0,54185.492
140000.0,130073.77
175000.0,213706.88
295000.0,234984.92
120000.0,115253.1
165000.0,137889.66
820000.0,599145.6
49000.0,54089.043
125000.0,107090.78
115000.0,85278.17
113000.0,96237.586
100000.0,122057.0
195000.0,267722.6
59980.0,74221.17
180000.0,140219.98
220000.0,232512.38
87000.0,98421.27
95000.0,91179.195
259000.0,298849.94
140000.0,117098.86
115000.0,160071.16
157000.0,154168.17
110000.0,128794.53
190000.0,198346.1
119000.0,118216.4
115000.0,119452.65
710000.0,662398.3
299900.0,339536.56
399000.0,364170.5
226900.0,155897.23
949000.0,508117.3
120000.0,121756.8
699000.0,658478.44
164000.0,221135.14
120000.0,86060.83
180000.0,196640.44
74000.0,84349.125
85000.0,68316.734
97000.0,102781.1
200000.0,207433.14
67000.0,69879.56
250000.0,205902.7
120000.0,93035.68
570000.0,553585.1
165000.0,142339.77
175000.0,186029.31
137000.0,109389.32
174000.0,167614.38
72000.0,70162.195
100000.0,143465.25
70000.0,109567.3
84000.0,78129.695
230000.0,183159.42
138000.0,144429.52
89000.0,105035.34
159900.0,162593.19
52000.0,64665.13
215000.0,207978.4
250000.0,150240.73
132000.0,179316.3
349000.0,267729.12
95000.0,110696.86
300000.0,409542.66
124000.0,95937.6
140000.0,89818.61
160000.0,158711.78
85000.0,96574.99
190000.0,155694.8
140000.0,136155.25
180000.0,312254.75
170000.0,137467.89
168500.0,151003.88
49980.0,79249.01
63000.0,99371.5
55000.0,69730.82
125000.0,155874.6
259000.0,294924.22
369900.0,330614.44
149000.0,189770.17
159000.0,225760.78
135000.0,121587.125
84000.0,77596.375
165000.0,161249.61
61000.0,61362.95
200880.0,177556.0
90000.0,124197.78
188000.0,205897.9
670000.0,494870.0
309000.0,232310.17
80000.0,71839.45
46000.0,51152.332
395000.0,304225.72
120000.0,164208.11
200000.0,202005.44
89700.0,83349.37
83133.0,95470.34
119900.0,113253.59
84500.0,125302.625
110000.0,187025.14
134000.0,99126.34
115000.0,152423.89
115000.0,117766.7
210000.0,358301.22
164900.0,166305.94
650000.0,595409.44
640000.0,583331.7
75000.0,78877.73
118000.0,101799.61
278000.0,335944.75
100000.0,72162.2
68000.0,70649.445
135000.0,143635.31
75000.0,85362.73
137500.0,110797.91
74000.0,74505.26
258000.0,293244.03
114000.0,80794.62
250000.0,298766.6
112000.0,89205.01
187000.0,156497.9
135000.0,141775.31
160000.0,164110.53
145000.0,156869.47
130000.0,114338.375
1300000.0,764062.7
116800.0,96034.96
45000.0,81048.34
185000.0,260336.64
110000.0,163577.14
58177.0,85905.125
75000.0,60105.05
100000.0,118579.43
90000.0,87968.586
123900.0,144768.06
84000.0,76959.164
68300.0,85243.27
73899.0,70056.125
450000.0,505925.7
489250.0,391997.8
64765.0,65678.05
539000.0,714236.94
88763.0,121280.41
170000.0,170494.23
45150.0,49137.742
183000.0,140823.84
130000.0,268485.6
280000.0,234329.03
85000.0,103745.6
52500.0,57733.043
780000.0,1073940.9
81000.0,76139.15
65000.0,63779.504
395000.0,264113.12
360000.0,234218.31
290000.0,220088.92
79900.0,108540.516
97612.0,85997.97
155000.0,132170.05
300000.0,383069.88
75000.0,59352.62
328000.0,422400.62
190000.0,161458.28
200000.0,142330.23
99500.0,115431.77
105000.0,92205.87
89000.0,76838.81
199000.0,230904.55
132000.0,141130.89
298000.0,339098.62
50000.0,73982.72
52500.0,61029.38
39440.0,50823.555
138500.0,169261.77
318600.0,325508.9
235000.0,181980.61
315000.0,385622.16
170000.0,148793.45
137000.0,141955.14
148000.0,138180.8
245000.0,244198.72
163000.0,194610.48
74900.0,114096.19
92000.0,92258.64
265000.0,335523.72
790000.0,617239.7
109000.0,135301.64
212000.0,230736.3
143000.0,110613.195
580000.0,471200.5
58000.0,69609.15
103405.0,144827.12
196000.0,214962.61
250000.0,247213.38
73500.0,90105.61
249000.0,210886.33
265000.0,323979.16
244000.0,292398.06
159000.0,175156.89
90000.0,76790.414
92900.0,90124.07
100000.0,69620.38
147900.0,130750.86
92000.0,99401.58
61250.0,72352.84
120000.0,126263.31
493000.0,309455.44
145000.0,102968.03
206000.0,269860.2
117000.0,106636.82
119000.0,129262.984
95000.0,116074.81
110000.0,117510.64
119000.0,114209.57
1300000.0,1209042.4
77000.0,79957.734
77000.0,98031.516
162000.0,180739.08
80500.0,66081.37
164500.0,140711.98
85000.0,93233.13
335000.0,266312.47
58000.0,57177.984
199000.0,220482.8
134000.0,137529.72
170000.0,185234.08
169000.0,153664.14
175000.0,158799.06
135500.0,156409.56
95000.0,86328.03
65000.0,86254.35
210000.0,200576.95
310000.0,208509.6
143000.0,105654.01
185000.0,163444.08
174000.0,202635.02
182000.0,426034.16
90000.0,81647.15
318000.0,355668.25
98000.0,103564.04
230000.0,147327.97
65000.0,114126.83
128000.0,89020.78
125000.0,95949.57
385000.0,434089.94
196000.0,184821.81
750000.0,503931.47
450000.0,484027.44
112000.0,88257.56
249000.0,205812.27
89000.0,93641.13
95500.0,66773.7
95000.0,125475.69
220000.0,341914.3
105000.0,107625.42
72000.0,83817.06
80000.0,85061.32
430000.0,461814.75
125000.0,180044.58
115000.0,152732.69
445000.0,376718.9
188000.0,165291.17
80000.0,82156.46
102600.0,102839.64
115000.0,148595.33
192000.0,193349.66
375000.0,404390.5
110000.0,99652.375
165000.0,179682.98
109900.0,117661.195
86000.0,147966.44
225000.0,267390.34
100000.0,88767.68
367000.0,209719.8
139000.0,100205.164
229000.0,248728.88
149000.0,126612.49
650000.0,543416.44
120000.0,144334.06
115000.0,123686.36
68000.0,86058.164
180000.0,164798.56
200200.0,152241.42
169500.0,220892.08
245000.0,293795.06
83000.0,128544.13
60000.0,125551.36
75000.0,107158.016
150000.0,209604.95
52000.0,60917.316
290000.0,375674.75
74900.0,153154.11
78000.0,105245.48
115000.0,128044.36
98000.0,90353.24
104000.0,86097.88
170000.0,159428.03
156000.0,137170.66
135000.0,114207.32
100500.0,102740.39
125000.0,122843.91
105000.0,130483.14
388000.0,353293.3
100000.0,82724.12
53000.0,75070.27
72600.0,75285.08
295000.0,260007.22
370000.0,301402.5
198000.0,184858.72
85000.0,109709.65
69000.0,102760.64
86000.0,103414.54
168000.0,125401.46
375000.0,255988.06
75000.0,72172.35
75000.0,69964.086
155000.0,67845.76
260000.0,254821.3
205000.0,170098.38
168000.0,239234.56
49500.0,70114.48
147000.0,131681.98
250000.0,250946.94
120000.0,124380.81
168000.0,165945.45
173040.0,147590.11
121500.0,82739.93
200000.0,206541.38
85000.0,96704.02
175000.0,165968.0
105000.0,170935.36
139000.0,145055.75
96800.0,103038.83
115000.0,121293.04
1190000.0,1191228.5
140000.0,143689.19
125000.0,106310.43
77000.0,122252.7
185000.0,230279.77
269000.0,351643.97
950000.0,846866.6
113000.0,104378.57
51000.0,64498.586
61750.0,84506.28
640000.0,618506.2
149000.0,149296.3
480000.0,351296.88
67000.0,87207.695
250000.0,261092.98
109900.0,76555.84
225000.0,158267.1
125000.0,111915.266
105000.0,147847.73
154000.0,102946.86
171000.0,187708.1
135000.0,127417.37
99500.0,116106.914
104450.0,112650.984
920000.0,953399.7
87800.0,136825.42
116000.0,84272.74
285000.0,252442.0
980000.0,375230.56
300000.0,286338.88
174000.0,165687.53
79900.0,113802.5
150000.0,148976.28
119000.0,94896.15
125000.0,88647.734
89000.0,102590.336
220000.0,247225.58
69500.0,67128.38
65000.0,86394.586
170000.0,130710.36
169990.0,246381.47
145000.0,225797.62
1350000.0,1275988.8
115000.0,99997.93
109000.0,110562.336
170000.0,169629.98
45000.0,61394.004
340000.0,285301.8
190000.0,193907.48
175000.0,203734.61
235000.0,249127.22
138000.0,153393.5
280000.0,481606.94
99500.0,87547.82
115000.0,87752.914
690000.0,591463.4
228000.0,196467.92
1150000.0,759149.0
420000.0,494445.47
490000.0,497982.75
260000.0,253106.12
69900.0,93338.37
255000.0,249506.62
49000.0,61659.9
145000.0,122571.77
350000.0,352939.94
66600.0,85759.4
145000.0,133613.81
272588.0,276324.4
220000.0,187400.14
209000.0,216714.61
180000.0,131729.39
109000.0,137525.64
74900.0,94595.13
155000.0,178831.3
236000.0,305599.12
159800.0,122791.32
80000.0,76428.4
115000.0,209300.03
85000.0,135500.62
91800.0,98016.42
129000.0,123807.19
145000.0,149043.7
200000.0,205984.4
189000.0,172638.0
47000.0,55756.203
145000.0,110517.77
125000.0,117516.1
135000.0,181752.83
179000.0,107894.31
115000.0,183476.5
89000.0,79135.55
93050.0,84861.31
79000.0,77293.34
125000.0,150291.23
230000.0,214954.8
340000.0,295863.2
73000.0,63059.742
65000.0,85415.84
150000.0,141493.45
85000.0,77448.914
78000.0,131577.16
145000.0,126885.336
110000.0,104147.07
65000.0,84164.53
70000.0,85958.664
130000.0,148070.7
230000.0,272256.12
49000.0,79429.14
67000.0,82046.81
290000.0,219808.03
250000.0,168449.88
128250.0,109944.72
350000.0,470738.3
84900.0,92606.08
89900.0,96793.54
111453.0,91396.66
115000.0,157035.39
489250.0,391997.8
79000.0,111108.81
115000.0,106401.055
165000.0,292267.06
130000.0,96155.055
1300000.0,1209042.4
47000.0,67784.62
125000.0,95813.58
69500.0,77420.61
87000.0,92312.984
119000.0,166374.1
62000.0,54349.188
240000.0,227567.72
387000.0,374104.72
290000.0,326123.38
54000.0,78896.89
120250.0,131649.16
82000.0,74670.34
50000.0,119100.51
180000.0,183711.42
120000.0,115309.93
120000.0,105019.07
360000.0,482040.72
157500.0,167470.53
1300000.0,995853.06
149000.0,164433.39
127000.0,158382.64
160000.0,133602.42
105000.0,141891.23
82000.0,109486.92
350000.0,543090.94
290000.0,322262.84
110000.0,101003.97
65000.0,102935.65
189000.0,192668.88
420000.0,500290.8
215000.0,201927.67
111000.0,151699.69
105000.0,98934.64
650000.0,807950.3
205000.0,276324.4
159000.0,150403.02
600000.0,675208.6
189000.0,320232.12
60900.0,65135.047
195000.0,178196.52
230000.0,357808.97
82000.0,107874.61
93000.0,94798.48
129000.0,104914.99
110000.0,120565.93
99500.0,100409.84
169000.0,322395.1
160000.0,152070.84
115000.0,104024.805
70000.0,82543.07
230000.0,284044.9
290000.0,253087.53
235000.0,257058.84
360000.0,386786.06
250000.0,308202.88
79900.0,126442.99
86500.0,84153.94
199000.0,220273.66
268000.0,188587.03
94000.0,103139.48
104000.0,144187.86
72000.0,111250.78
150000.0,127591.72
310000.0,376307.25
78000.0,102502.03
75000.0,117670.78
115000.0,105481.38
92000.0,88349.055
295000.0,280401.06
115000.0,119203.72
170000.0,189294.58
235000.0,270052.03
58900.0,74518.195
73900.0,113162.98
250000.0,296914.53
239000.0,255721.95
85000.0,116968.89
109900.0,117975.63
220000.0,237292.4
195000.0,256487.98
500000.0,473284.38
114000.0,111981.07
225000.0,268718.94
122194.0,154101.34
275000.0,144060.5
100000.0,96812.766
329000.0,319816.44
99000.0,89615.23
127900.0,158136.58
850000.0,879749.25
59500.0,72749.66
120000.0,138265.95
220000.0,276413.94
179500.0,205551.92
114876.0,118189.3
220000.0,278320.3
126000.0,147791.88
285000.0,349500.94
135000.0,194175.44
140000.0,177556.0
540000.0,446273.56
218000.0,187098.53
88000.0,86666.94
510000.0,486900.8
83000.0,93896.03
204000.0,158892.16
327000.0,317589.9
185000.0,150353.7
155000.0,207539.89
90000.0,88638.0
180000.0,149178.98
195000.0,176685.53
368000.0,273584.5
45150.0,52423.28
330000.0,310225.22
105000.0,87190.47
55000.0,63248.7
139900.0,171196.2
460000.0,501630.47
110000.0,117939.12
178000.0,227849.3
155000.0,152467.61
195000.0,149614.2
289000.0,237829.0
589000.0,973931.5
300000.0,153658.8
105740.0,123464.75
550000.0,511811.22
55000.0,68721.17
65000.0,52033.46
175000.0,261219.56
350000.0,352421.75
100000.0,108901.42
110000.0,106265.055
169000.0,211559.73
79000.0,78488.67
240000.0,163945.14
195000.0,283234.0
515000.0,492793.66
230000.0,151603.11
118000.0,101849.25
39000.0,63130.727
290000.0,395593.06
249000.0,174828.72
105000.0,140981.69
113329.0,110879.59
179000.0,138172.06
150000.0,127220.836
73000.0,78658.84
135000.0,103678.016
160000.0,168893.36
85000.0,64152.473
355000.0,305466.66
73000.0,83046.6
75000.0,85223.41
132000.0,125713.836
320000.0,248687.16
169098.0,163524.39
99000.0,114673.74
160000.0,136613.95
160000.0,166294.86
150000.0,198995.47
190000.0,176246.52
150000.0,214741.77
139900.0,251303.03
560000.0,761333.2
120000.0,80518.734
569000.0,549976.56
92000.0,113786.18
130000.0,97229.41
328600.0,291858.25
159000.0,175982.53
168000.0,142386.78
120000.0,106987.266
155000.0,146948.7
98000.0,106049.586
435000.0,428270.84
159000.0,136992.2
185000.0,152772.9
180000.0,154119.84
179000.0,195824.03
135844.0,153328.12
158000.0,261654.27
148000.0,234581.03
230000.0,381234.28
815000.0,658964.9
87900.0,81545.61
115000.0,144325.17
73000.0,81579.07
255900.0,547398.4
75000.0,72683.11
164000.0,142392.39
285000.0,266558.0
280000.0,224423.2
206000.0,158275.38
410000.0,323815.0
115000.0,166490.98
123600.0,104520.35
149000.0,166438.03
164900.0,222883.92
450000.0,502096.12
300000.0,319702.3
210000.0,219987.66
69000.0,58614.266
72000.0,66562.195
180000.0,253843.66
450000.0,415052.97
92000.0,86518.2
129000.0,122726.73
79500.0,98471.3
75000.0,81782.836
139000.0,145673.2
392000.0,386126.0
66238.0,58861.19
300000.0,356210.06
89000.0,93081.89
149000.0,153482.44
75000.0,76463.336
126000.0,174531.02
396000.0,441903.5
149000.0,183252.95
95000.0,91518.875
65000.0,80447.63
65000.0,71673.3
105000.0,92713.6
45000.0,61747.95
105000.0,128137.84
290000.0,295575.97
142000.0,206100.67
140000.0,108832.22
96000.0,79472.98
320000.0,425708.2
599000.0,346251.62
118000.0,128632.7
141000.0,161557.58
335000.0,410671.84
75260.0,86473.086
78000.0,82525.64
480000.0,461478.62
48000.0,60258.73
161000.0,181817.72
79000.0,81101.25
225000.0,160541.94
195000.0,146886.83
359900.0,378915.78
110000.0,127763.68
79900.0,68315.99
90000.0,89090.71
350000.0,253784.48
88000.0,87594.2
158000.0,220348.4
102000.0,92541.78
85000.0,60114.17
449500.0,435471.28
120000.0,91156.45
162042.0,142923.3
390000.0,273327.66
120000.0,145081.56
340000.0,304000.7
147000.0,155195.02
338000.0,307644.53
330000.0,230986.81
135000.0,104072.89
110000.0,116505.99
205000.0,164499.38
135000.0,180261.73
380000.0,280441.84
638000.0,549022.2
209000.0,163699.19
115000.0,224065.19
235000.0,275295.22
52000.0,46501.48
127862.0,142242.22
49000.0,114667.81
280000.0,296101.6
198000.0,201125.14
125000.0,87231.91
100000.0,106424.75
105000.0,76875.39
600000.0,435907.47
197000.0,218378.05
99500.0,89965.29
84900.0,86031.11
420000.0,292953.78
125000.0,91358.27
148000.0,134551.16
390000.0,243118.39
296200.0,328493.9
308000.0,337854.78
158000.0,134551.16
259000.0,393348.16
150000.0,192437.58
254500.0,214200.5
94000.0,98153.664
148000.0,127496.75
85000.0,92416.69
86900.0,89814.5
130000.0,121625.266
187000.0,173007.77
122000.0,140985.58
195000.0,190941.9
99000.0,106042.76
189000.0,161098.98
335000.0,307413.88
89500.0,88314.63
199000.0,174292.5
370000.0,362345.53
150000.0,112630.66
478000.0,446212.78
199000.0,221195.34
140000.0,152323.17
126500.0,122405.14
95000.0,113484.15
450000.0,388258.62
119000.0,144101.48
96000.0,103383.945
260000.0,229961.06
1200000.0,1048773.8
99000.0,135357.47
139000.0,118040.86
225000.0,250104.61
250000.0,176492.2
150000.0,130189.46
68900.0,76902.56
228000.0,204050.94
160000.0,376762.47
1290000.0,1210569.1
189000.0,149755.33
110000.0,113855.734
270000.0,229534.6
90000.0,110479.2
120485.0,144957.52
50000.0,60937.375
135000.0,212176.81
45150.0,49137.742
137000.0,153624.17
380000.0,346476.6
135000.0,131974.25
190000.0,178259.19
89000.0,96445.08
207000.0,250073.53
260000.0,294391.06
240000.0,157655.22
125000.0,158643.9
114900.0,115821.125
69000.0,97502.2
75000.0,206770.78
1050000.0,1067654.6
66000.0,85707.15
229000.0,161729.58
65000.0,65727.11
1250000.0,1030165.75
90000.0,101722.25
240000.0,176981.7
119900.0,121321.85
109000.0,107533.19
55000.0,98392.195
69900.0,97395.086
170000.0,175728.97
68000.0,84723.26
1200000.0,1159932.6
64765.0,65678.05
95000.0,87577.63
66500.0,67537.36
340000.0,365743.16
88000.0,150345.64
215000.0,168218.5
74000.0,66646.02
210000.0,145451.42
349000.0,267729.12
88000.0,174194.53
114900.0,141269.16
850000.0,571811.0
79500.0,81647.15
225000.0,303304.84
130600.0,108386.13
165500.0,189347.53
219000.0,249154.72
360000.0,116719.695
210000.0,210796.67
260000.0,341144.03
269000.0,235790.84
230000.0,242879.19
99000.0,119452.65
79000.0,70901.62
108000.0,107172.72
139900.0,109183.12
168000.0,139175.67
105000.0,105705.23
235000.0,243467.1
99000.0,147494.48
75000.0,93645.02
75000.0,58396.637
144570.0,143427.14
320000.0,290812.4
110000.0,136520.67
200000.0,242965.6
149000.0,107785.34
100000.0,111977.85
315000.0,369714.8
75000.0,153447.84
790000.0,663815.9
540000.0,693898.56
468000.0,567128.56
153000.0,142110.92
129000.0,196056.72
550000.0,410312.12
75000.0,65792.67
41900.0,64791.984
85000.0,78928.82
150000.0,189602.3
85000.0,90759.12
149900.0,100205.164
130000.0,170831.77
219900.0,237744.89
76500.0,147766.11
76000.0,99813.734
200000.0,237232.36
131941.0,136902.14
620000.0,393925.28
168000.0,140113.17
270000.0,260933.34
450000.0,256555.61
74000.0,79307.695
650000.0,524910.2
53000.0,54658.332
78000.0,80041.59
200000.0,300698.47
120000.0,113560.664
175000.0,186063.05
73000.0,76339.41
150000.0,110745.63
98500.0,124962.78
160000.0,154909.11
77000.0,68855.164
59000.0,48078.9
179000.0,158524.78
265000.0,143533.47
49900.0,42404.203
64900.0,109399.625
130000.0,146864.38
330000.0,377650.84
102000.0,152587.72
69900.0,68928.46
307000.0,326263.75
395000.0,374104.72
195000.0,157237.9
130000.0,112303.27
278000.0,177649.17
127000.0,139620.69
89000.0,95806.29
125000.0,109383.734
600000.0,481577.0
75000.0,100237.36
70000.0,61709.926
240000.0,180369.83
263000.0,222331.12
900000.0,797572.1
385000.0,258419.67
34759.0,99421.24
670000.0,482366.53
340000.0,315170.22
125000.0,104874.53
105000.0,80433.49
103000.0,112840.73
310000.0,155796.55
85000.0,103461.96
103627.0,91946.09
345000.0,414633.84
195000.0,221426.78
163000.0,127956.914
120000.0,100912.98
245000.0,188587.03
146490.0,185742.39
146000.0,147579.78
740000.0,520406.34
105000.0,89963.14
79900.0,109688.18
99000.0,102381.875
182000.0,312868.6
89000.0,135815.94
190000.0,178471.08
145000.0,121562.375
148000.0,139038.53
130000.0,124800.516
155000.0,192759.81
116000.0,101310.555
110000.0,156518.14
295000.0,286727.72
840000.0,1027753.06
165000.0,145327.66
85000.0,98619.1
249900.0,196810.78
68000.0,63883.223
23500.0,75756.62
169000.0,120610.57
164000.0,159894.44
77000.0,67891.43
39000.0,47625.72
639000.0,542766.2
155000.0,168286.28
135000.0,93370.695
68000.0,131671.86
1170000.0,1011261.44
180000.0,191811.12
1200000.0,888756.6
159000.0,145560.03
79000.0,105330.66
124705.0,127692.055
59000.0,155503.89
329000.0,248664.75
95500.0,64568.0
82000.0,91012.484
79900.0,90159.27
220000.0,158998.28
230000.0,298176.34
89999.0,90179.23
189200.0,252280.08
130000.0,186628.5
175000.0,164901.2
329000.0,323351.62
155000.0,179862.89
134000.0,110765.305
359000.0,334909.7
135000.0,162534.97
85000.0,86499.32
410000.0,488585.97
83000.0,90326.914
199000.0,179950.02
115000.0,90243.4
230000.0,133961.02
690000.0,740073.8
125000.0,143553.02
290000.0,288907.0
79000.0,87796.87
85000.0,61675.21
136000.0,304979.66
1450000.0,1088228.1
139000.0,135451.77
165000.0,214328.17
280000.0,252967.61
127893.0,115920.34
280000.0,262873.56
80000.0,90879.64
90000.0,103085.76
225000.0,176364.88
375000.0,610149.1
129000.0,120490.13
93000.0,73150.59
99900.0,98166.96
80000.0,109300.86
138000.0,121775.5
129900.0,123724.72
190000.0,147732.86
185000.0,252442.02
75000.0,83848.62
99500.0,117950.53
129000.0,150110.02
87000.0,93090.26
220000.0,193740.27
180000.0,208194.84
115000.0,122402.51
130000.0,108547.63
98000.0,113967.74
116000.0,110885.66
198000.0,161028.62
400000.0,396641.84
163000.0,231369.97
650000.0,462836.3
300000.0,358124.78
235000.0,235250.61
199000.0,333748.88
76000.0,137350.97
179635.0,164407.89
115000.0,145045.72
109000.0,101410.79
85000.0,85472.555
431288.0,428977.47
90000.0,75449.08
120000.0,163115.66
850000.0,472902.84
65000.0,79405.21
66200.0,104891.81
98000.0,102617.76
199500.0,367171.72
295000.0,217507.25
78000.0,125930.24
65000.0,99702.3
200000.0,252442.02
360000.0,210557.66
130000.0,118754.836
75000.0,76275.02
205000.0,226463.23
159000.0,156666.06
139500.0,239234.56
164900.0,199595.33
54000.0,70370.54
249900.0,269403.34
168000.0,204855.28
140000.0,195426.42
129000.0,178998.03
138400.0,140780.0
280000.0,199595.56
139000.0,111416.48
152000.0,183264.58
100000.0,112260.234
178000.0,159703.28
280000.0,200309.47
125000.0,114453.48
540000.0,496448.72
129000.0,169458.38
187000.0,236859.98
95000.0,129457.766
314000.0,374006.5
550000.0,383737.3
185000.0,159028.22
107000.0,58602.023
159900.0,196312.39
155000.0,162597.44
220000.0,195184.25
580000.0,320645.2
118000.0,145591.92
250000.0,370156.94
88990.0,98570.41
179800.0,181802.11
110000.0,90114.59
160000.0,127549.375
207000.0,141420.69
265000.0,195755.17
164000.0,180758.67
225000.0,141005.75
215000.0,310051.12
360000.0,350623.78
300000.0,327665.4
300000.0,316565.16
292052.0,310102.34
240000.0,180051.5
287000.0,209701.19
135000.0,122082.97
165000.0,126753.01
249000.0,290960.38
170000.0,192882.0
71000.0,98548.23
65000.0,170750.11
995000.0,629939.4
375000.0,248425.22
90000.0,103203.25
215000.0,249995.88
118250.0,105380.7
78000.0,100941.56
198000.0,288934.53
608862.0,500574.78
349000.0,344600.06
134999.0,131955.83
72000.0,70506.29
285000.0,237537.3
128000.0,175911.0
73000.0,103431.36
88000.0,100591.125
160000.0,130750.86
155000.0,178986.73
99000.0,96777.13
79500.0,66644.67
95000.0,92658.18
115000.0,125057.47
160000.0,155865.12
33350.0,39774.34
225000.0,263589.84
124000.0,107833.586
109000.0,88285.51
120000.0,115627.17
189000.0,199679.67
90000.0,156976.78
69000.0,86570.21
320000.0,614531.56
230000.0,227024.28
215000.0,198961.98
120000.0,132448.08
160000.0,177206.53
75000.0,63060.65
320000.0,214217.38
75000.0,90607.27
268000.0,284133.62
65000.0,64780.164
550000.0,469712.25
120000.0,146439.83
180000.0,241493.25
55000.0,62014.246
158000.0,140823.84
240000.0,303201.53
425000.0,306091.12
145000.0,154243.4
126900.0,119340.51
179000.0,238095.08
170000.0,183192.78
282851.0,277365.66
135000.0,125376.78
500000.0,323865.0
155000.0,101392.02
185000.0,132730.39
89000.0,118745.22
110000.0,115376.375
126000.0,103725.72
159000.0,123910.98
69000.0,71083.375
580000.0,781411.6
130000.0,157562.84
73000.0,56300.418
119000.0,132445.77
195000.0,259813.44
89900.0,127119.46
165000.0,161496.89
79000.0,108725.44
94000.0,163702.62
128000.0,144269.5
279000.0,254567.19
145000.0,152997.27
85000.0,84586.18
58000.0,53389.793
385000.0,329643.3
150000.0,204722.36
99000.0,84648.85
72000.0,72029.27
118000.0,147058.89
325000.0,261981.2
299000.0,316787.66
199000.0,153070.23
125000.0,156715.33
179000.0,552819.94
80000.0,73308.055
110000.0,122098.48
350000.0,462474.84
205000.0,205921.92
1100000.0,1131564.0
135000.0,144564.86
134090.0,164908.28
125000.0,169483.56
389000.0,351665.25
39900.0,49872.57
89000.0,108844.63
295000.0,375979.56
450000.0,331493.5
189200.0,252280.08
135000.0,127591.72
185000.0,147302.48
285000.0,281593.97
332000.0,322137.22
69000.0,71801.1
220000.0,153601.3
285000.0,254327.02
245000.0,205196.92
115000.0,111226.6
124000.0,90188.664
92475.0,110222.8
75000.0,88640.484
170000.0,153591.31
64000.0,64071.066
43500.0,45754.89
60000.0,81612.66
185000.0,174305.66
56000.0,96188.82
195000.0,367219.5
299000.0,155796.55
86000.0,81399.93
140000.0,167007.16
220000.0,170290.3
130000.0,105383.234
159500.0,148270.23
139000.0,117705.266
115000.0,126012.65
119000.0,93627.086
56900.0,46157.203
62000.0,60313.887
550000.0,674893.94
190000.0,121914.39
186000.0,206277.16
155000.0,141440.36
112000.0,151448.42
260000.0,190011.88
220000.0,244363.3
295000.0,305561.28
82000.0,111188.67
260000.0,205608.31
145000.0,161729.58
69000.0,70358.88
72000.0,176312.98
135000.0,109059.39
89900.0,105169.14
140000.0,97806.02
110000.0,60613.035
139000.0,107731.81
530000.0,318919.8
65000.0,87768.12
107000.0,106275.85
79000.0,201497.27
237000.0,303227.25
139000.0,112622.97
220000.0,199391.1
144000.0,127824.234
760000.0,675455.1
86000.0,49022.273
170000.0,236583.78
950000.0,784772.94
470000.0,271895.16
445000.0,719469.0
89000.0,99420.28
135600.0,127406.54
298000.0,351991.72
319900.0,352420.84
520000.0,651564.4
245000.0,222447.61
170000.0,175962.03
89000.0,103170.31
244500.0,191810.45
185000.0,234556.44
54000.0,74759.11
199900.0,194273.48
55000.0,41312.77
249000.0,167897.61
364000.0,362374.12
64900.0,88756.72
420000.0,240706.2
1350000.0,900131.3
229000.0,270629.2
220000.0,131655.86
130000.0,134277.7
65000.0,79309.39
320000.0,403211.25
165000.0,208933.3
128000.0,136673.56
71000.0,84045.96
295000.0,292904.2
95000.0,105269.734
160000.0,160999.45
215000.0,216859.9
145000.0,134872.6
570000.0,397171.16
67000.0,62363.516
190000.0,236362.05
70000.0,44745.93
123000.0,82766.67
330000.0,224175.1
119000.0,123326.74
130000.0,164008.3
450000.0,385523.56
148000.0,165304.39
99000.0,98251.54
39900.0,48328.1
35000.0,53095.793
122000.0,121703.336
101050.0,118914.96
251000.0,342977.78
450000.0,416523.03
125000.0,122832.016
1050000.0,789804.0
71000.0,71546.66
72000.0,88190.69
159000.0,137871.47
389000.0,368419.53
140000.0,177336.73
110000.0,120666.016
135000.0,112646.945
195000.0,131031.94
620000.0,755114.44
117000.0,115678.805
139000.0,197664.16
400000.0,429416.22
135000.0,99419.26
72000.0,92582.22
55000.0,77065.24
1000000.0,1019353.2
75000.0,66907.164
277300.0,276315.78
85000.0,73779.695
580000.0,647877.1
84000.0,78129.695
139000.0,127029.15
142000.0,125555.95
286624.0,168853.36
114000.0,189957.66
72000.0,75967.95
199500.0,223632.5
250000.0,263609.66
290000.0,225735.14
138000.0,155275.69
89000.0,68207.85
149000.0,151394.28
89900.0,98617.23
98000.0,96912.57
630000.0,511602.88
620000.0,429290.03
133000.0,130163.45
160000.0,124582.76
60000.0,57412.707
72000.0,58175.637
175000.0,186732.25
370000.0,308778.75
290000.0,311934.03
350000.0,191974.0
178000.0,286725.22
142000.0,154830.62
170000.0,235455.4
162500.0,160703.66
897000.0,331576.62
357000.0,451064.03
150000.0,124455.02
85000.0,98609.31
159900.0,202794.67
155000.0,148523.4
69000.0,72517.47
165000.0,270657.28
90700.0,525173.44
125000.0,115822.77
1200000.0,1018761.0
80000.0,69368.13
69000.0,77877.664
225000.0,264079.8
51900.0,68101.76
179000.0,208743.9
145000.0,259500.94
60000.0,93134.914
115000.0,95273.59
134900.0,114538.16
49000.0,70686.74
210000.0,283572.7
199000.0,156941.66
175000.0,168218.5
272800.0,310479.97
253100.0,443012.25
79000.0,108482.67
121380.0,179062.08
189000.0,197903.1
630000.0,521663.94
85000.0,72405.1
62900.0,54535.895
175000.0,216758.88
430000.0,496168.94
82000.0,96786.44
275000.0,157454.61
180000.0,221332.92
240000.0,194287.67
310000.0,329666.12
199000.0,190302.2
188546.0,195063.7
305000.0,363606.84
107000.0,85673.25
179000.0,245480.28
42000.0,61435.96
64000.0,54389.883
299000.0,319412.53
69000.0,111494.56
175000.0,150792.42
190000.0,159703.28
169700.0,142237.88
135000.0,192882.0
720000.0,664768.3
205000.0,107944.43
220000.0,209816.39
750000.0,506535.22
499000.0,488255.44
78000.0,79794.75
89000.0,85620.47
85300.0,184478.3
33000.0,91643.05
229000.0,153372.55
450000.0,319267.22
109000.0,97442.96
159000.0,129153.305
275000.0,185316.66
79000.0,85722.46
115000.0,126619.28
490000.0,421359.5
502000.0,665793.3
49000.0,51366.055
92000.0,167597.14
105000.0,128857.56
170000.0,204885.03
70000.0,75146.43
100000.0,144366.34
192000.0,140418.58
92000.0,105714.695
349000.0,596101.1
310000.0,327626.5
59800.0,55231.477
125000.0,194068.45
490000.0,395585.25
130000.0,154034.12
79000.0,72028.234
155000.0,133993.23
75000.0,83467.375
88000.0,83934.15
170000.0,114070.54
69000.0,72740.27
128000.0,123003.64
77500.0,75963.055
66000.0,72189.39
98000.0,140805.31
80500.0,84780.945
262395.0,165974.94
98000.0,110745.95
65000.0,71071.71
115000.0,112123.08
220000.0,178178.08
150000.0,200364.89
206400.0,190800.19
75000.0,113833.875
169000.0,139633.67
97000.0,87785.875
95000.0,165217.1
137500.0,175281.27
67900.0,72056.164
159000.0,129442.45
82000.0,92727.266
104900.0,106200.625
280000.0,226607.39
144900.0,154573.38
148000.0,123786.27
143000.0,171127.83
68000.0,121191.49
98000.0,86645.58
178000.0,98358.64
25750.0,38444.387
192000.0,178023.69
49900.0,100109.61
299000.0,392685.7
105000.0,120017.33
99094.0,104170.6
198000.0,217442.83
80000.0,61299.4
250000.0,203031.9
62000.0,85963.77
148000.0,149316.8
69000.0,71983.42
136900.0,144703.62
114000.0,72466.41
140000.0,96413.39
190000.0,171955.7
141704.0,152060.58
120000.0,122743.82
105000.0,110995.734
300000.0,173862.12
270000.0,282749.3
225000.0,322328.72
560000.0,438939.7
198000.0,201880.6
180000.0,128951.05
350000.0,225596.25
124400.0,140169.72
95000.0,88814.58
65000.0,56592.426
48000.0,59239.777
185000.0,153705.05
84000.0,85553.84
110000.0,100637.18
70000.0,67617.195
70000.0,79602.39
510000.0,392915.5
95000.0,71802.06
182000.0,295906.66
185000.0,197465.94
72000.0,68852.11
96000.0,89656.57
65000.0,73868.086
420000.0,392846.6
79000.0,135667.4
120000.0,126818.6
379900.0,311195.66
263000.0,219427.33
74000.0,101071.63
179900.0,175068.06
134000.0,155369.11
78000.0,79720.164
74000.0,107047.61
69000.0,74706.09
299000.0,341921.34
72000.0,70100.7
90000.0,96897.875
199469.0,179576.5
360000.0,351735.6
174940.0,150046.55
104900.0,105787.734
850000.0,644792.06
145000.0,158498.78
129900.0,127905.43
100000.0,117161.24
175000.0,157614.47
90000.0,125320.99
123000.0,124057.49
80000.0,113701.1
115000.0,112010.38
570000.0,774983.6
48000.0,60617.97
270000.0,263012.4
142000.0,134815.62
98000.0,148296.52
375000.0,499392.1
95000.0,87211.445
119000.0,127187.875
970000.0,922744.75
280000.0,235167.94
140000.0,109132.59
145000.0,132532.47
84900.0,117780.98
144000.0,150247.28
110000.0,135981.44
840000.0,1021093.2
88000.0,124215.28
63000.0,72701.62
80000.0,79101.86
200000.0,206541.38
79600.0,99746.95
189700.0,224575.3
85000.0,106951.42
165000.0,214496.7
115000.0,102133.71
220000.0,168258.86
63000.0,82490.47
298000.0,317244.66
105000.0,90749.16
185000.0,145239.28
75000.0,92115.06
104000.0,81955.586
85000.0,93748.64
59900.0,83994.67
47000.0,57678.34
125000.0,118861.93
119900.0,98021.47
121000.0,115533.99
198000.0,247091.66
390000.0,461512.72
204000.0,179529.95
135000.0,145930.84
139900.0,137233.53
277300.0,276315.78
105000.0,151743.44
69900.0,65021.46
150000.0,130750.86
112000.0,122991.74
290000.0,268346.47
489000.0,326625.28
1350000.0,1053581.5
108000.0,99579.08
82000.0,76325.57
409500.0,410658.5
193000.0,177660.05
110000.0,92528.164
120000.0,126156.03
130000.0,153751.28
114000.0,99539.26
68711.0,65678.05
129000.0,91969.83
114900.0,142959.4
100000.0,89147.234
189900.0,176931.75
77000.0,60147.35
148000.0,167448.94
97499.0,93205.85
195000.0,151521.84
255000.0,316787.66
90000.0,65755.87
132000.0,152627.2
310000.0,326896.34
160000.0,137007.67
180000.0,222994.81
160000.0,155865.12
109500.0,117265.13
70000.0,75235.2
1350000.0,1055454.6
129000.0,165903.19
129999.0,139237.72
160000.0,154039.84
74000.0,71176.164
157844.0,155666.25
98500.0,78366.06
94000.0,106336.87
85000.0,72285.07
135000.0,108903.46
125000.0,107945.26
85000.0,82587.76
148000.0,147514.2
114900.0,150330.52
200000.0,194609.64
220000.0,309696.16
510000.0,577950.7
68000.0,79662.26
420000.0,413085.34
1250000.0,1120667.8
320000.0,292918.2
130000.0,132021.89
140000.0,143884.92
160000.0,137168.47
890000.0,377081.25
570000.0,453176.0
350000.0,378668.44
110000.0,82116.58
320000.0,421990.28
110000.0,81488.96
77520.0,81361.52
120000.0,122696.38
130282.0,84353.02
270000.0,222274.73
420000.0,339045.75
349000.0,260411.25
141000.0,124950.27
170000.0,242857.7
130000.0,123307.984
230000.0,221902.66
130000.0,119988.47
145000.0,247457.6
290000.0,139586.86
148200.0,132435.97
115900.0,117143.7
98514.0,95470.34
110000.0,134878.83
230000.0,187636.08
85000.0,101492.05
239000.0,264276.4
1250000.0,1067430.0
260000.0,268219.88
130000.0,113277.195
194000.0,212581.66
159000.0,133609.88
120000.0,147744.73
139500.0,103106.75
85000.0,84344.01
64900.0,85008.984
95981.0,175111.9
355000.0,433766.28
230000.0,289106.4
150000.0,154256.84
235000.0,188437.16
85000.0,75497.22
165000.0,159906.11
84000.0,133330.28
730000.0,686995.06
85000.0,113302.36
1350000.0,1063825.5
129000.0,127652.09
105000.0,130249.73
49000.0,40704.363
138000.0,110745.63
229900.0,240698.6
175000.0,186930.48
735000.0,904966.8
149000.0,158149.25
119000.0,138500.52
65500.0,67812.43
480000.0,688825.75
595000.0,741067.56
73000.0,97109.03
490000.0,492316.66
79000.0,95600.414
94000.0,107685.42
320000.0,305299.78
127400.0,108277.445
95000.0,124411.99
280000.0,359305.7
190000.0,198002.06
179000.0,254339.88
225000.0,287996.03
390000.0,340479.44
130000.0,116460.445
160645.0,152435.73
85000.0,149162.9
120000.0,119109.984
370000.0,264593.6
74000.0,84012.28
189418.0,162013.64
350000.0,432453.12
75000.0,89829.43
560000.0,591579.8
139000.0,186688.19
295000.0,286245.06
130000.0,142817.39
98000.0,70248.89
153000.0,191145.33
135000.0,169115.61
85000.0,95215.77
325000.0,313948.6
95000.0,74321.18
89900.0,105062.81
1250000.0,1013098.6
135000.0,182408.72
94000.0,116395.84
82000.0,83986.92
132000.0,154419.8
143000.0,205580.12
240000.0,201393.11
200000.0,347065.44
115000.0,118453.79
319000.0,248664.75
109000.0,113808.42
229000.0,270629.2
539000.0,341492.56
129000.0,205305.14
215000.0,126726.86
155000.0,196613.86
189000.0,127306.71
139500.0,158410.73
69000.0,101376.94
60000.0,64780.164
185000.0,203137.12
175000.0,170396.11
155000.0,137910.9
239000.0,394418.94
260000.0,221689.4
103300.0,107369.125
95000.0,67657.086
149000.0,145158.56
65000.0,65702.42
75000.0,75012.04
136300.0,134411.97
178000.0,175614.12
149000.0,171976.31
89500.0,92835.24
248000.0,286879.38
125000.0,99816.07
325000.0,328537.5
68000.0,65171.734
135000.0,113833.88
69900.0,81972.98
75250.0,94817.24
220000.0,250697.94
116600.0,164644.2
89000.0,83647.77
220000.0,198354.11
115000.0,65208.387
127000.0,130728.3
65000.0,52031.105
81000.0,93849.086
120000.0,139355.23
118000.0,136890.1
128552.0,158162.66
90000.0,75914.96
82000.0,78119.62
170000.0,168751.22
153000.0,178269.38
76000.0,93370.4
1000000.0,611072.06
57000.0,43201.938
288000.0,283380.4
95000.0,83444.0
98000.0,87552.83
150000.0,128147.766
187000.0,186614.03
83000.0,113527.19
180000.0,142669.38
239000.0,402449.62
149000.0,152888.89
339903.0,311271.28
95000.0,120147.62
98000.0,84542.016
139000.0,139576.4
95000.0,108851.2
214900.0,198014.3
249500.0,305213.8
430000.0,455955.1
450000.0,649067.7
104000.0,90687.58
290000.0,195311.1
220000.0,172767.78
245000.0,224763.61
270000.0,391021.3
65000.0,50850.76
180000.0,276230.78
410000.0,374543.84
65000.0,75162.52
115000.0,137901.33
250000.0,153993.48
100000.0,110883.016
890000.0,858296.0
95000.0,103018.37
94000.0,70990.38
215000.0,202206.11
87746.0,125263.83
107000.0,96600.195
650000.0,716886.9
1000000.0,1049785.2
570000.0,763755.94
78260.0,103805.74
99000.0,115192.23
92000.0,111339.4
75050.0,78412.52
69900.0,125460.51
158067.0,152435.73
149000.0,157568.75
415000.0,200898.03
85338.0,66226.34
139000.0,166314.84
119000.0,93315.99
380000.0,413561.34
145000.0,115167.945
164000.0,160506.92
50000.0,72959.86
85000.0,88038.76
78700.0,87702.99
138000.0,166080.83
200990.0,198188.0
295000.0,306385.16
145000.0,89074.84
80000.0,114349.445
205000.0,225429.33
310000.0,274579.62
215000.0,302005.84
99900.0,110632.555
49000.0,64924.81
129000.0,132223.19
139000.0,123296.27
119000.0,124930.09
178000.0,182745.03
78000.0,88699.77
159000.0,152371.22
69000.0,80353.7
579000.0,589570.94
195000.0,184077.53
154900.0,193437.16
159500.0,145920.61
110000.0,108343.56
250000.0,116118.35
180000.0,171248.0
240000.0,192317.42
69000.0,58000.44
64000.0,86084.16
83600.0,83137.39
220000.0,167789.25
199900.0,182763.7
115000.0,108381.945
65000.0,75469.164
74000.0,83972.92
79900.0,91996.97
100000.0,101002.414
105000.0,84888.32
195000.0,236258.73
85800.0,87802.66
89000.0,88781.55
82000.0,87511.0
152000.0,201930.16
185000.0,154508.84
189000.0,148714.5
980000.0,790989.5
595000.0,528827.06
46000.0,63354.38
195000.0,156468.39
65000.0,85651.11
112500.0,91895.695
126000.0,129683.11
150000.0,183441.92
125000.0,143307.16
140000.0,128704.8
159500.0,160024.7
1150000.0,882732.3
315000.0,260487.31
198000.0,200188.7
140000.0,190948.61
115000.0,128278.9
75000.0,67283.766
89700.0,87105.23
106000.0,85090.375
43500.0,38004.33
265000.0,161005.72
395000.0,469368.78
400000.0,441171.8
115000.0,96854.37
70000.0,68877.4
149900.0,225005.25
250000.0,222714.88
270000.0,210213.27
298000.0,381532.5
199000.0,224362.25
125000.0,109979.47
151000.0,148943.19
410000.0,306101.1
79600.0,80894.15
189000.0,229375.64
155000.0,179672.23
189000.0,207274.98
193000.0,200731.75
81100.0,91708.87
200000.0,143106.5
94000.0,106336.87
150000.0,132136.14
114000.0,117585.98
245000.0,207545.73
650000.0,803298.9
365000.0,221438.0
259000.0,337358.44
139000.0,120422.914
620000.0,905993.8
240000.0,166395.86
99000.0,153831.19
349000.0,315019.66
222000.0,156549.11
67500.0,73469.6
78000.0,77382.67
77000.0,79621.07
170000.0,189426.64
192000.0,361267.16
125000.0,74157.82
193000.0,134525.69
85000.0,92949.78
43000.0,67924.29
58000.0,42365.65
80000.0,87573.805
78000.0,75184.31
43000.0,64308.06
125000.0,86798.44
110000.0,118693.29
260000.0,282533.72
99000.0,104857.17
114000.0,139259.44
270000.0,356320.38
257600.0,276073.1
230000.0,265972.47
152200.0,205729.61
150000.0,160804.78
230000.0,192367.14
445000.0,674851.3
228000.0,238305.45
465000.0,235517.98
460000.0,470361.44
200000.0,237279.27
325000.0,367369.7
69000.0,78146.1
300000.0,257946.28
198000.0,167493.08
123000.0,113641.44
790000.0,527543.6
120000.0,174219.89
79000.0,83376.86
129000.0,122402.51
156700.0,114081.48
145000.0,125682.95
311423.0,329130.7
179000.0,217263.86
103500.0,280429.0
255000.0,263201.94
199800.0,162061.69
175000.0,147216.92
99000.0,97696.5
210000.0,186318.81
230000.0,208586.66
84900.0,178140.1
121000.0,97149.805
68000.0,80686.42
140000.0,85851.75
58000.0,56268.29
109000.0,153876.97
105000.0,137624.95
320000.0,297767.78
124000.0,137580.6
780000.0,359945.62
110000.0,122590.695
49500.0,62700.656
65000.0,75606.16
380000.0,352721.6
205000.0,183488.5
145000.0,148362.94
125000.0,147157.34
94000.0,84026.5
390000.0,426121.8
185000.0,199822.36
164000.0,159606.03
75000.0,96222.57
90000.0,112307.51
82000.0,76968.734
265000.0,198943.34
149900.0,139662.64
210000.0,189084.27
275000.0,350394.06
189000.0,265593.2
57400.0,56040.027
249000.0,252252.11
130000.0,126771.78
1050000.0,752868.3
337500.0,164881.03
69000.0,79062.6
540000.0,505772.06
241000.0,224068.64
110000.0,138449.14
320000.0,331108.06
165000.0,299925.56
100000.0,81544.31
120000.0,92433.8
245000.0,198255.06
57000.0,72311.42
98000.0,97167.28
81018.0,80886.77
220000.0,232822.62
124600.0,137007.38
125000.0,183715.75
165000.0,161764.64
420000.0,418828.44
390000.0,272152.72
240000.0,254994.55
115000.0,145589.39
104000.0,115214.4
84900.0,84266.82
125000.0,130187.52
137000.0,106912.84
150000.0,141183.0
55000.0,72441.77
135000.0,170219.27
89000.0,74553.1
550000.0,386222.66
499000.0,347975.75
109000.0,109691.72
87679.0,116477.89
389000.0,452296.3
145000.0,165817.39
133000.0,153323.48
150000.0,176911.58
78000.0,88060.13
94801.0,134316.16
55000.0,83443.0
159000.0,140675.06
76000.0,83786.82
185000.0,232234.45
130000.0,118830.625
165000.0,125876.89
160000.0,119947.29
265000.0,199643.0
240000.0,363243.1
234000.0,201751.95
135000.0,87798.38
69000.0,76852.56
150000.0,144227.39
109900.0,100440.27
104000.0,94529.99
154900.0,126712.04
69500.0,69052.086
168900.0,172860.1
135000.0,110281.61
89000.0,148119.83
95000.0,108696.56
149000.0,134551.16
119400.0,132323.88
265000.0,330435.8
110000.0,160776.89
194000.0,178710.17
139000.0,108111.875
170000.0,141045.1
285000.0,305561.28
188000.0,160192.84
130000.0,113203.37
315000.0,155561.38
135000.0,116373.99
78000.0,89480.56
245000.0,302825.97
1090000.0,1088262.0
265000.0,257581.67
79000.0,93046.0
90000.0,83945.91
187000.0,150932.9
130000.0,136827.02
430000.0,354744.0
85000.0,109220.54
181655.0,203851.72
375000.0,380798.88
169900.0,165483.88
180000.0,226017.75
70000.0,71447.695
159000.0,203647.84
119900.0,100935.984
80000.0,135965.36
125000.0,160116.62
120000.0,169251.55
138000.0,133942.16
49000.0,45011.04
112385.0,100095.336
158000.0,183399.66
194000.0,180225.05
325000.0,269670.12
155000.0,123937.02
299000.0,296026.53
120000.0,91897.37
186006.0,292811.44
139000.0,136820.95
129000.0,147725.27
219000.0,60654.92
95000.0,115238.22
275000.0,286044.53
65000.0,92493.914
169000.0,148557.47
520000.0,376081.75
260000.0,239857.86
74000.0,108199.11
297000.0,271325.28
74000.0,69480.26
69000.0,105653.33
135000.0,140626.97
205000.0,195472.19
120000.0,150364.83
140000.0,156232.97
95000.0,106075.6
139900.0,108734.664
165000.0,203260.95
155000.0,191577.02
160000.0,138743.84
295000.0,384641.5
89000.0,71039.68
90000.0,106655.78
142000.0,136827.02
308000.0,270029.22
59900.0,47710.332
135000.0,165254.06
49000.0,109105.13
250000.0,215414.23
199500.0,163032.98
104900.0,140761.5
430000.0,582634.56
500000.0,347529.56
112500.0,138331.6
75000.0,76704.875
70000.0,97063.89
57800.0,56671.04
119000.0,144468.2
139000.0,159764.78
69000.0,92593.086
159000.0,147861.06
56000.0,95925.07
115000.0,138725.92
130000.0,139536.1
1050000.0,1060296.2
1100000.0,964635.56
62370.0,52364.355
139000.0,137970.45
135000.0,285247.3
270000.0,269771.25
50000.0,56891.35
270000.0,261651.22
449000.0,425418.97
108200.0,140958.2
123500.0,158972.94
123000.0,102353.06
440000.0,445773.75
179000.0,231989.72
99000.0,104358.65
125000.0,197490.62
99500.0,121790.055
128500.0,161807.92
250000.0,268596.9
60000.0,59815.12
99488.0,104170.6
67000.0,58250.28
640000.0,485164.2
69000.0,50950.89
265000.0,157674.25
90000.0,130537.06
268000.0,127518.484
158000.0,156137.44
165000.0,213208.72
195000.0,213705.45
460000.0,497855.97
195000.0,317948.62
289900.0,307342.9
255000.0,179155.53
145000.0,112210.01
185000.0,149397.94
430000.0,478226.44
130000.0,140802.03
209900.0,258000.3
129000.0,166121.53
1200000.0,1073626.1
105000.0,100198.23
115785.0,104980.44
225000.0,236811.1
150000.0,385612.34
100800.0,120151.38
79000.0,93171.38
269000.0,227548.48
189000.0,193879.45
69900.0,80517.22
145000.0,156869.47
85000.0,89375.55
230280.0,236137.8
75000.0,94329.8
62000.0,107601.32
149456.0,220310.47
95000.0,124800.516
92000.0,100353.59
63000.0,59138.727
129060.0,166867.08
95000.0,108313.57
230000.0,187179.83
330000.0,269154.0
1150000.0,1079465.4
135000.0,218840.95
215000.0,236913.08
98000.0,86258.56
74900.0,72624.2
565000.0,425309.66
90000.0,88802.54
179900.0,166313.66
61000.0,72754.31
74500.0,78085.03
460000.0,387318.94
62500.0,80896.93
72000.0,84485.375
137000.0,138585.89
590000.0,361850.16
149900.0,135366.58
96000.0,99830.94
500000.0,509198.94
198000.0,151055.3
190000.0,209731.75
160000.0,161393.67
180000.0,152247.95
112000.0,132719.3
89500.0,172741.62
68900.0,56825.035
59900.0,82490.555
260000.0,278733.97
74000.0,65862.41
178000.0,182603.95
112000.0,111613.29
580000.0,490066.9
415000.0,494101.94
115000.0,119260.07
122400.0,86558.25
249000.0,350394.06
105000.0,114681.734
475000.0,301830.47
107968.0,109917.33
345000.0,327717.97
72000.0,61247.324
60000.0,99249.695
145000.0,139799.86
116000.0,168746.97
54900.0,49493.926
379000.0,347314.3
179000.0,146460.02
175000.0,134341.1
160000.0,110303.7
150000.0,218829.52
119000.0,160754.45
109900.0,190217.27
110000.0,127624.44
99000.0,90231.08
99500.0,111594.234
93410.0,82547.6
355000.0,417648.25
70000.0,61854.484
89000.0,77826.875
83000.0,67334.52
109000.0,86396.59
159000.0,345459.5
159000.0,238853.62
44000.0,63786.137
113000.0,127265.28
830000.0,720743.9
76900.0,74483.28
50000.0,42364.875
196000.0,202194.39
152000.0,164779.89
350000.0,266052.22
83250.0,94714.49
140000.0,154101.34
79000.0,129581.625
500000.0,225433.1
125000.0,102760.375
109000.0,96536.42
595000.0,784216.75
315000.0,262926.7
280000.0,345607.28
137000.0,114290.76
185000.0,132686.38
210000.0,230386.38
220000.0,179301.36
75000.0,104744.88
45000.0,60199.633
590000.0,446842.3
105000.0,96291.35
89600.0,62395.656
600000.0,591883.75
250000.0,167253.22
190000.0,169392.39
670000.0,581970.94
189000.0,137867.27
125000.0,142201.0
85000.0,114026.81
75000.0,88800.82
145000.0,157189.64
177000.0,192582.48
360000.0,296039.66
135000.0,117361.81
87500.0,94617.63
78000.0,63155.977
280000.0,154551.08
570000.0,541282.06
182000.0,189784.53
144000.0,108438.89
79000.0,108449.36
90000.0,106858.914
470000.0,363651.28
125000.0,171327.81
139000.0,157150.22
355000.0,478470.12
180000.0,189854.27
149000.0,118500.15
70000.0,66646.02
440000.0,484642.66
156990.0,143415.9
165000.0,130991.91
115000.0,91802.305
130000.0,106254.734
55000.0,83299.88
240000.0,315453.1
119000.0,144098.52
92000.0,87225.21
140000.0,90616.93
55000.0,72458.336
155000.0,116444.59
90000.0,73150.59
499000.0,524475.0
810000.0,488224.97
309000.0,295665.75
124000.0,119701.36
175000.0,218202.56
920000.0,1018233.6
190000.0,165367.39
435000.0,294531.28
540000.0,361387.2
150000.0,135428.45
170000.0,112617.1
110000.0,156147.77
79500.0,98424.945
83900.0,100116.734
475000.0,525945.6
107000.0,114062.0
76000.0,65695.65
150000.0,122014.95
99500.0,171209.31
165000.0,140202.31
90000.0,93748.64
70000.0,61614.082
264355.0,266560.94
265000.0,321450.9
119000.0,117143.7
145000.0,175684.7
120000.0,96437.13
89000.0,131827.05
90000.0,94098.516
815000.0,658964.9
207000.0,205280.33
599000.0,560565.5
142000.0,145664.66
139900.0,169837.69
280000.0,310084.47
115000.0,149187.45
180000.0,221220.14
245000.0,158050.84
250000.0,435106.7
119000.0,144750.11
290000.0,263605.72
57000.0,80427.76
590000.0,366066.5
89000.0,91256.945
119000.0,120610.57
559500.0,473309.9
190000.0,216720.14
228000.0,138708.8
87000.0,91903.6
350000.0,305952.94
61900.0,68488.54
388000.0,353293.3
120000.0,126993.08
575000.0,611704.7
205000.0,266172.53
195000.0,181166.78
95900.0,114640.77
93000.0,75856.88
240000.0,243197.48
140000.0,252667.92
147000.0,176114.62
70000.0,91593.55
103000.0,114127.33
228000.0,188539.16
80000.0,82346.88
149900.0,139662.64
79500.0,108211.55
199000.0,237032.95
65000.0,69224.92
145000.0,185279.1
344900.0,387025.72
141102.0,149995.9
570000.0,629396.9
189000.0,194872.84
279000.0,260007.22
114000.0,123048.32
160000.0,169734.22
150000.0,132172.78
490000.0,452801.0
145000.0,125384.68
700000.0,415947.78
128000.0,90964.95
249000.0,154248.58
170000.0,210264.84
129000.0,119489.984
195000.0,132925.69
155000.0,136192.17
290000.0,407090.7
130000.0,194878.61
1300000.0,1234157.5
78000.0,91593.55
199800.0,222308.55
270000.0,289251.44
82000.0,67178.03
215000.0,242102.14
205000.0,266629.0
116761.0,106765.82
360000.0,353348.84
110000.0,138757.3
250000.0,246342.6
235000.0,258826.67
179000.0,195152.34
194900.0,140181.86
89900.0,89615.016
120000.0,74386.69
79900.0,78193.66
125000.0,126813.96
89800.0,74018.234
85000.0,96269.766
78000.0,100276.85
190000.0,154165.86
415000.0,413249.56
138000.0,200810.77
260227.0,269605.12
125000.0,121301.66
75000.0,105783.82
75000.0,91241.336
121200.0,72612.914
740000.0,479019.56
199000.0,207164.67
88000.0,94843.18
425000.0,326348.22
85000.0,80193.88
255000.0,259428.23
295000.0,358339.88
168900.0,170372.83
110000.0,80209.68
79000.0,111733.766
100000.0,75219.51
119000.0,142325.22
100000.0,230984.95
70000.0,50410.504
150000.0,282960.94
349000.0,388709.06
62000.0,55994.773
1200000.0,498395.97
198000.0,154290.78
320000.0,499129.75
74900.0,75732.37
89000.0,82550.44
300000.0,303320.06
199900.0,245411.3
110000.0,115994.03
182250.0,211434.64
355000.0,394109.66
588000.0,403120.2
125000.0,151470.19
184000.0,215265.64
205000.0,158559.77
193000.0,250662.05
159000.0,187602.42
66600.0,76555.375
168000.0,156398.38
380000.0,387631.3
285000.0,288668.56
179900.0,157339.69
252022.0,268491.6
94000.0,116201.45
190000.0,231784.0
83790.0,95311.56
369000.0,709227.3
80000.0,67785.44
204000.0,191185.61
110000.0,104499.34
200000.0,164850.73
76000.0,100362.94
168000.0,148505.48
290000.0,217718.44
238000.0,288173.62
82000.0,87706.72
495000.0,626366.94
249000.0,271969.5
49000.0,68188.88
142298.0,164518.08
114000.0,101088.016
145000.0,128991.836
275000.0,256044.05
99000.0,115230.2
182000.0,186246.92
124900.0,93929.21
58000.0,69843.36
295000.0,430922.66
270000.0,329109.94
329000.0,194157.97
449000.0,558420.75
49000.0,55248.766
304000.0,249059.42
790000.0,874996.1
63000.0,74080.69
130000.0,151014.66
365000.0,244947.48
250000.0,222693.08
200000.0,201716.23
270000.0,356564.3
88500.0,79444.7
79900.0,71101.23
170000.0,196423.67
59000.0,88417.06
298000.0,317411.9
108000.0,66300.375
210000.0,243577.03
170000.0,141884.16
130000.0,119055.41
69900.0,91284.12
164000.0,181220.92
215000.0,217528.69
21340.0,85184.836
235000.0,202206.11
820000.0,516817.62
238000.0,343339.72
65900.0,66269.86
228367.0,205392.8
140000.0,170443.73
145000.0,170524.17
75000.0,72571.96
130000.0,186439.84
79000.0,62920.24
90000.0,87089.445
184000.0,153319.94
120000.0,128729.03
94000.0,112091.29
70000.0,105493.21
940000.0,513635.12
120000.0,131215.89
90000.0,98416.766
460000.0,474384.22
125000.0,124282.0
175000.0,212724.58
197000.0,183701.83
169000.0,160958.31
275000.0,314239.12
130000.0,133825.08
85000.0,82122.56
48600.0,77642.66
450000.0,649067.7
99000.0,150004.39
1490000.0,314516.97
145000.0,112778.555
69000.0,83033.63
110000.0,101850.25
69900.0,69739.46
82000.0,81475.69
607000.0,412889.6
110000.0,155998.11
60000.0,85143.625
229500.0,381357.4
169000.0,141878.8
99000.0,90352.0
155000.0,98557.1
230000.0,343250.72
470000.0,419009.5
59500.0,49435.91
189000.0,158580.11
90000.0,81483.49
112000.0,92905.22
89246.0,86804.54
274588.0,276324.4
212400.0,198035.39
85000.0,99242.29
380000.0,308907.5
125000.0,113571.875
379000.0,265607.12
153000.0,160075.72
299000.0,266662.16
420000.0,277308.16
330000.0,278163.78
195000.0,231364.25
70000.0,47604.32
75000.0,90255.125
840000.0,477868.0
280000.0,267825.94
335000.0,536485.06
181248.0,166238.56
175000.0,183079.33
190000.0,216745.73
290000.0,270428.97
195258.0,112869.89
139000.0,135451.77
230000.0,300566.66
175000.0,162748.5
135000.0,166289.19
95000.0,154581.73
370000.0,282615.22
209000.0,235792.0
148956.0,152559.16
119900.0,131698.75
68000.0,72911.4
115000.0,130685.51
233530.0,233189.39
116500.0,95528.805
109650.0,102936.29
275000.0,263684.6
200000.0,145379.84
425000.0,338460.06
75000.0,75712.266
58000.0,99128.92
83000.0,75542.64
150000.0,167251.5
325000.0,250453.73
158000.0,144157.7
294900.0,260007.22
103000.0,74094.266
63000.0,85095.09
97000.0,95637.266
115000.0,121234.06
83000.0,71221.48
119000.0,119162.47
415000.0,494101.94
89900.0,84372.305
187000.0,217899.81
76000.0,138204.03
148000.0,128128.15
182000.0,251759.36
290000.0,255017.75
135000.0,136968.16
148000.0,198976.86
198000.0,147411.6
118000.0,120258.07
190000.0,246322.03
125000.0,76635.72
75000.0,145165.12
149900.0,156081.19
249900.0,175517.45
105000.0,102500.695
140000.0,201868.05
550000.0,545808.56
92900.0,125825.65
119900.0,108734.664
74000.0,72641.56
212084.0,184970.1
210000.0,208689.75
85000.0,102669.37
230000.0,158935.03
182408.0,175192.69
90000.0,88293.16
650000.0,671837.9
69000.0,68594.04
81000.0,77596.375
178000.0,108234.03
370000.0,331589.28
153000.0,149145.45
119000.0,150004.39
145000.0,124950.27
149000.0,151306.58
65000.0,79447.445
215000.0,149816.52
277000.0,347269.44
55000.0,82724.88
115000.0,113834.18
120000.0,114127.33
118000.0,81248.836
259000.0,225172.08
150000.0,148251.16
185000.0,171216.4
115000.0,148139.97
280000.0,328696.53
608862.0,500574.78
415000.0,456839.47
820000.0,855222.56
260000.0,282379.66
330000.0,315061.28
199000.0,217448.3
185000.0,163478.97
155000.0,190217.27
102000.0,87633.22
360000.0,245737.33
90000.0,85727.125
115000.0,155444.03
240000.0,203730.97
230000.0,207741.27
135000.0,118317.75
175000.0,246352.36
179900.0,229309.52
184000.0,186790.98
123500.0,136027.86
298000.0,391418.28
185000.0,154174.2
97460.0,83270.42
249900.0,198509.33
125000.0,168907.92
134000.0,162297.67
285000.0,251588.52
169000.0,162265.88
198000.0,224455.1
160000.0,138311.28
275000.0,189989.19
110750.0,76908.695
191400.0,222430.88
165000.0,164851.06
120000.0,115999.695
195000.0,211985.38
260000.0,248551.89
790000.0,613577.3
130000.0,114105.49
280000.0,214194.7
138000.0,131729.08
240000.0,277965.78
66500.0,72740.27
55000.0,74671.82
360000.0,389776.78
115000.0,84506.44
123000.0,146266.28
130000.0,176761.17
150000.0,58469.133
75000.0,99498.65
199000.0,242742.38
240000.0,253390.02
120000.0,164164.6
150000.0,146049.52
129000.0,197128.44
350000.0,305952.94
98000.0,117706.83
70000.0,74689.63
145000.0,151823.88
75000.0,104475.62
125000.0,132506.64
149500.0,134161.92
90000.0,128192.01
90000.0,101972.51
105000.0,96054.164
77000.0,99100.086
135000.0,136163.9
139900.0,157477.53
300000.0,240651.81
140000.0,188492.72
155000.0,163826.44
69000.0,77542.25
82000.0,298239.12
70000.0,104330.06
86000.0,80071.12
180000.0,201470.05
280000.0,394762.12
39900.0,51582.51
395000.0,245125.02
360000.0,439660.6
198000.0,201125.14
85000.0,102941.46
870000.0,484339.84
450000.0,195303.31
94784.0,85396.32
1100000.0,999830.8
229900.0,245411.3
219000.0,285914.0
90000.0,162356.16
225000.0,195115.66
78900.0,68704.99
205000.0,189119.72
159000.0,168540.86
75000.0,70618.1
129000.0,126754.25
225000.0,307830.84
157000.0,179610.53
134900.0,134578.53
239000.0,170729.67
87000.0,72088.55
849000.0,436352.22
82080.0,75741.58
115000.0,105905.21
85000.0,72281.16
69000.0,128925.91
278000.0,317121.5
80000.0,71450.27
163000.0,145839.27
75000.0,234588.48
175000.0,323654.72
1200000.0,888756.6
200000.0,275451.66
265000.0,323979.16
70000.0,156055.52
126000.0,129641.88
250000.0,181056.39
450000.0,472439.84
110000.0,129797.97
58900.0,338387.0
86000.0,117093.484
495000.0,493921.62
250000.0,334715.25
380000.0,208900.0
122000.0,124801.86
180000.0,201888.42
68000.0,110153.664
235000.0,229511.06
280000.0,208739.25
145000.0,155653.12
51000.0,33528.71
170000.0,133090.53
55000.0,66269.86
850000.0,881868.3
70000.0,102067.79
72000.0,78970.42
52000.0,56525.92
147000.0,181886.28
500000.0,518826.47
110000.0,117058.72
220000.0,231653.48
260000.0,273074.12
138000.0,138223.06
87000.0,96572.03
330000.0,275694.28
130000.0,153265.95
99000.0,96408.39
103800.0,154034.12
120000.0,98995.2
330000.0,322228.56
69000.0,131051.43
100404.0,83579.49
198000.0,276140.16
84000.0,78355.445
127900.0,141743.34
289000.0,265861.0
190000.0,189633.83
105000.0,91998.8
54800.0,67107.57
340000.0,392047.6
510000.0,383668.97
204900.0,265651.62
89000.0,99641.36
145000.0,121489.375
68000.0,59316.61
104900.0,141047.36
146000.0,194965.11
199000.0,148928.52
153000.0,144358.05
135500.0,114831.14
170400.0,233519.25
330000.0,297631.88
135000.0,131040.21
75000.0,67340.5
77000.0,65382.004
148000.0,176170.27
200000.0,225146.02
72000.0,92896.836
153000.0,321541.25
72000.0,70382.82
141760.0,117891.19
338000.0,469159.72
400000.0,371219.5
102000.0,106556.12
139000.0,136215.81
159000.0,125264.23
127000.0,171304.62
160000.0,136425.05
500000.0,438438.7
169000.0,180274.4
320000.0,326153.53
90400.0,75800.41
85500.0,91544.96
155000.0,167934.89
229000.0,212482.11
141300.0,193412.06
160000.0,133497.22
235000.0,237173.11
80000.0,129913.14
140000.0,100109.88
215000.0,353598.4
149900.0,98752.29
89000.0,93521.25
199000.0,204939.28
80000.0,91013.16
340000.0,330902.94
189000.0,161877.58
140000.0,178460.28
680000.0,617328.6
500000.0,418957.47
148000.0,166239.45
85000.0,109654.875
1100000.0,1044955.06
69000.0,123573.2
160000.0,161372.92
145000.0,166593.19
130000.0,108971.14
110400.0,94562.37
330000.0,466439.62
482000.0,335592.06
54000.0,69296.68
750000.0,718173.9
149000.0,151163.61
55000.0,55540.805
160000.0,120805.26
155000.0,186197.86
139000.0,173145.7
129900.0,161076.88
105879.0,146229.84
145000.0,124647.62
950000.0,658806.5
109000.0,123138.86
120000.0,132305.95
360000.0,269925.78
143000.0,164593.11
185000.0,167407.61
750000.0,692396.8
140000.0,131392.56
88000.0,81617.055
120000.0,90393.82
155000.0,222572.7
34980.0,66039.85
68193.0,82051.78
599000.0,504454.97
98000.0,102037.28
320000.0,272271.47
134000.0,136064.6
225000.0,336939.9
65000.0,69950.76
148000.0,164322.95
195000.0,149209.08
395000.0,565266.5
72013.0,74689.63
125000.0,176775.39
240000.0,227567.72
124295.0,139413.55
65000.0,99844.29
149500.0,94123.97
74000.0,64481.484
147500.0,119146.09
74000.0,65001.617
145000.0,163189.98
248000.0,350418.84
65000.0,75705.59
129000.0,179980.05
238000.0,209558.81
185000.0,244150.55
225000.0,202358.52
90000.0,115493.805
630000.0,590803.44
149000.0,184423.86
135000.0,182068.89
290000.0,390947.9
79000.0,75532.49
360000.0,413249.56
80000.0,132468.97
87000.0,96033.164
125000.0,111037.94
119900.0,163774.84
245000.0,325188.3
135000.0,136315.48
260000.0,266427.1
256000.0,347844.03
150000.0,220183.7
72500.0,64274.56
255000.0,277501.78
150000.0,246366.06
120000.0,114996.19
124000.0,160297.2
139900.0,174608.45
118000.0,151171.64
220000.0,186909.88
139000.0,105557.89
149000.0,168961.19
200000.0,158577.67
130282.0,84353.02
105000.0,88652.836
530000.0,371747.34
269000.0,285499.3
85000.0,83633.19
187000.0,220887.25
120000.0,138265.95
334000.0,310242.75
121500.0,93765.0
145000.0,131799.66
450000.0,490689.34
259000.0,171533.25
85000.0,189418.52
167000.0,166962.58
165000.0,155214.06
239000.0,194355.53
55200.0,80286.84
258000.0,222238.77
315000.0,439388.97
127500.0,136179.11
240000.0,228403.8
299999.0,274285.2
41860.0,44134.984
259000.0,413437.2
246270.0,229737.45
170000.0,166734.31
115000.0,137517.3
105000.0,302761.2
200000.0,245572.1
1420000.0,1098026.6
189000.0,153459.03
115000.0,108345.12
150000.0,164850.62
245000.0,157186.16
145000.0,162732.39
700000.0,294731.1
320000.0,291762.84
69000.0,75994.79
410000.0,493468.3
130000.0,166311.25
740000.0,653482.75
59000.0,64474.348
348000.0,305061.06
229000.0,203634.62
81000.0,75998.97
77000.0,110982.55
90000.0,111658.14
102000.0,232738.89
330000.0,297156.22
129900.0,125335.305
78000.0,64974.71
140000.0,103477.54
175000.0,138672.69
100000.0,111218.414
180000.0,200884.17
250000.0,334009.12
92000.0,107625.42
135000.0,136220.98
890000.0,991487.75
120000.0,91294.914
99000.0,103117.914
52000.0,46782.41
520000.0,583344.4
235000.0,114260.31
98000.0,163113.3
55000.0,59903.12
120000.0,99483.94
76000.0,88215.945
200000.0,176331.22
129000.0,131862.98
400000.0,332152.9
188000.0,291140.44
135000.0,192882.0
118545.0,108576.19
87000.0,93836.4
95000.0,98848.945
429000.0,362923.88
295000.0,306172.8
99900.0,125592.14
142000.0,174436.77
165000.0,198469.17
340000.0,230573.77
900000.0,940327.2
108000.0,83747.01
79000.0,85910.64
184000.0,290223.22
140400.0,134872.27
245000.0,176625.77
62000.0,91957.92
70001.0,107983.734
1300000.0,1209042.4
135000.0,157039.11
247177.0,284637.4
105000.0,126199.31
350000.0,353855.8
104000.0,128495.49
145000.0,331527.75
118000.0,154002.08
97000.0,81970.47
155000.0,177262.06
200000.0,139558.73
194900.0,258578.66
75000.0,85963.77
54000.0,39452.45
295000.0,457140.75
850000.0,879749.25
342900.0,128385.28
141600.0,132999.58
80000.0,88508.47
250000.0,302219.6
165000.0,156095.34
185000.0,201086.75
225000.0,251210.2
265000.0,369274.78
445000.0,568823.3
119000.0,148194.28
105000.0,65832.89
118000.0,100165.3
68000.0,67002.734
141455.0,140111.02
200000.0,319866.47
80000.0,110548.46
130000.0,122473.46
172208.0,162148.67
195000.0,317948.62
180000.0,198988.4
114822.0,144800.17
81500.0,94261.49
137000.0,152148.16
72300.0,80867.266
51000.0,95646.85
139000.0,128446.01
243000.0,135351.61
140000.0,202934.44
198000.0,182860.83
219000.0,242273.7
255000.0,225569.14
320000.0,380966.16
278000.0,190005.11
490000.0,591963.0
160000.0,301333.25
172000.0,148114.89
94000.0,86666.125
115000.0,149543.23
78500.0,84149.89
125000.0,138469.23
690000.0,394735.88
1300000.0,1274860.0
240000.0,200568.75
45500.0,59625.754
50100.0,62774.77
81000.0,67128.38
216000.0,155206.05
209800.0,272828.78
145000.0,184643.31
94000.0,160957.6
117000.0,118963.76
110000.0,76873.24
140000.0,179571.94
115000.0,114750.66
65000.0,60673.297
110000.0,129971.664
299990.0,336784.88
118000.0,130995.63
1452000.0,1003751.25
297000.0,263451.66
125000.0,95702.99
970000.0,743577.4
70000.0,55994.773
1300000.0,1285234.4
92600.0,87044.16
169000.0,145619.83
169900.0,203844.03
178000.0,240349.38
150000.0,149043.72
95000.0,283765.88
60000.0,67599.28
280000.0,226867.62
199000.0,205467.0
105900.0,102819.195
245000.0,182565.27
118000.0,144803.61
275000.0,261304.28
118000.0,100587.72
162000.0,140954.75
255000.0,198509.33
128000.0,175428.5
101365.0,104218.27
44000.0,78155.57
145000.0,149482.27
179900.0,220398.72
290000.0,295436.94
175000.0,271252.0
269000.0,243205.66
300000.0,221497.0
135000.0,157477.53
59000.0,62534.07
139890.0,123518.875
115000.0,155796.55
72000.0,41520.164
310000.0,291040.6
149000.0,101924.664
889000.0,650336.2
99000.0,102023.61
100000.0,106345.17
55000.0,79544.71
335000.0,243760.03
98000.0,172135.27
135000.0,138682.1
490000.0,364485.4
190000.0,167364.33
310000.0,324339.0
124000.0,118187.58
155000.0,152250.8
67000.0,90017.625
570000.0,514089.44
180000.0,143815.19
99000.0,126803.125
120000.0,153470.34
99000.0,86105.05
68000.0,112894.88
250000.0,316954.0
35000.0,104774.375
71000.0,74080.69
118000.0,141114.55
550000.0,626748.5
78000.0,73903.6
140000.0,74747.56
69000.0,88657.96
174000.0,151776.94
89000.0,121748.945
89500.0,95727.77
169000.0,182516.92
35000.0,63688.324
195000.0,166265.17
229900.0,236239.53
99000.0,126672.73
175000.0,226392.42
65000.0,100334.76
490000.0,280067.3
75000.0,88224.87
53000.0,38612.938
149000.0,201158.11
235000.0,163455.25
180000.0,141965.73
75000.0,66406.9
120000.0,110822.98
150000.0,193901.7
120000.0,127023.95
115000.0,99629.93
49000.0,38626.34
129600.0,162065.4
69000.0,81920.23
105000.0,96441.016
295000.0,317118.28
195000.0,187480.22
49500.0,34521.13
170000.0,177258.33
378000.0,245571.44
62000.0,88200.97
480000.0,399847.4
209900.0,180566.75
240000.0,271449.44
95000.0,83288.76
131000.0,164698.66
85000.0,90248.45
135000.0,124950.27
90000.0,106241.484
77000.0,80619.73
159900.0,194989.14
77243.0,90701.32
270000.0,277221.03
129900.0,147826.22
135000.0,148521.81
89000.0,74778.44
299000.0,334393.3
81000.0,94714.49
1000000.0,443270.62
139000.0,149271.8
130000.0,117502.86
90000.0,79644.47
550000.0,299094.8
115000.0,152158.88
380000.0,260864.77
130700.0,151503.62
520000.0,452447.1
310000.0,478199.38
205000.0,275460.62
80000.0,86326.71
99000.0,113388.32
285000.0,222201.14
287000.0,327880.88
133000.0,105754.34
220000.0,240886.27
190000.0,216321.5
115000.0,90340.69
98000.0,99695.21
230000.0,246601.44
415000.0,376206.1
460000.0,237236.45
135000.0,198372.56
585000.0,548856.1
175000.0,158062.92
118000.0,122368.914
57000.0,48164.63
175000.0,258188.25
81400.0,87802.66
219900.0,159415.95
90000.0,93605.19
144900.0,162060.22
1400000.0,1285898.2
130000.0,117177.53
172000.0,163577.14
225000.0,124031.46
189000.0,172439.56
115000.0,129551.51
215000.0,227033.36
65000.0,76521.41
75000.0,122025.15
158000.0,144206.81
160000.0,177500.84
156000.0,145890.72
80000.0,194964.78
200000.0,163375.45
220000.0,212677.73
125000.0,166302.16
95000.0,95755.52
295000.0,164288.84
125000.0,148753.44
238000.0,197185.1
650000.0,449873.53
91300.0,82051.78
110000.0,272256.78
170000.0,187184.22
73000.0,124571.086
82000.0,90474.055
83000.0,111185.38
137000.0,173135.7
320000.0,292918.2
180000.0,165554.58
620000.0,305215.75
130000.0,140054.0
149000.0,223298.92
155000.0,152760.36
269000.0,252157.92
83000.0,92876.56
105000.0,94190.74
65000.0,136296.2
80000.0,118523.9
179500.0,147139.47
55000.0,85625.82
110000.0,136780.88
130000.0,127150.78
710000.0,400457.03
78000.0,84522.68
410000.0,472794.47
60000.0,65885.7
95000.0,136578.98
65000.0,70248.89
330000.0,265063.2
86000.0,81865.54
68000.0,92478.016
148000.0,173834.86
82000.0,75634.54
125000.0,148280.42
598000.0,619970.94
133000.0,132575.6
214000.0,170059.55
283000.0,211261.23
900000.0,836302.1
58500.0,67107.57
85000.0,127624.516
375400.0,294975.47
192000.0,178023.69
85000.0,74018.234
460000.0,449583.62
140000.0,134514.3
270000.0,283963.88
465000.0,536447.25
112000.0,108530.39
104900.0,96226.68
77000.0,76599.58
79500.0,92727.266
220000.0,277811.56
190000.0,171282.64
140000.0,205170.11
230000.0,148082.97
64500.0,58154.098
89000.0,78668.305
130000.0,138985.97
285000.0,253666.73
298000.0,391418.28
140000.0,136048.38
189000.0,227214.36
159000.0,255101.66
139000.0,144511.56
230000.0,170838.11
85000.0,89554.63
80000.0,138616.08
100273.0,95470.34
189000.0,177279.48
339000.0,453788.56
37000.0,54349.176
600000.0,420067.9
210000.0,224707.25
135000.0,161848.4
225000.0,204843.56
105000.0,92558.445
264000.0,274404.7
132000.0,134411.25
98000.0,103564.04
89000.0,63892.0
420000.0,368058.66
148000.0,146223.5
85000.0,119563.96
83000.0,91069.3
68300.0,83850.69
76600.0,94259.37
150000.0,124511.56
145000.0,177950.67
270000.0,278303.2
225000.0,318400.06
113000.0,100186.02
182000.0,295906.66
64358.0,90456.86
137500.0,175281.27
109000.0,123148.516
103000.0,108929.29
95000.0,119670.695
298000.0,378219.56
115000.0,150001.77
139000.0,121756.8
78000.0,297117.56
159000.0,157770.2
460000.0,442020.5
95000.0,102615.51
197000.0,139192.89
115000.0,120755.44
79000.0,83741.62
165000.0,190800.19
80000.0,78436.64
55000.0,71137.07
225000.0,201064.42
225000.0,190180.73
48000.0,60941.09
220000.0,279819.9
83000.0,134023.72
355000.0,253310.83
105000.0,112961.48
140000.0,127046.92
63500.0,107393.2
600000.0,671081.56
345000.0,222463.19
470000.0,241876.94
120256.0,115520.01
238000.0,191286.75
530000.0,850122.8
205000.0,220532.27
304000.0,333010.72
110000.0,127652.54
147000.0,110768.5
318000.0,231678.67
130000.0,171212.08
200000.0,214615.4
340000.0,314856.6
145000.0,134648.03
570000.0,620829.1
137900.0,139924.44
239000.0,177142.23
690000.0,555490.94
125000.0,128353.484
230000.0,203106.19
134000.0,120908.164
180000.0,144117.89
77000.0,111363.7
892000.0,849594.44
90000.0,128910.28
70000.0,121392.305
190000.0,163507.27
98000.0,79786.12
55000.0,68753.78
180000.0,149784.89
80000.0,90007.64
80000.0,92873.43
280000.0,294257.88
304000.0,256654.19
130200.0,138997.42
70000.0,78834.82
179500.0,323374.97
65000.0,73167.91
180900.0,188990.06
130000.0,118904.98
165000.0,182366.47
75000.0,78970.445
80000.0,90065.84
99000.0,82574.56
129000.0,118669.39
63850.0,63292.094
105000.0,104680.2
129000.0,126393.13
129000.0,279216.62
209000.0,153828.6
169000.0,246382.89
85000.0,72206.28
260000.0,267075.53
107000.0,144044.62
145000.0,104197.72
87900.0,78381.72
122856.0,118669.086
105000.0,130927.13
155000.0,140771.16
100000.0,71746.71
69000.0,63401.727
228000.0,239655.16
53000.0,70827.56
153000.0,203415.67
75000.0,90098.875
130000.0,147193.12
114000.0,96754.734
470000.0,354482.28
165000.0,180726.92
115000.0,98585.87
140000.0,140236.12
159000.0,172313.28
115000.0,204364.61
44000.0,71271.99
135000.0,103725.72
239000.0,257267.6
109999.0,177303.39
93000.0,109385.734
118000.0,91284.28
225000.0,243887.1
139000.0,198330.56
84000.0,100062.68
165000.0,162100.06
120000.0,112596.664
1200000.0,1159932.6
118000.0,114086.39
420000.0,511561.3
69000.0,78783.98
110000.0,128776.38
148000.0,156459.69
298000.0,322804.72
150000.0,172753.48
110000.0,113719.38
265000.0,191195.48
240000.0,224133.7
220000.0,243080.34
85000.0,65814.53
250000.0,502970.94
118000.0,137152.23
53000.0,67282.25
74000.0,74599.4
44900.0,74199.82
121072.0,149835.47
125000.0,127047.984
150000.0,145270.58
90000.0,100459.4
308000.0,315934.97
89000.0,74961.57
339000.0,398130.16
137094.0,96865.66
79900.0,81912.984
1100000.0,757170.2
79000.0,88446.984
127000.0,216784.11
68000.0,204356.39
85000.0,128038.73
79800.0,77440.055
70000.0,128416.83
190000.0,161458.28
345000.0,325757.8
245000.0,204984.56
146000.0,163674.27
66000.0,96517.43
250000.0,199059.98
124000.0,157069.22
121000.0,89361.47
140000.0,151853.38
89000.0,92800.59
92092.0,95470.34
350000.0,295712.62
93000.0,82853.04
100000.0,109407.26
220000.0,131272.16
159000.0,176490.36
132000.0,131180.47
130000.0,108903.46
120000.0,176323.33
285000.0,216429.22
120000.0,118772.65
190000.0,245001.06
75000.0,83934.15
99900.0,131623.56
140000.0,152686.16
165000.0,163063.72
185000.0,221270.02
165000.0,160884.08
280000.0,245938.81
212000.0,136827.02
180000.0,124115.9
126000.0,101935.43
320000.0,357191.28
185000.0,187044.08
77500.0,99938.96
39000.0,43757.57
100000.0,136248.61
250000.0,420875.06
160000.0,142772.77
420000.0,315961.44
219000.0,272939.12
120000.0,118394.64
525000.0,507504.66
135000.0,89057.24
90000.0,119801.875
595000.0,578231.56
120000.0,121195.336
243000.0,316800.22
79000.0,79480.19
85000.0,106226.56
53000.0,72419.84
420000.0,380129.44
57000.0,129657.95
390000.0,412489.0
143900.0,164619.83
120000.0,88184.055
96757.0,104218.27
140000.0,196194.17
130000.0,126897.016
79900.0,67270.734
120000.0,160245.98
97000.0,106910.64
88000.0,89652.57
199000.0,178514.1
67000.0,69879.56
175000.0,136315.56
90000.0,77642.2
110000.0,78025.9
138000.0,154531.34
490000.0,356950.2
220000.0,243080.34
270000.0,309458.5
161226.0,134683.7
160000.0,108503.586
90000.0,98939.18
490000.0,396256.75
315000.0,264104.7
119000.0,177296.69
150000.0,309923.1
115000.0,146808.6
89000.0,86068.39
1400000.0,1001507.9
309000.0,301122.22
74500.0,95226.48
119000.0,129956.59
280000.0,232863.34
149000.0,149145.45
229000.0,171714.55
520000.0,676565.94
200000.0,196852.52
183000.0,172470.0
64000.0,90600.18
197512.0,176704.94
135000.0,110574.74
57000.0,138628.2
71000.0,88495.21
149000.0,171864.52
123000.0,105790.09
700000.0,493091.47
145000.0,122571.77
112500.0,121279.91
175000.0,209611.31
132000.0,145381.47
167000.0,196510.39
68000.0,75969.6
85000.0,100353.59
108000.0,91459.37
83999.0,94373.33
169900.0,154205.17
65000.0,68842.695
279900.0,234673.98
280000.0,315007.3
90000.0,78771.484
110000.0,129962.86
125000.0,130625.22
210000.0,207864.53
450000.0,477748.8
135000.0,141898.03
136000.0,294146.06
720000.0,864650.7
78000.0,106045.04
267000.0,283871.47
92500.0,115862.98
115600.0,128224.08
79000.0,85373.4
170200.0,169081.0
249900.0,347486.22
410000.0,321696.47
550000.0,493018.2
340000.0,359018.2
385000.0,329374.03
95000.0,107259.305
115000.0,112123.08
88000.0,76370.14
70000.0,74867.195
250000.0,217486.34
130000.0,89970.64
126000.0,233822.8
105000.0,86843.62
800000.0,623445.06
89000.0,71785.305
95000.0,71146.42
240000.0,201964.3
370000.0,566869.5
142000.0,172223.95
110000.0,184524.23
520000.0,338125.8
73000.0,75280.47
80000.0,91154.79
390000.0,340809.53
149500.0,225846.03
160000.0,208634.6
95000.0,108328.055
198000.0,164499.38
89000.0,114887.33
490000.0,501034.16
166400.0,127800.75
300000.0,225288.25
99000.0,97395.4
282000.0,226667.7
142000.0,113329.81
99000.0,108154.46
285000.0,331395.6
151500.0,167502.67
249000.0,424142.97
650000.0,700422.56
98900.0,114365.92
170000.0,193149.86
40000.0,39582.637
375000.0,255988.06
67000.0,98909.82
335400.0,535680.25
115650.0,105626.55
79000.0,78833.22
195000.0,189565.16
245000.0,233316.97
232000.0,207545.73
65000.0,80839.81
150000.0,231877.88
190000.0,141687.94
60000.0,67949.64
900000.0,940327.2
189000.0,151844.94
1500000.0,906107.25
129000.0,124989.27
199920.0,152595.89
668000.0,464458.28
154999.0,184883.06
155000.0,149693.5
440000.0,424517.1
670000.0,592487.75
320000.0,258789.66
82000.0,87538.72
220000.0,227094.47
121000.0,109790.25
350000.0,285020.38
63000.0,75165.59
612000.0,860861.7
68000.0,65749.05
305000.0,232414.36
179000.0,286137.1
545000.0,574193.6
130000.0,141201.6
165000.0,157469.69
290000.0,244323.16
370000.0,267884.66
230000.0,185394.77
165000.0,184491.88
200000.0,280368.5
120000.0,94407.08
114000.0,82208.23
600000.0,311748.3
257000.0,245399.98
175000.0,162299.39
258000.0,203882.56
145000.0,99116.43
98000.0,79756.16
119000.0,94373.33
132000.0,123003.44
255000.0,236229.19
155000.0,115802.68
94000.0,72162.2
235000.0,185757.78
250000.0,308328.75
79000.0,60432.652
168000.0,152247.95
380000.0,303064.7
420000.0,403423.9
168000.0,155775.97
90000.0,461368.84
135000.0,173578.48
105000.0,110605.98
189000.0,150643.31
245000.0,313347.8
185000.0,117075.625
99000.0,93948.664
245000.0,308536.2
155809.0,152435.73
145000.0,151860.92
109000.0,121861.9
150000.0,210466.11
97000.0,94278.84
110000.0,115705.45
65000.0,115758.69
165000.0,167538.53
320000.0,308942.47
125000.0,90846.055
260000.0,220464.73
129900.0,224997.6
199900.0,203444.84
69000.0,52856.363
250000.0,200456.47
240000.0,296310.28
65000.0,81825.43
135000.0,91068.0
105000.0,100876.29
45000.0,72082.195
154000.0,214097.08
380000.0,208900.0
73000.0,106866.805
699000.0,231470.2
230000.0,234091.1
244900.0,210211.3
59900.0,67618.016
110000.0,156866.47
180000.0,192496.89
159000.0,165432.66
119200.0,107411.46
95000.0,82028.42
670000.0,585953.25
480000.0,377994.56
97000.0,88939.88
58000.0,39764.055
66000.0,59464.293
115000.0,114981.71
75000.0,86421.9
225000.0,190571.16
130000.0,117500.055
108000.0,102640.71
76000.0,90116.13
175610.0,140413.77
90000.0,126442.99
159000.0,148646.5
385000.0,385745.22
55000.0,72015.34
449000.0,530070.44
80000.0,92344.055
79000.0,106231.055
105000.0,111476.586
104000.0,139545.55
199000.0,160849.0
165000.0,125910.305
76000.0,89506.055
138906.0,73240.56
220000.0,217747.23
138000.0,171127.83
630000.0,483784.03
390000.0,261513.25
110000.0,85578.73
129000.0,155272.88
248000.0,330742.75
134900.0,114538.16
119500.0,109971.836
490000.0,280067.3
195000.0,230386.38
104900.0,84061.02
126000.0,158233.25
205000.0,210696.11
249000.0,327026.53
235000.0,194621.0
96000.0,107818.99
85000.0,90003.71
100000.0,107132.94
285000.0,286245.06
49990.0,76045.516
67990.0,87939.805
710000.0,628681.06
220000.0,284324.25
135000.0,124816.16
120000.0,160165.25
95000.0,131306.1
265000.0,216865.2
280000.0,314825.4
450000.0,346681.75
169000.0,136500.81
480000.0,405615.38
79000.0,82200.195
140000.0,121527.64
85000.0,144134.64
189900.0,141595.3
150000.0,156870.61
149500.0,124950.27
120000.0,178221.2
330000.0,203117.27
215000.0,261907.94
640000.0,591920.3
135900.0,122400.26
359000.0,229603.17
128000.0,144437.19
129000.0,142395.88
52000.0,74059.73
173000.0,163126.78
390000.0,501940.38
260000.0,163825.23
99000.0,93403.83
1050000.0,1016915.75
118000.0,175481.67
108000.0,90750.45
480000.0,481477.8
105000.0,102336.89
313000.0,206165.88
220000.0,247821.55
399500.0,513155.53
72000.0,74079.54
135000.0,124468.78
135000.0,150554.1
69000.0,79160.69
660000.0,596592.06
190000.0,187876.39
119000.0,127391.58
179000.0,144205.66
150000.0,173647.08
309000.0,253389.84
89000.0,74553.1
225000.0,180953.12
135000.0,133862.39
324900.0,481448.06
370000.0,416926.84
125000.0,155627.1
170000.0,145978.08
143000.0,178821.34
125000.0,148058.05
679000.0,544717.8
310000.0,391147.22
99000.0,93545.19
320000.0,267355.7
175000.0,137181.64
199000.0,264721.28
100000.0,87478.67
267300.0,209333.9
135000.0,93811.41
96000.0,95974.43
85200.0,77759.43
395000.0,338828.22
565000.0,386810.56
110000.0,199543.25
110000.0,144265.88
630000.0,626061.75
159000.0,206125.72
159000.0,127214.58
375000.0,339237.94
85000.0,77382.67
373000.0,339524.88
89900.0,162426.1
259000.0,246616.12
99000.0,96511.65
85000.0,64334.83
108612.0,72126.945
173000.0,153082.48
320000.0,326242.38
145000.0,168581.95
140000.0,168169.98
69900.0,74328.79
180000.0,184774.73
80000.0,105757.16
199000.0,173877.9
78000.0,75906.31
81000.0,87700.7
75900.0,82512.38
118000.0,107044.11
129500.0,131279.78
198000.0,151760.62
130000.0,147188.06
310000.0,306181.22
153000.0,119947.29
300000.0,281589.25
980000.0,603776.0
118000.0,156215.19
158000.0,131813.39
179000.0,194878.61
260000.0,428479.06
360000.0,368692.53
98000.0,116849.664
109000.0,141305.31
122500.0,100225.74
99000.0,99629.93
295000.0,328943.94
280000.0,237634.75
128000.0,143586.7
279000.0,279442.84
48600.0,77642.66
249500.0,240873.95
245000.0,185985.92
232000.0,265198.6
277000.0,307496.9
50000.0,61396.418
95000.0,87570.18
88000.0,106881.984
125000.0,151448.98
179000.0,211711.27
79500.0,82380.336
115000.0,131529.08
175000.0,179850.3
89900.0,113566.66
305000.0,438991.28
87000.0,111112.734
78000.0,85253.27
199000.0,197938.33
119000.0,109399.305
125000.0,122769.24
62000.0,59313.832
148000.0,154749.14
345000.0,286870.4
79000.0,81335.8
127000.0,150351.31
199000.0,274077.84
149000.0,152389.62
149900.0,152171.11
110000.0,107848.89
139000.0,156656.25
129900.0,101691.55
102004.0,109407.26
187000.0,149607.92
199900.0,176931.75
150000.0,116757.586
320000.0,320580.16
137000.0,153267.77
227000.0,221746.53
105000.0,152358.25
130000.0,102128.26
140000.0,156295.19
290000.0,234772.25
310000.0,328300.12
485000.0,410609.2
680000.0,851565.3
95500.0,84715.74
260000.0,244946.47
449000.0,372333.78
63000.0,83559.78
95000.0,90326.914
96140.0,110461.93
95000.0,106952.52
87000.0,367649.97
123900.0,124462.28
165000.0,190917.69
580000.0,641474.06
220000.0,276327.2
73940.0,90966.24
49900.0,71297.83
150000.0,117314.18
84500.0,78030.27
120000.0,124828.96
140000.0,144121.31
99000.0,122542.92
69000.0,93827.19
259900.0,319314.78
74000.0,79481.08
298000.0,391418.28
127626.0,120187.125
195000.0,198238.34
222000.0,176273.19
115000.0,115180.93
80000.0,69316.23
136000.0,140328.92
430000.0,510046.62
54000.0,43763.473
119900.0,145081.11
265680.0,159586.66
69000.0,85062.83
235000.0,259897.48
149300.0,152577.55
189900.0,167870.02
185000.0,212353.58
185000.0,212942.11
48000.0,78327.19
170000.0,129958.086
110000.0,114826.91
320000.0,206803.03
80000.0,74832.38
240000.0,167035.11
95000.0,103177.86
105000.0,78877.73
365000.0,237255.89
100000.0,113203.33
128000.0,113297.81
290000.0,203135.08
160000.0,120196.87
189990.0,198701.52
620000.0,571498.6
250000.0,284913.9
114900.0,80137.83
85000.0,74857.53
249000.0,302937.4
90000.0,130233.11
168000.0,162367.88
89900.0,77461.195
199000.0,161098.98
195000.0,117963.37
139800.0,133619.38
150000.0,105945.5
107000.0,153823.94
245000.0,255964.34
91500.0,76942.625
62000.0,104894.555
95000.0,102992.16
80000.0,73498.055
220000.0,243080.34
145000.0,190969.89
299000.0,209991.19
218000.0,250592.98
121000.0,94530.12
84000.0,129989.38
490000.0,356792.9
99000.0,112133.99
360000.0,285355.28
1100000.0,1057894.9
170000.0,153591.31
229000.0,161848.48
55000.0,68168.55
159000.0,345459.5
315000.0,357588.0
75000.0,94885.46
125000.0,171369.83
59900.0,77867.67
75000.0,119714.41
350000.0,479910.97
99000.0,108492.664
289000.0,230574.17
248300.0,213704.69
144000.0,206991.33
170000.0,375033.2
79500.0,66478.73
148000.0,175921.28
107000.0,102647.67
148000.0,92990.99
190000.0,135812.08
295000.0,361939.34
170000.0,231625.08
89900.0,110772.81
860000.0,582845.9
1300000.0,945054.1
435000.0,277133.8
460000.0,583007.9
215000.0,249172.39
97500.0,97062.81
148000.0,154410.84
90000.0,128354.68
243000.0,224861.42
53000.0,64976.812
230000.0,242879.19
590000.0,465553.78
129000.0,124801.86
89000.0,80829.43
435000.0,568924.25
73000.0,103431.36
95000.0,151542.1
125000.0,128733.33
119900.0,126497.81
40000.0,45072.66
120000.0,148280.62
54000.0,50393.17
119000.0,121289.95
260000.0,324205.1
165000.0,122492.26
335000.0,324628.44
500000.0,538949.56
68000.0,83857.055
125000.0,137081.56
99000.0,175349.92
49500.0,60508.13
105000.0,113986.99
99000.0,118496.266
172000.0,148114.89
115000.0,116681.77
121000.0,86812.42
890000.0,521254.7
75000.0,80727.68
460000.0,196101.27
135000.0,155586.7
137000.0,156376.64
89000.0,98589.69
298000.0,266586.47
120000.0,113983.71
129000.0,115753.016
590000.0,683741.06
575000.0,610727.1
78000.0,122557.875
349000.0,426441.7
170000.0,229497.05
270000.0,210908.44
74900.0,70870.71
84000.0,117293.89
125000.0,133206.75
198000.0,203215.58
210000.0,177385.22
85000.0,257572.03
199500.0,188327.45
119000.0,92265.63
105000.0,79415.52
359900.0,269350.7
90000.0,143707.36
158000.0,160988.22
67230.0,116105.73
215000.0,261192.83
195000.0,165219.7
127000.0,177838.08
78000.0,69414.72
189000.0,173412.4
280000.0,422272.78
110000.0,138493.84
78500.0,70095.125
61900.0,59326.965
89000.0,92633.36
83000.0,90429.5
75000.0,73045.88
85000.0,74618.05
550000.0,585451.0
208000.0,261607.98
124000.0,130106.99
120000.0,73179.96
195000.0,142820.53
148000.0,155542.75
70000.0,91050.125
95000.0,92320.26
150000.0,127071.96
38500.0,30283.283
46500.0,54535.895
350000.0,291905.2
220000.0,176631.52
109000.0,114755.22
250000.0,225915.7
158000.0,166612.4
160000.0,138147.95
230000.0,183965.9
205000.0,204660.9
280000.0,338318.7
120000.0,106407.53
520000.0,480954.06
230000.0,359900.06
88000.0,92741.08
120000.0,129455.41
46500.0,62647.64
157520.0,122064.1
237000.0,226441.42
69000.0,69078.07
229000.0,270629.2
139000.0,172739.78
250000.0,261154.08
79000.0,179810.3
110000.0,128133.2
590000.0,621720.8
59000.0,72311.42
56000.0,53060.633
169000.0,162267.58
99000.0,127662.63
150000.0,182013.27
84000.0,69884.71
65000.0,76006.51
90860.0,94453.92
85000.0,73180.31
260000.0,273577.2
82000.0,121399.414
95000.0,75549.92
370000.0,339654.0
95526.0,81384.21
235000.0,370554.72
65000.0,68285.36
595000.0,546141.4
77000.0,105564.23
186000.0,152638.23
235000.0,243471.81
680000.0,610669.6
170000.0,158258.2
79000.0,93960.13
150000.0,150652.61
210000.0,286119.44
92900.0,89820.32
1170000.0,1021095.75
420000.0,441066.97
95000.0,106961.14
480000.0,703424.44
132000.0,129492.055
108000.0,143040.52
65000.0,69543.03
120000.0,184095.28
120000.0,109306.59
69000.0,84041.87
298544.0,361848.03
77000.0,79794.75
425000.0,417789.94
115000.0,107626.74
580000.0,660114.5
90000.0,117028.33
110000.0,110001.21
62900.0,72792.69
79000.0,69557.234
79000.0,71908.27
178000.0,155299.1
1500000.0,1247817.6
87000.0,103231.984
60000.0,71056.664
395000.0,256503.33
150000.0,131503.66
115000.0,87552.22
849000.0,694040.25
260000.0,249208.11
260000.0,167778.52
140000.0,148169.14
330000.0,349732.06
42000.0,60405.633
188000.0,299146.88
149000.0,139459.6
540000.0,484434.25
135000.0,123880.95
265000.0,256890.75
289000.0,297221.06
415000.0,385360.12
220000.0,266961.47
169000.0,245845.19
109000.0,103661.1
75000.0,163819.86
390000.0,378461.12
1200000.0,1062260.6
125000.0,139676.22
299000.0,362862.03
115000.0,156274.42
185000.0,122966.0
50000.0,48410.785
150000.0,154987.73
145000.0,105079.48
99000.0,96582.98
820000.0,861077.7
250000.0,193389.97
229175.0,163747.4
135000.0,205371.86
113339.0,131552.39
130000.0,97643.35
350000.0,426360.12
184700.0,136917.61
75000.0,67839.79
180000.0,164836.75
80000.0,71014.22
84500.0,91650.75
108000.0,82885.84
45000.0,60480.266
375000.0,443119.1
1250000.0,1226902.4
315000.0,329471.75
65000.0,108416.836
195000.0,259266.42
250000.0,407180.12
120000.0,157753.34
142000.0,122582.85
400000.0,330256.56
397000.0,472300.22
170000.0,161878.81
529000.0,481326.12
89000.0,106892.36
155000.0,191551.08
88000.0,85430.3
119000.0,116026.9
250000.0,316603.03
132000.0,122143.02
168000.0,129192.16
120000.0,107616.73
119000.0,126377.0
199900.0,204582.22
95900.0,93586.34
68000.0,70967.445
94500.0,125137.29
159000.0,176490.36
89000.0,93739.98
69300.0,100984.62
59936.0,53618.402
175000.0,184537.33
132000.0,81483.47
107000.0,141249.1
110000.0,149402.06
84000.0,92054.99
124000.0,102778.6
96000.0,100411.164
86000.0,117595.99
240000.0,277463.75
138000.0,169767.8
65000.0,65089.54
209000.0,186268.7
170000.0,154152.05
89000.0,69138.42
80000.0,79130.15
145000.0,154276.83
85000.0,88257.56
500000.0,389631.06
180000.0,303518.66
70000.0,80711.5
199000.0,235424.4
209000.0,232646.36
130535.0,118669.086
219310.0,216106.08
156000.0,187243.17
59080.0,86461.01
145000.0,179602.3
735000.0,772442.3
84000.0,89640.06
118000.0,87580.9
93000.0,122902.61
360000.0,316131.94
180000.0,155778.84
59000.0,111576.06
680000.0,539940.7
330000.0,329019.6
136000.0,99095.56
195000.0,133897.98
110000.0,95445.41
65000.0,120179.05
230000.0,212337.97
240000.0,146999.27
85000.0,74633.375
205000.0,139940.47
159000.0,154732.22
80000.0,93819.67
195000.0,298553.88
75000.0,79410.94
83000.0,154658.56
580000.0,432010.44
89000.0,100079.49
232000.0,237968.28
165000.0,175904.34
600000.0,944643.2
219000.0,245256.9
635000.0,712923.44
470000.0,324048.56
224000.0,199564.7
89000.0,83386.836
79500.0,85745.99
60000.0,65791.72
141735.0,162812.23
515000.0,539236.3
129500.0,131279.78
165495.0,136689.53
115000.0,144972.69
133000.0,158639.42
169000.0,213701.23
490000.0,280067.3
199900.0,198701.52
193000.0,150549.53
72000.0,94109.58
165000.0,179170.17
449000.0,398927.47
136999.0,153635.92
105000.0,111960.805
92000.0,109917.65
240000.0,201682.56
170000.0,137651.78
115000.0,118180.72
169000.0,168751.22
94799.0,90499.48
89000.0,97711.05
295000.0,320592.47
224900.0,174307.62
68000.0,86691.445
490000.0,523317.3
149000.0,162414.86
229000.0,315477.66
120000.0,177364.81
225000.0,237537.64
375000.0,264369.8
73000.0,107386.41
190000.0,223475.62
190000.0,203398.89
145000.0,122115.82
595000.0,410177.84
95000.0,136798.97
235000.0,231252.6
190000.0,120880.3
160000.0,119338.72
179000.0,189170.5
146000.0,156081.56
200000.0,226330.1
84000.0,87556.42
94000.0,103882.89
220000.0,163392.0
135000.0,180880.3
145000.0,133970.61
225000.0,209253.64
89000.0,184418.23
135000.0,116914.09
220000.0,264021.62
52077.0,76752.125
349000.0,372681.1
117000.0,197086.33
90000.0,113376.7
89000.0,104590.72
105000.0,119438.62
160000.0,152466.58
175000.0,164901.2
85600.0,77976.17
134900.0,98700.78
70000.0,76734.375
85000.0,95490.8
57000.0,66065.52
95000.0,74234.016
85000.0,129958.66
143000.0,174207.81
85000.0,103701.9
150000.0,178270.75
240000.0,344326.16
76700.0,85810.18
229000.0,201724.17
69900.0,108196.945
105000.0,96834.53
130000.0,130464.72
265000.0,345021.9
78000.0,114530.16
79000.0,107376.22
510000.0,608863.6
430000.0,293048.62
57000.0,63895.57
249000.0,236229.19
110000.0,116899.76
75000.0,95548.14
105000.0,75923.0
85000.0,115807.5
95000.0,112905.53
380000.0,419888.6
46500.0,34902.82
98000.0,153482.38
230000.0,283885.72
208000.0,256220.45
210000.0,169432.92
106000.0,99581.99
245000.0,297380.72
90000.0,92509.28
170000.0,113167.16
430000.0,539236.3
130000.0,116765.914
73000.0,105357.4
253000.0,198509.33
115000.0,151368.53
77243.0,72798.51
148000.0,155387.31
65000.0,81526.41
335000.0,364661.8
132000.0,138773.39
124900.0,121736.51
68000.0,100836.78
120000.0,101281.19
74900.0,83821.08
380000.0,517280.5
82000.0,83382.695
46000.0,53138.145
270000.0,172217.62
180000.0,150323.31
120000.0,105374.23
129000.0,172492.6
125000.0,89809.945
103950.0,89351.97
225000.0,247912.53
350000.0,274573.47
247000.0,223606.31
262000.0,276324.4
210000.0,241112.2
175000.0,263652.62
129900.0,131809.1
285000.0,333938.75
160000.0,122036.56
260000.0,209930.11
122000.0,128512.08
224000.0,257542.5
105000.0,87342.12
196000.0,125829.22
89900.0,92602.84
280000.0,238078.44
249000.0,227805.61
139000.0,166962.58
159000.0,172086.36
160000.0,329937.78
139900.0,134066.66
499000.0,362555.06
89000.0,129371.68
100000.0,97263.01
163000.0,177750.75
160000.0,166647.36
146800.0,130110.07
182000.0,175014.45
69000.0,88759.51
125000.0,103000.516
139000.0,124979.25
72800.0,84387.08
150000.0,174109.14
172000.0,163884.69
210000.0,173657.2
140000.0,145311.83
59000.0,56191.902
82000.0,128067.66
275000.0,332481.47
85000.0,90823.0
132000.0,79216.71
215000.0,209870.23
99000.0,112759.1
99000.0,111000.5
62000.0,81031.55
114000.0,125329.26
98000.0,88928.9
630000.0,799896.75
269000.0,272489.84
330000.0,300698.47
199900.0,177776.94
340000.0,262142.5
80000.0,108713.67
184000.0,156127.9
85000.0,109575.766
120000.0,92433.8
112000.0,99096.43
117700.0,95538.44
155000.0,158260.11
51500.0,67144.3
110000.0,108487.086
135000.0,124394.6
87500.0,95470.34
45000.0,62876.152
83900.0,181894.55
220000.0,204479.7
249900.0,260202.08
228900.0,235086.06
100000.0,143465.25
100000.0,103936.41
72000.0,48426.7
130000.0,93995.6
680000.0,640382.06
81000.0,91410.79
329000.0,262799.88
600000.0,594047.7
145000.0,139071.7
160000.0,184154.22
130000.0,143460.4
209000.0,219897.5
139000.0,93085.27
89000.0,85624.27
95000.0,85797.67
240000.0,270063.9
258000.0,261461.83
130000.0,132256.73
160000.0,324535.5
950000.0,552830.25
140000.0,119326.21
228000.0,234886.0
109000.0,124528.62
220000.0,204209.8
219500.0,155910.03
92000.0,110707.7
97914.0,108220.83
78000.0,173588.6
229000.0,242148.78
89000.0,103883.25
120000.0,112392.63
69000.0,82432.99
94000.0,101849.25
129000.0,109361.6
129000.0,118807.95
42000.0,52665.598
259000.0,324656.16
136300.0,121441.75
74000.0,74724.43
145000.0,115228.164
167900.0,163498.03
129000.0,132120.11
130000.0,132731.1
135000.0,100508.45
125000.0,138223.06
105000.0,104506.29
78500.0,81792.39
199000.0,226344.27
180000.0,243343.2
135000.0,134387.2
115000.0,101538.98
95000.0,83288.76
123000.0,131215.89
199000.0,234248.47
100000.0,126501.33
94000.0,109121.66
73000.0,83516.97
88000.0,81617.055
882000.0,429498.6
148000.0,111916.99
126000.0,108985.72
215000.0,271376.4
129000.0,129480.586
330000.0,321080.6
840000.0,785688.6
209900.0,176512.58
148000.0,126261.94
198000.0,256161.1
260000.0,226258.42
345000.0,248908.75
275000.0,330332.47
450000.0,442243.44
72500.0,80780.61
128000.0,154404.23
166000.0,157105.78
185000.0,248448.28
120000.0,108976.64
112500.0,100164.0
139900.0,169343.55
149500.0,144734.52
79660.0,85880.34
137000.0,129492.055
95000.0,89704.1
228600.0,184602.83
220000.0,240827.39
138000.0,128608.164
128000.0,164780.1
160000.0,116899.34
113800.0,80266.625
395000.0,449748.0
134000.0,103876.65
95085.0,100057.61
109000.0,87374.42
53000.0,51900.27
87000.0,113184.945
250000.0,286166.25
177000.0,217695.16
49500.0,78360.586
200000.0,168436.14
340000.0,463999.84
305000.0,320155.3
68918.0,84570.87
590000.0,622142.94
285000.0,279767.75
290000.0,408912.66
329000.0,248664.75
275000.0,274053.38
115000.0,81182.57
205000.0,141572.12
395000.0,287103.06
125000.0,142410.19
260000.0,227699.06
390000.0,239158.56
145000.0,105513.3
88000.0,96776.31
137500.0,99126.34
615000.0,551541.56
149000.0,144323.8
148000.0,179147.98
112000.0,132731.52
102000.0,95449.23
210000.0,155865.12
133000.0,112892.31
241644.0,274351.66
164900.0,130439.72
117000.0,108633.195
115000.0,153792.75
470000.0,322044.22
260000.0,164966.44
420000.0,332152.9
88000.0,67334.52
360000.0,339564.6
720000.0,457459.66
115000.0,109617.94
149000.0,131031.94
80000.0,113649.85
350000.0,282540.94
269000.0,242426.36
175000.0,163925.64
125000.0,141567.77
620000.0,956497.56
50000.0,49271.715
55000.0,56258.33
89900.0,132646.44
172000.0,138014.97
75000.0,100978.01
81000.0,85631.14
115000.0,98477.17
115000.0,148112.03
170000.0,123937.54
119000.0,115746.58
225000.0,180725.12
105000.0,102843.22
210000.0,182508.47
120000.0,102811.484
165000.0,95049.15
90000.0,93296.66
290000.0,370560.4
494000.0,401304.3
239000.0,281572.34
340000.0,440721.97
240000.0,276614.2
82000.0,87574.445
390000.0,440130.0
195000.0,239177.1
1390000.0,1151815.8
220000.0,122495.75
69000.0,88752.36
40000.0,44225.63
310000.0,201016.56
105000.0,89034.88
127600.0,146363.52
239000.0,274419.0
292000.0,218447.5
80000.0,91828.29
535000.0,609692.6
143500.0,200671.36
110000.0,140088.45
82000.0,66120.914
298000.0,304616.53
125000.0,120600.86
135000.0,130808.266
83900.0,91903.6
225000.0,163360.94
149000.0,161665.92
90000.0,122965.15
139000.0,92680.445
1350000.0,485324.4
155000.0,132170.05
170000.0,184034.44
75000.0,85764.25
92000.0,89907.65
212000.0,269860.2
480000.0,431582.2
220000.0,169156.42
129000.0,124986.29
240000.0,257107.45
149900.0,135366.58
71900.0,76976.59
450000.0,370625.88
600000.0,539076.06
149000.0,136829.89
65000.0,98177.43
126000.0,132283.98
79847.0,88072.9
88900.0,81797.555
275000.0,199751.7
330000.0,363648.7
135000.0,136903.52
399000.0,286870.4
230000.0,206897.53
330000.0,442132.53
84000.0,75237.266
185000.0,170174.3
460000.0,409725.0
74000.0,88546.04
210000.0,316723.16
260000.0,299495.22
265000.0,287188.94
67500.0,83691.2
77000.0,81421.83
75000.0,68931.71
84000.0,117293.89
77000.0,65920.72
59000.0,62298.426
79000.0,91992.19
72000.0,94070.984
125000.0,115790.766
255895.0,158237.5
118000.0,84216.49
650000.0,704300.25
125000.0,99422.35
809000.0,749746.94
585000.0,271979.84
148000.0,173285.95
230000.0,195329.73
125000.0,108185.805
470000.0,375572.75
98000.0,112379.78
375000.0,359018.2
345000.0,248908.75
105000.0,126199.31
140000.0,134181.31
135000.0,114138.555
120000.0,105066.65
205000.0,205245.19
79500.0,82717.18
132900.0,182196.0
140000.0,105439.42
460000.0,292626.8
158000.0,124885.73
750000.0,965717.75
85600.0,99054.13
850000.0,403556.8
90000.0,89543.695
130000.0,140559.88
145000.0,212495.03
108500.0,125295.01
168000.0,197588.33
105000.0,161429.75
175000.0,234701.16
265000.0,173854.0
320000.0,417118.56
145000.0,122993.805
173411.0,144795.55
130000.0,147983.62
149000.0,149740.08
129500.0,91146.46
79900.0,109236.19
79500.0,99292.875
450000.0,465439.66
160000.0,158931.66
200000.0,264658.28
199623.0,144401.06
215000.0,217861.62
155000.0,143902.06
80900.0,93343.82
65000.0,89226.33
155000.0,166962.58
158000.0,145318.55
460000.0,387593.97
105000.0,103140.81
87000.0,76928.69
180000.0,126960.87
109000.0,87567.92
55000.0,74728.27
600000.0,605103.1
89000.0,83856.22
159000.0,151959.38
440000.0,341714.3
490000.0,424362.97
259999.0,317441.72
110000.0,145735.05
310980.0,404705.75
109900.0,112627.39
196000.0,131893.64
375000.0,322201.3
245000.0,174419.44
115000.0,118510.266
89900.0,122287.164
219000.0,209812.45
219000.0,234193.69
200000.0,115419.75
390000.0,688092.44
79000.0,81825.805
165000.0,162683.84
64000.0,108939.14
70000.0,74847.32
152000.0,160192.58
185000.0,152718.9
71000.0,67689.75
91022.0,100353.59
170000.0,122712.83
185000.0,150992.58
82866.0,104956.34
188000.0,190450.61
137000.0,165303.8
329000.0,383927.97
89000.0,122187.305
150000.0,158473.2
740000.0,569555.94
129000.0,121136.45
120000.0,79065.305
199900.0,186601.83
60000.0,42651.25
590000.0,556932.1
400000.0,467453.53
147000.0,180251.25
99000.0,141861.64
80000.0,78515.87
240000.0,235751.78
259000.0,145252.97
185000.0,250310.66
48000.0,61313.125
79900.0,73635.414
525000.0,689684.56
235000.0,573104.8
99000.0,80072.09
230000.0,171277.17
495000.0,566052.56
141000.0,124950.27
430000.0,474648.9
84000.0,92447.38
400000.0,280267.0
45000.0,64371.973
63000.0,74102.48
112000.0,123211.95
200000.0,207455.7
65000.0,75089.16
150000.0,141017.22
390000.0,355190.72
109900.0,122248.63
185000.0,155462.39
115000.0,137696.14
129500.0,154989.19
109000.0,142234.06
94000.0,136790.88
585000.0,700855.0
249000.0,251568.5
1085000.0,1220345.5
209000.0,203199.33
79900.0,96370.04
538000.0,743577.4
218900.0,177163.23
175000.0,162299.39
87000.0,102459.26
157000.0,122906.86
275000.0,192065.64
116000.0,86751.29
215000.0,197592.45
98000.0,88546.04
56000.0,78328.13
209000.0,127168.07
149000.0,148486.8
595000.0,573590.7
65000.0,70110.77
210000.0,130531.266
370000.0,296748.03
180000.0,222091.72
117500.0,112638.266
60000.0,76651.2
78000.0,80506.05
55000.0,68995.234
128000.0,127080.58
87000.0,144134.64
135000.0,132958.3
87300.0,96559.87
123674.0,109000.04
135000.0,146983.67
123000.0,114517.06
170000.0,129063.33
115000.0,147405.53
200000.0,180653.64
169000.0,165877.7
55000.0,46327.977
115000.0,100280.125
125000.0,75089.16
115000.0,151403.23
220000.0,177330.94
98000.0,111124.055
350000.0,423697.7
390000.0,347819.25
55000.0,74218.09
490000.0,389961.6
190000.0,187117.28
55000.0,71312.305
100000.0,104712.01
220000.0,470240.4
215000.0,157101.27
215000.0,188544.58
84000.0,83270.42
180000.0,162198.88
69000.0,98370.84
117000.0,138151.86
90000.0,127210.81
125000.0,143162.55
55000.0,65489.25
285000.0,241119.58
84000.0,68012.625
69000.0,104891.81
120000.0,113164.67
170000.0,199696.66
325000.0,211724.3
150000.0,130458.68
69900.0,67314.65
320000.0,406506.22
129000.0,153315.44
135000.0,126048.32
150000.0,159214.11
88000.0,127029.17
1290000.0,1210569.1
990000.0,320493.84
75000.0,119450.6
126000.0,173676.06
110000.0,131842.98
122000.0,151403.23
82321.0,96279.91
1000000.0,551323.06
65000.0,72182.49
120000.0,113806.95
350000.0,272301.62
450000.0,557921.25
145035.0,164518.08
121900.0,106785.64
53000.0,60803.465
1100000.0,965043.75
36149.0,93922.7
169000.0,163797.62
98000.0,125594.734
590000.0,692724.94
293000.0,367701.66
65000.0,54233.4
98900.0,130498.4
124950.0,122201.766
169778.0,155666.25
295000.0,379121.5
105000.0,156754.19
185000.0,137166.38
250000.0,246493.05
1330000.0,1250664.8
169000.0,172741.62
90000.0,110173.59
175000.0,141651.97
220000.0,213745.42
220000.0,152298.78
158000.0,275046.9
112050.0,131222.97
350000.0,362051.94
1350000.0,1306422.4
81000.0,94261.49
108000.0,111541.65
105000.0,103775.71
188000.0,200006.38
84000.0,100696.26
123000.0,104463.234
185000.0,131753.4
640000.0,571596.44
85000.0,72405.1
175000.0,234800.75
400000.0,391997.8
199900.0,122098.48
288000.0,255712.9
105000.0,93812.24
238000.0,297857.16
310000.0,297767.78
149900.0,148012.05
99900.0,92200.12
149000.0,182488.33
229000.0,289255.97
160000.0,160023.11
148000.0,170063.86
60000.0,157460.4
85000.0,105524.55
142000.0,169172.17
76670.0,90640.586
295000.0,267955.5
139000.0,131040.21
620000.0,548809.7
190000.0,250235.95
119000.0,128969.75
69500.0,107881.875
140000.0,169881.11
170000.0,204463.83
62000.0,90451.5
182000.0,204690.44
235000.0,230557.67
320000.0,361783.0
64000.0,68046.69
135000.0,229425.16
479900.0,275295.22
305000.0,323834.03
195000.0,167185.64
115000.0,113855.734
269000.0,285054.1
65000.0,202487.61
185000.0,192197.67
82504.0,79046.36
83000.0,89157.38
85000.0,85002.445
115000.0,114341.88
125000.0,132817.16
117900.0,129615.45
650000.0,479019.56
64900.0,95856.73
189000.0,216168.27
255000.0,255185.23
159000.0,189057.56
123900.0,126813.96
449000.0,722767.7
189000.0,246562.88
145000.0,114716.06
169000.0,182024.39
75000.0,58175.637
240000.0,200585.47
199000.0,138705.67
55000.0,56985.348
95000.0,89849.76
86000.0,62994.867
249000.0,223107.12
149000.0,157408.12
149900.0,152250.8
175000.0,283885.72
135000.0,108037.98
96000.0,78167.07
168000.0,139313.58
150000.0,128208.59
162000.0,164668.5
149000.0,140647.9
115000.0,220688.1
66000.0,107376.29
385000.0,581608.3
149500.0,171393.77
63000.0,67179.74
289000.0,277340.9
720000.0,667600.44
335000.0,319844.3
99000.0,117307.75
195000.0,181166.78
79900.0,91448.58
135000.0,142224.78
145000.0,132826.9
115900.0,99110.09
174900.0,211847.16
190000.0,113282.55
158000.0,187687.45
367000.0,463568.66
118000.0,111729.55
185000.0,211386.16
82000.0,98710.37
52000.0,70525.516
95000.0,80184.016
350000.0,354056.03
90000.0,63259.332
129000.0,110745.63
800000.0,977349.3
217900.0,194742.7
209000.0,145196.06
480000.0,527994.25
220000.0,149753.9
250000.0,202225.44
124000.0,120638.71
123000.0,122551.55
230000.0,249752.56
133000.0,172850.36
175000.0,186583.2
182000.0,188633.67
130000.0,150577.77
65000.0,72565.5
134000.0,167244.34
144000.0,169840.89
105000.0,89271.67
235000.0,240523.92
125000.0,142863.42
72000.0,63001.027
250000.0,319110.06
240000.0,272968.97
60000.0,134144.77
850000.0,879749.25
115830.0,93766.336
360000.0,331830.5
104900.0,108360.34
77000.0,75967.55
390000.0,289847.78
129000.0,125913.15
430000.0,300079.28
275000.0,180262.0
240000.0,369392.16
95000.0,217670.0
395000.0,532284.0
179900.0,247424.19
360000.0,420827.47
130000.0,131519.05
111000.0,115351.555
275000.0,160095.44
139000.0,136854.44
57900.0,58007.137
360000.0,367031.62
129900.0,116057.266
115000.0,105905.21
53000.0,61787.805
139000.0,186890.73
105900.0,114075.945
105000.0,92760.18
208000.0,212209.17
110000.0,79135.71
71100.0,58541.4
279000.0,254392.27
330000.0,338222.78
575000.0,516660.97
115000.0,106040.34
95000.0,105279.086
55000.0,99567.19
126248.0,117950.24
600000.0,594047.7
315000.0,349381.4
65000.0,69946.55
85000.0,122090.52
44900.0,63866.3
76000.0,117638.14
145000.0,133857.97
355000.0,494887.9
275000.0,307667.4
170000.0,242816.69
100000.0,95923.53
115000.0,110629.45
145000.0,100205.164
125000.0,124013.29
188000.0,191957.36
268000.0,209333.9
55000.0,74708.555
110000.0,77295.055
198000.0,172158.62
111000.0,113881.86
140000.0,95225.484
265000.0,362430.3
164800.0,143097.02
400000.0,389047.03
52158.0,73576.31
215000.0,304197.3
130000.0,175963.75
105000.0,208278.94
99000.0,162150.14
350000.0,352923.72
78000.0,94631.51
99000.0,126218.125
260000.0,297439.2
280000.0,244368.1
490000.0,280067.3
263000.0,208002.27
260000.0,171835.7
78500.0,55717.2
160000.0,186554.72
430000.0,340712.03
1250000.0,1067964.9
99000.0,90286.93
99000.0,89096.016
160000.0,204797.98
130363.0,166963.05
650000.0,929597.0
105000.0,110299.81
110000.0,139255.84
149900.0,187541.5
120000.0,162063.16
279000.0,354838.84
320000.0,396080.66
70000.0,138148.56
155000.0,133945.98
165000.0,132130.19
113240.0,156386.73
415000.0,170308.53
87000.0,111163.98
110000.0,113918.11
180000.0,124955.08
89000.0,76259.42
185000.0,198637.47
189000.0,204822.0
119500.0,125727.336
104000.0,140782.28
225000.0,268288.0
149000.0,161615.05
140000.0,121687.48
165000.0,114279.66
75000.0,67210.375
498000.0,296646.12
220000.0,149753.9
164000.0,153601.52
196000.0,112619.93
385000.0,357970.47
59000.0,150330.78
99000.0,161238.62
90000.0,88437.15
264000.0,392795.22
279000.0,270225.5
189000.0,164228.58
138000.0,139098.8
77000.0,108975.65
127500.0,110242.12
335000.0,319899.56
250000.0,316954.0
73000.0,86135.555
145000.0,111275.43
99000.0,116039.984
180000.0,215499.83
98900.0,115604.984
84000.0,95667.586
185000.0,258438.11
134900.0,148329.16
92000.0,130720.88
122500.0,159982.23
99500.0,72333.27
100000.0,179295.62
165000.0,119871.31
280000.0,307780.66
128000.0,132869.3
240000.0,240542.23
115000.0,134470.03
160000.0,186786.36
150000.0,161326.1
139000.0,114634.805
285000.0,384402.5
140000.0,70742.77
650000.0,580967.1
219000.0,184772.22
119000.0,119805.266
58000.0,104086.13
495000.0,644203.1
91000.0,76101.414
70000.0,121392.305
110000.0,119558.914
105000.0,97417.51
168000.0,216870.06
149000.0,113589.18
89900.0,82558.91
44000.0,43376.793
50900.0,83332.445
120000.0,103936.055
265000.0,292527.16
165000.0,156367.16
69900.0,133312.12
220000.0,243995.5
815000.0,658964.9
79000.0,83455.375
140000.0,143748.19
85000.0,69871.19
146000.0,185346.27
217300.0,206121.72
1050000.0,850018.06
139000.0,149098.28
75000.0,79239.58
160000.0,180892.31
179500.0,144248.4
220000.0,366401.5
235000.0,190180.73
87000.0,88496.23
125000.0,138132.14
295000.0,202728.5
240000.0,328320.2
85000.0,123953.766
129000.0,146527.25
335000.0,293610.84
100000.0,120133.1
125000.0,93098.47
120000.0,139334.95
210000.0,316008.72
355000.0,216920.73
127000.0,97829.375
135000.0,187884.56
95000.0,144223.55
69000.0,80823.0
1300000.0,849392.0
141000.0,133310.8
170000.0,179941.8
62000.0,73370.38
190000.0,214102.69
265000.0,257722.84
155000.0,138317.69
65000.0,90440.26
125000.0,80954.586
123000.0,87868.63
138000.0,135085.39
32000.0,78526.91
115000.0,128219.28
124000.0,112072.97
820000.0,939437.3
84500.0,97533.39
475000.0,415631.4
219000.0,854404.9
118000.0,93499.54
255000.0,147157.11
255000.0,157635.11
110000.0,81510.32
330000.0,374901.03
158000.0,162570.27
122000.0,141751.95
90000.0,159901.34
195000.0,121050.19
148000.0,134343.69
620000.0,304383.75
164000.0,221135.14
350000.0,424897.56
117000.0,102617.805
267000.0,250214.84
150000.0,157232.02
640000.0,644342.5
117500.0,150615.06
118000.0,96970.59
60000.0,81647.15
179999.0,279396.3
97000.0,113067.38
389000.0,523358.2
84500.0,79012.22
180000.0,478932.44
59000.0,73897.836
120000.0,224562.89
95000.0,101394.17
89000.0,101789.43
135000.0,142155.5
258000.0,332768.28
395000.0,330735.1
80455.0,85974.85
550000.0,576167.3
135000.0,381973.94
209000.0,368070.72
205000.0,204062.11
735000.0,772442.3
69500.0,75765.43
130000.0,116563.164
215000.0,176795.25
369999.0,321712.12
260000.0,904858.0
640000.0,571596.44
159000.0,136453.9
148000.0,112697.07
269000.0,277601.94
60000.0,67720.26
87000.0,119217.5
54297.0,55949.996
109000.0,99227.73
56000.0,62308.895
180000.0,187430.73
590000.0,633321.5
96000.0,85758.24
210000.0,231385.88
68500.0,73475.02
205000.0,181599.11
498000.0,387646.22
159000.0,216154.17
105000.0,108859.33
112000.0,146758.83
90000.0,145189.88
74475.0,72164.96
135000.0,153839.64
414900.0,367812.1
125000.0,116534.016
224500.0,175150.67
212000.0,269860.2
1100000.0,776979.94
131725.0,140336.6
365000.0,523996.5
420000.0,233492.23
135000.0,130876.945
360000.0,285355.28
95000.0,87220.91
134900.0,144489.2
219900.0,263750.25
260000.0,349807.66
450000.0,399684.56
69900.0,97240.73
150000.0,136588.28
241000.0,225724.86
109000.0,94460.36
99000.0,150818.97
130000.0,138187.14
125000.0,139375.14
104500.0,137099.36
95000.0,129437.62
135000.0,123730.95
61900.0,86831.51
250000.0,494319.06
149000.0,215632.97
1300000.0,923627.7
119000.0,113980.27
129000.0,105253.21
129000.0,160274.75
900000.0,658830.56
300000.0,366901.75
145000.0,144609.14
179000.0,177660.05
193000.0,134525.69
335000.0,190417.22
69000.0,88657.96
175000.0,153591.31
125000.0,156961.08
108000.0,129225.59
59000.0,56306.01
330000.0,368623.78
62000.0,66681.99
59000.0,65314.156
168000.0,149730.3
64000.0,65233.51
450000.0,435449.8
72000.0,74864.97
80000.0,120979.26
175000.0,130309.09
253000.0,331876.7
109000.0,155881.28
136000.0,179585.02
125000.0,141269.16
99500.0,120618.93
650000.0,378000.7
470000.0,468113.28
75000.0,110419.3
88000.0,125254.83
98000.0,151870.0
220000.0,178712.03
380000.0,381335.53
58000.0,37502.12
177000.0,177414.14
230000.0,214829.58
58000.0,61600.92
104999.0,109573.766
129000.0,121515.68
370000.0,429868.7
160000.0,196378.03
170000.0,205254.06
112000.0,137247.97
1100000.0,807349.0
1180000.0,982417.0
201590.0,157295.45
104000.0,108126.86
480000.0,442001.62
129000.0,125177.85
99000.0,185677.83
105000.0,125122.945
149000.0,111232.08
45000.0,149959.39
60000.0,76527.81
139000.0,106120.33
230000.0,242879.19
138000.0,161696.55
255000.0,236229.19
82000.0,107943.61
98000.0,304302.44
98000.0,118482.13
270000.0,236354.73
348000.0,294539.47
41000.0,48739.555
130000.0,97129.055
235000.0,300972.53
99000.0,142269.28
252000.0,234255.62
960000.0,995903.6
88000.0,90753.56
290000.0,244521.03
280000.0,268473.84
137000.0,168346.1
219000.0,174419.44
49500.0,57288.234
88000.0,116734.52
260000.0,225177.6
52000.0,47118.562
105553.0,111580.48
275000.0,242627.7
105000.0,120210.02
189000.0,199679.67
339000.0,414345.72
92000.0,81764.62
400000.0,505717.2
210000.0,160143.92
83000.0,130101.97
69000.0,95195.36
125000.0,124329.11
90000.0,105705.26
75000.0,94885.46
130000.0,130005.32
265000.0,152963.56
197800.0,189343.73
183000.0,156167.28
195000.0,218144.66
75000.0,80628.95
147000.0,163366.05
132000.0,151671.06
79607.0,91921.87
212000.0,211037.11
159000.0,168722.44
515000.0,507070.06
83000.0,79631.3
93000.0,80512.46
349000.0,355636.38
95000.0,94225.7
115000.0,94078.99
117165.0,118189.3
99000.0,119880.51
150000.0,118759.84
750000.0,600694.5
275000.0,239735.97
209000.0,167656.36
65000.0,70542.09
319000.0,308984.28
90000.0,103049.73
120000.0,47522.695
168000.0,172509.73
95000.0,101856.625
320000.0,483932.16
140000.0,154508.84
140000.0,152346.72
147000.0,146146.17
144900.0,103038.97
85000.0,75736.55
70000.0,69941.625
64000.0,72874.62
370000.0,312857.9
1300000.0,1274860.0
125000.0,161053.22
270000.0,227548.48
495000.0,712825.94
72000.0,84553.01
278000.0,288212.38
285000.0,256320.53
99000.0,108166.55
380000.0,254528.45
119000.0,129262.984
79000.0,61285.953
1150000.0,842884.75
55000.0,38577.082
215000.0,165475.45
135000.0,126062.15
335000.0,406074.78
164000.0,158521.77
120000.0,124241.46
107000.0,117209.08
110000.0,184876.97
125000.0,124185.86
285602.0,317535.6
280000.0,219808.03
120000.0,145254.94
89000.0,110577.51
118000.0,140993.02
125000.0,120631.164
89000.0,113387.555
219900.0,254190.48
449000.0,453253.62
163800.0,130574.57
52000.0,103600.945
65000.0,78896.89
169000.0,226260.05
85000.0,100506.67
105000.0,93704.766
129900.0,141355.83
185000.0,159444.88
148000.0,132373.77
49800.0,85434.9
260000.0,200607.6
150000.0,120138.81
86400.0,86281.92
98000.0,115895.07
220000.0,237907.11
184000.0,178019.83
140000.0,98611.59
170000.0,185686.52
120000.0,170349.05
89000.0,67142.45
115000.0,160619.23
645000.0,887072.3
63000.0,107933.11
180000.0,150479.19
265000.0,242084.16
1200000.0,1053391.9
120000.0,117203.2
195000.0,153489.39
130000.0,122225.93
165000.0,155118.62
135000.0,164976.48
205000.0,318471.12
83000.0,66084.36
199000.0,217872.19
139000.0,139484.42
235000.0,216859.9
177000.0,164244.75
120000.0,96604.99
79900.0,67720.24
98000.0,89704.945
890000.0,1007097.06
210000.0,139837.38
745000.0,826260.0
59000.0,68748.09
123000.0,139681.55
154000.0,122338.414
330000.0,309440.7
265000.0,151713.22
99000.0,85235.0
140000.0,138769.94
180000.0,263730.8
120000.0,181410.94
375000.0,394216.22
35750.0,68829.266
1280000.0,621365.7
360000.0,338803.7
133000.0,156081.56
189000.0,147139.33
289050.0,274713.47
750000.0,384212.72
120000.0,126585.15
66500.0,72740.27
78000.0,97100.23
168180.0,147139.12
287000.0,212144.3
97000.0,106424.75
89000.0,86302.31
240000.0,198014.3
315000.0,283869.44
159000.0,131974.33
188000.0,155259.36
202000.0,201521.81
310000.0,316486.84
85000.0,79035.61
119000.0,140103.7
71000.0,74698.75
100000.0,30215.738
349000.0,277286.5
68000.0,88186.77
85000.0,96701.29
79000.0,82992.016
45000.0,45386.7
140000.0,85873.69
248900.0,315477.66
138000.0,116353.67
230000.0,189757.84
115000.0,107737.914
312000.0,371713.47
242000.0,280091.75
97000.0,152406.52
140000.0,87415.21
92000.0,172188.02
550000.0,594047.7
99000.0,85235.0
150000.0,156154.39
116876.0,143073.48
260000.0,338644.03
142000.0,201178.06
120000.0,234805.47
82000.0,89953.85
86426.0,90011.445
58000.0,86942.48
195000.0,248613.9
87000.0,98058.234
99000.0,135037.92
189000.0,203760.2
95000.0,176915.73
145000.0,118759.84
100000.0,122696.38
239000.0,234217.31
155000.0,158098.03
178000.0,178915.9
130000.0,136827.02
88000.0,98751.83
120000.0,151667.23
218000.0,247357.83
165000.0,159042.86
134000.0,117269.36
375000.0,349440.38
134000.0,92708.68
110000.0,83841.86
450000.0,472439.84
598000.0,579393.94
260000.0,190920.12
105000.0,110605.98
208000.0,205323.5
75500.0,72890.516
440000.0,563650.3
145617.0,109016.125
112000.0,114266.78
390000.0,357739.7
220000.0,227629.48
145800.0,119816.875
136000.0,88271.3
175925.0,166963.05
169000.0,197715.72
195000.0,158908.95
180000.0,124968.89
85000.0,98424.945
215000.0,244146.11
85000.0,95987.39
185000.0,167567.94
57800.0,56671.04
210000.0,221249.95
220000.0,229421.19
265000.0,369442.7
113000.0,88618.29
168500.0,534558.7
265000.0,248892.84
157000.0,166306.23
350000.0,417530.6
82600.0,131503.66
94000.0,105876.09
100000.0,108461.42
425000.0,316378.9
82000.0,98417.77
650000.0,423815.34
143640.0,119261.65
185000.0,191027.89
144800.0,149277.0
77500.0,113073.734
65000.0,91587.58
125000.0,153200.34
155000.0,158224.8
124705.0,127692.055
350000.0,369946.0
175000.0,252745.36
220000.0,355079.12
69000.0,94491.0
150000.0,123123.48
48000.0,66108.445
110000.0,164510.31
125000.0,141937.22
125000.0,143161.52
525000.0,582335.4
128000.0,92127.92
186000.0,158125.27
119900.0,157500.55
229000.0,223179.83
128552.0,158162.66
350000.0,401431.88
150000.0,145643.92
250000.0,166173.84
135000.0,120733.04
135913.0,141372.08
25000.0,107049.33
299000.0,189301.98
185000.0,162829.72
620000.0,485164.2
122000.0,82594.336
305000.0,284663.8
180000.0,143850.83
170000.0,248156.23
399000.0,388409.44
175000.0,143573.27
87000.0,91276.38
88000.0,98236.96
105900.0,114075.945
420000.0,469548.66
138000.0,145289.2
165000.0,171823.36
152000.0,160192.58
163000.0,189534.1
950000.0,1045331.9
150000.0,123391.38
410000.0,507475.06
56000.0,55917.645
66990.0,82089.49
95000.0,115406.234
149000.0,148673.64
127000.0,140420.88
145000.0,141018.86
69000.0,78531.414
90000.0,88587.16
218000.0,252934.36
105000.0,127223.16
345000.0,287542.78
240000.0,208507.56
420000.0,291888.03
238000.0,315760.0
120000.0,210631.12
185000.0,223576.11
75000.0,85779.57
130000.0,148351.58
980000.0,1057287.1
182000.0,147765.11
239000.0,186571.14
195000.0,197703.89
172000.0,167687.4
148000.0,127002.24
112000.0,78020.96
179000.0,186710.47
89000.0,115902.805
130000.0,160417.06
420000.0,302497.78
125000.0,132303.88
158000.0,173329.39
149000.0,152569.42
84000.0,93998.01
500000.0,594691.56
50000.0,40853.387
59500.0,55957.344
150000.0,136184.5
179000.0,115745.586
86000.0,69900.45
279000.0,293720.28
208000.0,189097.89
106000.0,109385.734
119000.0,98217.75
85000.0,72946.03
65000.0,62735.508
84000.0,66783.06
85000.0,237779.4
159500.0,182366.47
94000.0,137892.56
189000.0,126359.55
380000.0,364240.88
170000.0,139722.88
64491.0,58861.19
120000.0,118583.2
420000.0,407465.9
89000.0,104566.36
105000.0,127570.62
110000.0,141937.12
130000.0,134091.53
121000.0,103221.93
69700.0,64226.297
96800.0,129591.62
194000.0,247909.83
215000.0,226731.3
480000.0,589104.3
265000.0,317011.78
135000.0,138338.75
125000.0,195556.58
179500.0,146729.3
120000.0,158097.55
149000.0,143377.19
175000.0,185135.27
140000.0,150795.8
470000.0,409539.53
82863.0,99056.055
245000.0,257142.66
95000.0,85066.93
460000.0,466861.06
550000.0,499966.34
70000.0,64817.504
139000.0,196134.19
162000.0,172482.42
240000.0,204800.47
59000.0,56527.05
300000.0,307939.7
103000.0,101994.414
65000.0,81725.766
210000.0,322075.6
115000.0,131404.23
115000.0,117300.65
71000.0,83868.27
63000.0,63891.375
145000.0,160990.1
108000.0,104074.27
114500.0,133281.67
249000.0,331086.2
89000.0,103266.11
118000.0,150154.83
279900.0,234673.98
175000.0,205563.39
145000.0,116816.07
114426.0,103900.445
110000.0,214885.19
350000.0,353191.53
130000.0,122943.6
120000.0,137933.88
350000.0,303628.38
40548.0,71779.82
320000.0,315481.47
1250000.0,1171622.8
68000.0,91957.92
89000.0,153048.14
245000.0,299809.84
70000.0,79521.39
79000.0,71263.47
135000.0,123353.35
160000.0,145464.06
553000.0,314439.03
49900.0,72787.73
149000.0,149262.5
180000.0,156468.39
82000.0,51210.688
299000.0,417814.5
199000.0,240827.39
295000.0,286433.16
84000.0,83053.625
239000.0,246493.05
100000.0,110123.76
90000.0,167694.17
149000.0,132167.45
64900.0,107881.875
325000.0,328537.5
68000.0,64633.383
438000.0,680761.75
249000.0,424185.56
78500.0,114806.59
240000.0,168996.19
145000.0,137548.19
75000.0,94775.99
415000.0,392353.84
275000.0,187793.33
125000.0,130404.06
110000.0,119719.266
145000.0,210852.58
590000.0,798712.5
68000.0,69418.5
153400.0,136880.3
49300.0,42229.934
89000.0,105533.57
210000.0,236058.38
600000.0,469886.34
95000.0,96927.555
192687.0,471856.47
72000.0,73034.73
132000.0,86148.39
270000.0,182121.52
92000.0,94423.695
154400.0,133267.27
340000.0,153947.83
63166.0,62103.61
135000.0,143969.84
148000.0,171738.31
67285.0,78534.98
89000.0,74154.32
70000.0,66728.86
260000.0,292582.62
395000.0,680761.75
58000.0,52018.207
359000.0,282408.62
109000.0,134618.4
279000.0,354009.88
190000.0,190119.23
189000.0,168493.34
105000.0,95288.06
380000.0,383575.7
160000.0,144179.69
120000.0,129695.69
94000.0,119854.65
800000.0,832942.06
135000.0,127334.91
103500.0,96395.55
345000.0,304389.9
530000.0,389897.28
176000.0,231625.08
56000.0,70920.31
595000.0,495241.0
90000.0,96445.08
114450.0,144292.73
128000.0,117742.16
120000.0,141356.25
255000.0,208762.98
150000.0,132819.66
649900.0,610699.7
129000.0,162786.17
199000.0,246322.03
105000.0,79253.99
84000.0,149444.9
147000.0,115495.89
60000.0,102736.09
80000.0,80188.055
297500.0,252934.08
79000.0,116260.61
137000.0,147719.05
74999.0,91205.58
110000.0,128923.71
85000.0,93207.914
102000.0,138823.64
75000.0,71956.76
130000.0,108903.46
230000.0,224904.03
69900.0,58533.246
75000.0,72779.555
130000.0,169068.42
228000.0,200826.52
89000.0,86654.86
65000.0,78548.84
104999.0,98972.19
259000.0,242148.78
115000.0,138641.73
293000.0,367701.66
166150.0,182304.34
92000.0,132742.9
128000.0,148259.16
365000.0,385536.12
149000.0,175003.95
144000.0,109971.836
270000.0,240300.16
620000.0,519293.72
95000.0,84260.75
395300.0,362022.8
88000.0,158384.72
495000.0,344845.38
250000.0,244218.44
95000.0,100856.14
67000.0,75870.445
125900.0,145890.0
123500.0,108277.445
190000.0,251548.31
184000.0,184014.14
99900.0,97147.43
54000.0,56292.156
55000.0,63668.414
65000.0,37151.08
280000.0,170257.95
255000.0,220794.42
160000.0,162752.45
115000.0,91022.734
120000.0,135402.03
192362.0,154284.84
75000.0,70664.484
138000.0,126652.055
120000.0,123326.2
125000.0,84445.69
98900.0,76379.445
110000.0,135303.44
210000.0,178647.34
209905.0,203704.81
170000.0,125393.37
499000.0,467734.4
300000.0,290941.4
119900.0,157839.8
110000.0,201856.05
495000.0,315318.6
269900.0,215150.45
485000.0,307007.44
112000.0,117150.45
143000.0,95609.016
135000.0,170947.61
82000.0,88717.016
215000.0,208112.25
69000.0,58000.44
89900.0,112133.99
289000.0,145738.45
350000.0,316225.88
87000.0,116144.2
255000.0,289717.56
170000.0,190696.48
151500.0,110114.17
71362.0,72164.96
79000.0,99530.54
94900.0,144802.73
156000.0,152405.03
105000.0,132063.81
198000.0,224480.61
132000.0,107780.8
98000.0,129478.61
89000.0,79748.19
189000.0,176264.12
125000.0,99974.164
180000.0,143535.92
63000.0,57286.926
59900.0,80168.5
59000.0,69785.58
149000.0,136764.25
480000.0,418543.7
120000.0,107042.9
159900.0,234556.44
99000.0,181046.61
800000.0,679272.25
119309.0,143505.98
168800.0,114247.6
79000.0,94704.0
115710.0,78434.92
66200.0,104891.81
109999.0,118095.67
115000.0,82962.99
110000.0,96786.97
176000.0,124172.68
185000.0,329461.0
295000.0,269006.5
265000.0,200588.0
139000.0,130115.875
75000.0,115143.52
114800.0,167762.03
150000.0,143651.81
840000.0,1021093.2
45000.0,34788.207
69900.0,80391.7
80000.0,81579.07
82000.0,55757.92
99000.0,112939.79
143000.0,144190.55
69000.0,66225.99
159000.0,164058.5
310000.0,264739.38
118000.0,103961.81
380000.0,227075.3
160000.0,190913.33
55000.0,61787.305
184000.0,134858.27
260000.0,230199.19
530000.0,482716.88
78000.0,89067.766
112000.0,105647.05
95000.0,89653.516
94320.0,105429.73
135000.0,123784.32
195000.0,200906.14
115000.0,200585.47
175000.0,172185.53
160000.0,112031.95
220000.0,282251.16
189900.0,151623.75
320000.0,417536.66
57000.0,60029.62
120000.0,99608.95
88000.0,87676.29
140000.0,143415.9
170000.0,163884.69
870000.0,548728.56
118000.0,124373.336
598000.0,334799.3
148000.0,100799.85
80000.0,80062.125
129000.0,159440.77
90000.0,90009.12
117000.0,110173.59
79990.0,78321.836
148000.0,200358.58
106800.0,126676.25
198000.0,170905.28
495000.0,557930.5
110000.0,137293.69
167000.0,187792.86
218000.0,193458.44
319000.0,471656.4
247000.0,182979.8
122000.0,124801.86
250000.0,220693.22
115000.0,91832.69
210000.0,191466.52
349900.0,338644.03
124000.0,138478.17
67000.0,62658.965
105000.0,93280.64
158000.0,181730.14
219900.0,207264.7
280000.0,258464.36
350000.0,349588.0
295000.0,293897.56
280000.0,377116.97
113000.0,121282.586
185000.0,342520.25
253000.0,224497.1
690000.0,614093.2
149500.0,181968.48
55000.0,62516.168
94000.0,141077.39
80000.0,100835.836
97499.0,93205.85
56000.0,62920.406
98000.0,129511.15
119900.0,152758.19
160000.0,157321.56
159000.0,128657.07
1400000.0,1163948.0
130000.0,112570.72
155000.0,144586.39
148000.0,134551.16
165000.0,134980.1
196464.0,202343.7
1240000.0,968784.44
107000.0,127460.98
95000.0,107399.12
155000.0,136686.67
75000.0,149718.06
243000.0,287982.1
88000.0,156976.78
150000.0,162973.12
115000.0,100244.586
129000.0,142395.88
120000.0,203449.69
130000.0,112813.234
240000.0,146730.22
110000.0,83074.81
990000.0,1160098.8
125000.0,117073.39
115000.0,170702.33
210000.0,168101.3
530000.0,491492.38
82500.0,85536.08
179900.0,263592.03
90000.0,87054.945
60900.0,65667.79
105000.0,94788.266
65000.0,75938.69
171272.0,164518.08
760000.0,644946.4
78500.0,93067.7
339800.0,245283.5
73500.0,67058.3
160000.0,124582.76
208000.0,165116.98
140000.0,155485.5
183000.0,239622.66
85000.0,114914.57
100000.0,103545.87
115000.0,92664.71
176000.0,197588.33
185000.0,140418.38
118000.0,134456.95
90000.0,176964.47
149000.0,169066.42
60000.0,49222.742
368000.0,503004.66
170000.0,181533.1
115000.0,171621.56
175000.0,256061.25
92000.0,84698.26
89900.0,106050.72
78000.0,98740.945
176500.0,182792.66
134000.0,106339.97
58000.0,60508.13
172000.0,148114.89
1200000.0,1339024.1
81500.0,95600.414
97500.0,87906.58
83600.0,73219.87
275000.0,211422.7
230000.0,292665.88
130000.0,148717.92
105000.0,113855.734
115400.0,120034.484
115000.0,115621.66
290000.0,267773.28
50375.0,114499.57
165000.0,177414.14
399000.0,471913.56
69000.0,83300.92
276900.0,256008.03
125000.0,94490.516
259000.0,195753.02
170000.0,193917.25
220000.0,299159.38
495000.0,485031.53
470000.0,390909.62
122000.0,88318.4
160000.0,194877.7
90000.0,71170.46
144900.0,129217.06
299900.0,352634.62
440000.0,513919.34
50000.0,61948.074
112000.0,142802.38
78000.0,59268.793
169000.0,181942.5
139000.0,209850.55
167000.0,111529.875
45500.0,72609.9
144000.0,138050.2
340000.0,425708.2
183000.0,246913.58
745000.0,702251.5
165000.0,148070.7
240000.0,240047.06
99000.0,141053.72
115000.0,95230.63
295000.0,273461.97
760000.0,538253.5
235000.0,151902.31
200000.0,264475.62
1090000.0,875295.75
90000.0,102539.39
55700.0,48142.855
164000.0,223724.89
240000.0,281525.44
210000.0,181582.06
1250000.0,1171622.8
230000.0,203209.44
70000.0,74080.69
184000.0,189170.5
240000.0,227891.69
59900.0,107406.79
179000.0,182912.31
205000.0,129315.27
139000.0,176318.16
215000.0,235006.75
128000.0,138436.98
39000.0,61815.74
138000.0,139731.58
149000.0,134763.23
349000.0,271158.03
157000.0,183123.67
74000.0,53650.04
420000.0,426964.78
120000.0,141831.7
196000.0,156881.86
68000.0,84012.28
349000.0,234676.44
32500.0,49763.04
340000.0,310701.16
78000.0,104265.625
299800.0,682367.9
115000.0,83278.96
60000.0,72246.05
195000.0,247246.4
346000.0,464676.1
132000.0,154635.56
255000.0,273810.72
210000.0,412486.53
155000.0,141944.88
91000.0,108511.836
980000.0,974395.06
55000.0,75070.27
130000.0,144381.8
290000.0,322188.94
155000.0,133357.45
449000.0,426837.25
180000.0,205713.2
130000.0,173762.53
159400.0,161281.61
134000.0,119395.53
160000.0,164283.27
55000.0,72326.15
80000.0,90179.34
280000.0,312151.72
197000.0,202741.36
169000.0,126582.375
147000.0,139641.77
760000.0,705921.25
84000.0,101366.016
240000.0,238433.4
89400.0,100021.82
92000.0,85810.25
160000.0,137208.3
200000.0,249990.08
77000.0,81747.75
165000.0,152317.8
140000.0,226798.81
299000.0,279609.56
155000.0,339164.78
320000.0,224016.12
400000.0,319674.3
75000.0,82281.414
269000.0,249302.66
170000.0,213709.22
89000.0,89532.91
100000.0,168718.34
115000.0,122001.98
220000.0,172484.38
98000.0,101502.766
195000.0,176609.38
107000.0,123148.516
130000.0,154436.28
460000.0,417789.94
160000.0,202083.73
135000.0,124444.27
89000.0,97219.87
330000.0,283518.88
298000.0,365065.16
135000.0,172743.42
240000.0,227567.72
350000.0,402105.1
1300000.0,1274860.0
330000.0,404914.22
150000.0,145176.83
120900.0,120129.17
550000.0,684325.0
350000.0,835393.56
245000.0,204658.23
195000.0,246053.12
109650.0,114514.17
74000.0,87328.305
98000.0,109271.43
520000.0,470351.03
239000.0,192670.25
145000.0,110964.19
137000.0,106380.76
147000.0,180821.16
79000.0,69319.64
89000.0,131215.89
525000.0,383723.25
45000.0,72089.07
235000.0,264052.34
119000.0,102034.414
420000.0,297602.78
39900.0,53694.688
65000.0,97724.03
350000.0,321241.7
165000.0,158801.33
45900.0,53684.387
139900.0,209557.19
126450.0,120414.805
218000.0,167721.56
108000.0,118360.21
215000.0,298141.72
98000.0,122230.91
167297.0,159703.7
199000.0,173262.73
98041.0,93758.61
140000.0,154636.03
280000.0,224002.14
98000.0,110280.68
80000.0,93472.195
125000.0,112210.01
65000.0,62747.12
120000.0,135402.03
120000.0,116035.41
94500.0,87589.62
195000.0,187385.33
110000.0,112551.72
450000.0,360848.2
489000.0,459169.0
749000.0,781885.06
95000.0,90218.51
133000.0,112892.31
115000.0,152387.84
115000.0,123122.555
80000.0,102672.13
116900.0,94197.64
590000.0,429322.9
69000.0,73475.73
730000.0,440600.12
595000.0,507538.72
115000.0,136793.73
135000.0,114767.94
140000.0,141183.0
148000.0,127680.24
124500.0,105647.05
235000.0,230614.12
84000.0,141988.36
178000.0,176580.23
128000.0,195563.03
138000.0,138399.88
695000.0,754758.75
159000.0,142128.97
125000.0,122850.82
147000.0,97114.18
525000.0,383668.97
85000.0,144134.64
150000.0,141869.16
95000.0,158549.17
234000.0,167897.61
260000.0,227652.62
55000.0,75648.516
197000.0,219698.23
79000.0,93692.586
55000.0,46162.547
169800.0,199121.38
59900.0,74448.11
187000.0,227092.11
355000.0,288756.22
236000.0,169058.23
195000.0,149397.94
223000.0,209314.58
157000.0,121240.14
180000.0,225305.92
80000.0,102967.78
157093.0,151846.03
240000.0,258607.12
75000.0,135183.42
390000.0,568924.25
78000.0,96261.266
125000.0,123148.516
144000.0,129310.34
130000.0,143963.55
650000.0,469868.0
155000.0,124353.95
184500.0,115044.445
105000.0,186429.94
55000.0,68495.36
59000.0,62901.582
65000.0,92218.75
115000.0,145782.84
55000.0,69696.61
220000.0,182050.47
790000.0,535501.0
215000.0,162994.92
250000.0,177574.08
422400.0,403084.12
131509.0,92136.45
105000.0,112695.31
160000.0,210704.86
119000.0,161339.83
278000.0,254290.47
350000.0,281625.56
1200000.0,784362.0
158000.0,109248.54
109000.0,84790.71
99000.0,127362.34
244000.0,231917.94
215000.0,166454.27
124600.0,106407.53
115000.0,143129.7
189000.0,193605.42
115000.0,96564.2
290000.0,155894.06
295000.0,318909.88
690000.0,961862.6
133675.0,122248.01
99500.0,82891.75
198900.0,252810.34
249900.0,240804.42
239000.0,150401.95
109500.0,146423.39
150000.0,165702.52
259000.0,215176.02
55000.0,62516.168
65000.0,54477.734
75000.0,91951.19
117000.0,147606.69
130000.0,117444.23
155000.0,296428.75
318000.0,212124.69
195000.0,275192.22
114450.0,150153.22
87000.0,84001.836
63000.0,63018.63
159000.0,148296.61
85000.0,71873.41
110000.0,106999.21
187000.0,157321.56
65000.0,63814.152
120000.0,89698.54
140000.0,135106.33
135000.0,109389.32
97000.0,100092.62
159000.0,158116.17
159000.0,222606.44
355000.0,278099.03
96000.0,110094.18
129000.0,188818.3
165000.0,261707.66
170000.0,129421.24
365000.0,372270.12
475000.0,564280.8
109000.0,100669.234
67000.0,59284.36
99000.0,177409.89
300000.0,277026.88
128000.0,203040.27
82000.0,87978.73
799000.0,466371.9
59000.0,56939.51
155000.0,188329.39
229000.0,317254.56
285000.0,242426.36
249000.0,205812.27
82484.0,84678.63
89000.0,100011.734
88000.0,174367.27
189000.0,178514.1
93600.0,84636.45
81770.0,71506.7
420000.0,402831.97
240000.0,221102.83
375000.0,303778.6
357000.0,468354.56
109000.0,87133.56
90000.0,107544.86
120000.0,139329.7
200000.0,460208.66
330000.0,333760.4
210000.0,154654.9
400000.0,283394.12
315000.0,361081.06
220000.0,338401.94
180000.0,127474.59
320000.0,438991.28
96000.0,96807.625
145000.0,115003.11
97000.0,76046.11
195000.0,167185.64
193000.0,255061.58
69900.0,78436.64
140000.0,151272.56
159000.0,128374.8
193000.0,231625.08
224900.0,318075.25
380000.0,383431.38
156000.0,181967.89
125000.0,158881.94
330000.0,387610.47
100000.0,130465.03
150000.0,158630.64
128000.0,161735.95
81323.0,93776.25
1100000.0,637736.9
280000.0,345288.25
350000.0,363360.12
148000.0,199227.73
94890.0,146892.22
169937.0,164518.08
175000.0,266506.56
560000.0,794861.94
163000.0,199659.8
53000.0,69747.07
260000.0,256144.1
275000.0,161724.78
125000.0,123881.33
133004.0,152435.73
56700.0,72514.875
99900.0,216784.11
229000.0,238528.7
179000.0,237106.47
105000.0,142747.11
184000.0,190232.94
129900.0,86763.57
110000.0,105303.695
57000.0,57713.883
470000.0,434011.66
60000.0,67265.58
160000.0,151174.3
49500.0,44267.062
390000.0,396793.56
113000.0,91115.42
72000.0,74079.54
127000.0,118219.04
119000.0,77430.22
95000.0,121877.37
245000.0,286510.6
240000.0,268769.84
389000.0,440454.78
1300000.0,1043924.5
98000.0,87264.75
99000.0,109722.01
135000.0,146536.08
97000.0,88558.09
98000.0,127825.18
630000.0,343250.72
120000.0,113733.34
198000.0,188495.45
550000.0,521726.5
149000.0,153775.11
84900.0,82558.86
430000.0,425427.28
99000.0,141459.89
56000.0,64783.57
140000.0,145848.75
270000.0,301300.66
250000.0,174685.67
89000.0,95166.17
195000.0,183665.64
160000.0,138311.28
155000.0,157703.05
79500.0,68257.37
300000.0,234465.7
145000.0,141471.11
169000.0,197489.38
70000.0,84029.82
219000.0,238073.52
115000.0,119203.72
159000.0,133834.88
153000.0,153213.8
187767.0,159916.48
220000.0,292920.03
690000.0,592621.8
61900.0,68391.04
469000.0,275499.28
490000.0,246515.47
120000.0,101751.74
350000.0,355710.1
145000.0,99116.43
130000.0,145257.83
550000.0,521726.5
90000.0,83813.664
349000.0,380017.7
320000.0,187793.75
75000.0,104720.85
250000.0,177574.08
1150000.0,1199713.2
179000.0,149733.81
235000.0,327254.3
88652.0,108271.04
115000.0,73415.734
210000.0,204604.67
140000.0,157490.83
110000.0,135270.97
139000.0,134648.03
105000.0,95565.11
134900.0,134827.73
168000.0,207522.88
80000.0,88863.08
89000.0,72764.53
175000.0,162201.23
325000.0,539594.75
92000.0,87564.31
88000.0,83578.1
110000.0,114806.68
460000.0,552032.94
400000.0,419189.84
62000.0,59233.82
105000.0,109229.45
119000.0,128510.25
145000.0,122358.664
118000.0,157332.58
109070.0,130385.51
275000.0,296632.72
145000.0,127329.31
239000.0,262460.56
87000.0,113184.945
48300.0,55083.22
199000.0,209632.52
138000.0,153040.36
119000.0,90420.3
95000.0,123505.84
100000.0,68699.42
72000.0,63239.863
85000.0,92636.85
128000.0,170787.97
55000.0,74440.92
79000.0,80922.56
260000.0,213955.22
77000.0,89328.195
140000.0,195764.72
56000.0,90560.54
89000.0,90049.59
225000.0,242295.4
220000.0,124627.945
95000.0,86131.54
244000.0,208562.02
89000.0,98088.164
90000.0,106291.54
86000.0,96575.86
255000.0,206217.8
75000.0,87547.82
95000.0,97651.07
450000.0,502131.8
53000.0,61894.375
1300000.0,1126275.6
55000.0,65251.926
133135.0,120187.125
850000.0,571811.0
320000.0,387433.38
80000.0,94307.69
560000.0,400170.72
126000.0,143801.84
130000.0,174926.12
115000.0,104538.164
155000.0,124616.914
79500.0,92840.36
63000.0,95796.305
270000.0,195237.31
68500.0,71564.5
115000.0,166366.7
55000.0,83299.88
125000.0,108552.85
110000.0,233288.14
395536.0,403827.72
80000.0,88712.9
95904.0,93719.375
230000.0,275349.84
85000.0,125790.73
170000.0,148361.84
380000.0,342190.25
180000.0,177176.08
130000.0,99980.4
189000.0,191069.16
200000.0,220658.25
163000.0,122775.04
54400.0,74718.266
125000.0,97083.445
68000.0,97523.24
210000.0,297466.8
133000.0,147398.3
79000.0,85599.92
76000.0,109387.305
58000.0,68563.76
121402.0,139452.34
120000.0,138580.77
119000.0,150543.86
64050.0,67873.38
79000.0,111997.1
70000.0,94449.984
67000.0,59399.25
185000.0,138014.97
133900.0,125242.22
175000.0,263938.75
460000.0,359410.4
690000.0,636128.75
126000.0,142841.72
46500.0,46562.887
420000.0,376814.6
650000.0,462729.03
135000.0,92970.28
490000.0,369415.44
210000.0,300739.7
81000.0,127333.53
360000.0,384087.25
219900.0,186268.7
166413.0,170924.4
120000.0,140627.56
340000.0,390245.44
90990.0,132886.02
132000.0,123427.95
140000.0,151755.0
195000.0,246230.53
470000.0,346163.0
179000.0,131946.98
190000.0,161458.28
130000.0,129267.76
139731.0,118607.266
140000.0,87232.99
168000.0,155775.97
60000.0,63063.19
125000.0,229676.2
198000.0,180679.2
159000.0,196988.06
895000.0,585715.56
300000.0,501703.8
395000.0,388995.12
93500.0,86102.88
210000.0,183770.95
180000.0,166617.02
169500.0,244817.78
120000.0,72003.71
149000.0,198330.56
135000.0,134294.47
179000.0,139243.47
95000.0,104912.94
75000.0,75899.91
56000.0,120652.43
59000.0,61858.848
223000.0,207676.58
155000.0,120610.57
115000.0,116760.9
105000.0,88939.28
63000.0,48714.58
124900.0,138704.78
129000.0,159158.44
165000.0,183444.83
43000.0,51673.56
420000.0,432031.16
123000.0,137312.14
96000.0,90021.61
111563.0,101695.98
139000.0,108714.01
179900.0,172486.81
740000.0,405753.78
568000.0,411957.56
89000.0,127880.43
176000.0,139243.47
350000.0,511935.28
79500.0,107247.46
400000.0,390287.78
117600.0,109284.18
380000.0,391843.1
145000.0,100615.96
258000.0,274840.25
89000.0,125185.39
700000.0,950835.5
78000.0,106786.96
87000.0,78186.664
69000.0,72517.47
250000.0,243231.36
98000.0,95751.695
159000.0,210963.58
49500.0,58175.25
280000.0,216649.55
97000.0,75253.836
74000.0,73764.47
82000.0,73337.59
47000.0,50015.996
118000.0,133419.06
138000.0,104197.72
166000.0,160920.72
160000.0,162377.5
115000.0,117141.734
90000.0,91938.78
139000.0,184816.17
83000.0,56546.938
1100000.0,999830.8
175000.0,310265.8
140000.0,168047.52
115000.0,139114.48
88000.0,96210.68
360000.0,508719.75
259900.0,217781.94
430000.0,310713.75
56000.0,77552.18
140800.0,138032.7
197000.0,173270.14
850000.0,565552.3
300000.0,327788.1
93000.0,99247.27
114900.0,126459.16
69000.0,84271.71
329000.0,231942.48
195000.0,154428.72
175000.0,185048.95
76000.0,98341.6
155000.0,217776.62
490000.0,557946.2
900000.0,1147919.1
125000.0,152443.97
110000.0,112474.71
213000.0,217792.0
108000.0,78651.695
74600.0,72750.7
95000.0,129665.63
220000.0,205985.3
57000.0,64446.496
490000.0,324205.1
133000.0,138739.52
95000.0,337263.22
119000.0,102502.33
80000.0,88653.51
137000.0,163281.45
115000.0,138198.27
168000.0,137461.81
48500.0,124165.31
149000.0,220620.98
103000.0,92648.766
94600.0,112861.625
63700.0,58601.973
750000.0,964273.25
127000.0,155934.77
140000.0,209093.94
64900.0,84265.75
120000.0,158279.19
67000.0,69879.56
200000.0,311515.44
139900.0,165281.75
89000.0,63362.53
72000.0,84293.84
129000.0,134340.4
58000.0,68933.43
107000.0,100512.055
135000.0,134046.9
159900.0,124986.29
200000.0,183607.64
960000.0,560412.4
130000.0,124867.62
680000.0,520310.94
114900.0,110293.516
52000.0,61282.34
210000.0,222062.16
210000.0,238611.38
1245000.0,854111.7
198000.0,164033.39
179000.0,195341.25
234000.0,191067.86
210000.0,196698.06
110000.0,112806.79
55000.0,97430.766
189000.0,263759.47
296000.0,443298.78
140000.0,178902.98
115000.0,144091.81
99000.0,100274.09
59000.0,70454.74
135000.0,180011.86
177000.0,185203.17
138000.0,120725.37
635000.0,506509.9
142000.0,123241.62
255000.0,194676.36
73000.0,80394.57
75000.0,85961.13
108900.0,126754.25
112000.0,136830.88
145000.0,201410.88
90000.0,100265.766
225000.0,256751.84
270000.0,195708.53
279000.0,349859.16
500000.0,345324.8
430000.0,696150.3
78000.0,186661.66
614008.0,879379.25
70000.0,60070.29
434900.0,382017.53
210429.0,345559.72
98000.0,96886.836
225000.0,264052.34
215000.0,201125.14
249000.0,210393.58
150000.0,123700.164
69300.0,72800.29
120000.0,205905.47
84500.0,87161.98
720000.0,580535.1
390000.0,298101.8
615000.0,773838.5
380000.0,419416.28
140000.0,138738.33
86000.0,100947.63
139000.0,154910.73
114900.0,110050.41
165000.0,165475.84
85000.0,93108.95
120000.0,88768.68
89000.0,113255.49
270000.0,196445.95
129250.0,120876.02
190000.0,206812.56
55000.0,70130.31
144900.0,240190.14
118000.0,96491.305
72000.0,58939.72
545000.0,787226.75
112500.0,97442.96
114900.0,111510.38
109200.0,78487.734
299000.0,361929.6
360000.0,364262.25
850000.0,807482.5
155000.0,190060.28
190000.0,383456.5
197808.0,149931.3
140000.0,121195.336
170000.0,153525.8
144900.0,159210.05
199000.0,203336.78
189000.0,179839.75
360000.0,247104.12
125000.0,118763.414
147000.0,114201.43
86000.0,102596.7
399000.0,565728.0
90000.0,108337.266
137900.0,118507.47
105000.0,130647.63
110000.0,107947.19
85000.0,120114.81
127900.0,141743.34
150000.0,136006.8
137500.0,96267.79
150000.0,149823.3
83000.0,105766.27
135000.0,172422.0
387000.0,485350.88
189000.0,169627.45
159000.0,129475.15
89000.0,80161.36
105000.0,138522.0
95000.0,109636.56
83000.0,109976.21
148000.0,119414.52
139900.0,131229.47
125000.0,130199.61
130000.0,117847.48
110000.0,116180.71
340000.0,321422.62
238000.0,254764.27
105000.0,74794.555
195000.0,164006.67
295000.0,307908.72
122500.0,123148.516
110000.0,89245.05
179000.0,278048.7
295000.0,315944.0
59000.0,128192.01
319000.0,239501.11
85000.0,150091.8
99000.0,118852.31
139900.0,121916.1
79000.0,80922.56
80000.0,80504.836
450000.0,488825.62
115000.0,95202.07
159000.0,141511.16
310000.0,277927.84
118000.0,106072.945
76300.0,61978.945
140000.0,132303.88
75000.0,98919.66
73000.0,116229.49
140000.0,101679.37
160000.0,146406.06
120000.0,102688.7
280000.0,365681.66
53500.0,56871.184
73019.0,72164.96
108800.0,98760.07
89000.0,103346.12
45000.0,68103.1
139000.0,170081.81
269000.0,276585.38
124700.0,111300.9
138000.0,143055.05
290000.0,234917.77
89000.0,175711.6
135000.0,110040.484
70000.0,84398.33
125000.0,166962.58
195000.0,265850.38
134900.0,117739.27
595000.0,544488.4
540000.0,287090.25
120000.0,107214.36
180000.0,161442.03
135000.0,120024.68
330000.0,376783.97
125000.0,133103.8
930000.0,952742.06
172000.0,152696.36
88900.0,91903.6
54000.0,102816.21
1500000.0,1306422.4
260000.0,227652.62
145000.0,302765.8
620000.0,511015.7
72800.0,62034.6
119999.0,177303.39
89000.0,87089.445
137000.0,179502.38
379000.0,376293.72
233000.0,173663.33
85000.0,73410.55
87000.0,110990.12
149000.0,196876.47
105900.0,102819.195
270000.0,246771.73
320000.0,285355.28
90000.0,99797.07
298000.0,376308.25
144000.0,133738.62
176000.0,139243.47
79000.0,107500.51
116000.0,118309.086
96000.0,99826.19
240000.0,256515.88
110000.0,93823.945
159000.0,196640.7
279000.0,460728.1
250000.0,222690.56
470000.0,377875.66
1150000.0,411427.16
650000.0,301622.78
620000.0,344997.84
265000.0,260007.22
108000.0,123360.32
550000.0,390584.3
117539.0,138503.7
105000.0,113784.016
315000.0,339611.03
210000.0,192165.83
69000.0,58000.44
120000.0,107199.445
65000.0,80711.5
169000.0,191725.11
76000.0,103425.51
69000.0,75453.0
58000.0,80325.2
90000.0,118931.13
170000.0,165847.97
149000.0,154635.27
275000.0,295548.12
79990.0,105995.55
142000.0,129982.664
74000.0,75232.0
450000.0,460871.56
94900.0,93205.85
199000.0,155586.7
84000.0,70187.87
265000.0,168317.58
498000.0,478778.12
115000.0,104002.66
145000.0,122711.07
129999.0,184384.28
116000.0,99221.15
490000.0,393369.0
135000.0,138963.08
390000.0,200474.6
139000.0,165913.05
57500.0,72570.79
319000.0,325909.12
165000.0,157412.08
137000.0,141955.14
194000.0,177527.83
67000.0,99208.04
199800.0,162061.69
750000.0,418459.03
120000.0,128946.555
39500.0,47876.39
620000.0,502494.06
339000.0,234499.48
315000.0,321460.28
137000.0,134858.75
128000.0,166584.55
85000.0,89675.78
750000.0,648622.8
92000.0,103155.234
200000.0,259187.03
230000.0,244651.55
140000.0,139483.12
133000.0,145459.55
279000.0,434595.6
355000.0,383361.34
120000.0,87613.32
215000.0,257726.16
195000.0,171976.78
185000.0,165882.81
60000.0,61175.668
79000.0,130203.79
330000.0,228327.31
99000.0,96408.39
77700.0,84398.67
150000.0,111780.58
155000.0,106752.914
211000.0,172860.1
72500.0,71362.92
138000.0,152562.08
95000.0,89373.766
77000.0,85810.18
569000.0,455028.62
78000.0,88644.72
160000.0,179267.81
67000.0,90839.62
290000.0,336923.9
199500.0,247608.27
120000.0,181410.94
119900.0,95178.75
345000.0,480038.34
120000.0,122602.24
55000.0,68990.14
115000.0,138450.61
88000.0,95474.984
103000.0,105510.336
206800.0,166245.27
110000.0,100050.64
156000.0,180653.45
230000.0,253144.4
175000.0,259107.56
495000.0,521472.7
60000.0,98678.0
650000.0,442856.78
134000.0,128319.13
90000.0,82970.97
198000.0,157320.58
44800.0,78155.57
180000.0,171320.47
130000.0,143497.05
145000.0,135049.38
120000.0,129455.41
149993.0,166238.56
140000.0,160293.72
148000.0,138137.73
135000.0,132746.34
112500.0,119203.72
119000.0,113850.89
115000.0,107585.234
120000.0,88297.41
189000.0,193879.45
309000.0,286370.22
77243.0,85809.64
95600.0,89359.34
126000.0,140111.02
115000.0,118490.24
359000.0,385396.12
78000.0,113129.35
350000.0,287565.2
320000.0,327296.47
750000.0,600694.5
120000.0,141752.98
384900.0,538236.56
135000.0,158499.39
595000.0,578231.56
189000.0,151901.28
85000.0,73879.49
169000.0,159409.92
419900.0,435449.8
52500.0,125956.72
133600.0,129669.56
150000.0,149336.78
122000.0,91698.69
86000.0,104441.46
180000.0,248961.08
129000.0,109968.24
156500.0,116475.984
220000.0,386300.34
136000.0,96481.97
47000.0,60366.62
46452.0,49957.39
109900.0,190889.42
254000.0,209709.77
105000.0,107799.32
90000.0,88541.54
66000.0,84992.55
59900.0,101405.15
80000.0,112561.02
139000.0,180204.2
460000.0,446831.0
128000.0,171895.58
125000.0,117502.02
135000.0,169247.9
119900.0,91526.22
150000.0,166868.02
200000.0,149978.31
192000.0,165097.28
126309.0,103117.3
89500.0,85375.96
84999.0,79357.66
74900.0,140029.11
225000.0,191574.0
69800.0,95157.86
350000.0,327335.06
155000.0,139507.97
128000.0,83850.98
135000.0,169079.12
225500.0,264363.44
1300000.0,1030165.75
95000.0,354842.44
132000.0,263684.84
159000.0,157580.52
119900.0,102323.67
189000.0,194931.94
140600.0,193412.06
84900.0,75465.27
380000.0,349407.7
185000.0,151205.45
163000.0,157370.52
189000.0,159773.56
265000.0,314825.4
190000.0,166582.16
219000.0,130946.48
125000.0,108985.72
58000.0,73482.87
70000.0,43321.535
139000.0,97607.0
165000.0,253705.56
517266.0,341190.06
138500.0,125451.35
104900.0,104432.38
86000.0,96445.08
159500.0,189598.27
210000.0,137871.47
89000.0,89373.766
49100.0,66632.086
209000.0,172897.9
126000.0,99449.17
420000.0,413861.56
420000.0,421961.88
230000.0,168777.58
247000.0,248924.78
315000.0,315245.4
210000.0,172975.31
155000.0,230403.17
189000.0,166175.7
390000.0,267039.12
490000.0,356792.9
142800.0,110114.17
360000.0,345346.34
99000.0,103163.89
72000.0,63883.223
120000.0,106995.96
273000.0,263803.94
220000.0,219010.12
100000.0,82023.31
142000.0,162638.3
160000.0,147499.48
128094.0,110387.336
220000.0,243080.34
260000.0,431276.44
1200000.0,735634.06
110000.0,162627.66
95000.0,80490.23
75900.0,76315.7
90000.0,78771.484
144900.0,121593.99
215000.0,165445.28
73000.0,76356.52
550000.0,556273.4
119900.0,120666.42
80000.0,86072.555
165000.0,218417.48
660000.0,384848.06
300000.0,559228.1
80000.0,116242.74
545000.0,661740.5
165000.0,186684.31
245000.0,239144.31
79000.0,101468.46
285000.0,200696.72
90000.0,91605.29
125000.0,135908.66
670000.0,470396.03
390000.0,594556.9
305000.0,206660.84
345000.0,187808.06
110000.0,119854.65
112000.0,141173.28
230000.0,185941.27
89000.0,77000.7
85000.0,94782.1
65000.0,73504.02
264900.0,284197.16
178000.0,343694.88
75000.0,85584.08
170000.0,135853.11
95000.0,122109.086
62000.0,54349.188
72000.0,76602.234
92000.0,98652.516
119000.0,97138.26
135000.0,141066.86
480000.0,306910.75
152000.0,133040.17
625000.0,737551.25
210000.0,250945.39
99000.0,129850.414
139890.0,123518.875
49000.0,48796.137
147000.0,154923.55
103700.0,90910.83
100000.0,108374.734
110000.0,123086.9
128500.0,140990.75
83076.0,108438.34
178000.0,226059.84
140600.0,130110.07
96000.0,105304.96
95000.0,108137.92
130000.0,129331.82
93000.0,95077.164
67000.0,71349.914
195000.0,261209.42
260000.0,217486.34
490000.0,529245.0
450000.0,269856.38
135000.0,231612.27
80000.0,88233.984
99000.0,137007.03
80000.0,65278.71
180000.0,116752.51
74900.0,79532.02
146000.0,108688.586
133500.0,119063.45
195000.0,143271.84
115000.0,72837.89
480000.0,578738.25
77000.0,83640.7
205000.0,258785.05
65000.0,45754.89
84900.0,88316.85
205000.0,205921.92
72078.0,95470.34
73900.0,87610.1
79000.0,93843.58
96530.0,78539.984
450000.0,515191.88
369000.0,463048.94
93000.0,102935.65
69900.0,134348.45
20000.0,59701.215
89700.0,90206.68
378000.0,413418.25
230000.0,194851.16
242000.0,175081.6
82000.0,87531.92
77000.0,108150.3
129000.0,116370.19
230000.0,173147.56
530000.0,369415.44
95000.0,91751.83
160000.0,167537.25
335000.0,342500.62
159000.0,185694.95
160000.0,149282.11
210000.0,213133.75
75000.0,71766.555
240000.0,213465.44
138000.0,224731.64
82000.0,81255.38
157000.0,145471.33
103000.0,109060.53
104000.0,108762.77
174901.0,242113.62
100000.0,110743.37
220000.0,173902.69
73000.0,76159.984
249000.0,419189.84
120000.0,99608.95
105040.0,126385.74
65000.0,80221.56
108000.0,84937.88
220000.0,403180.62
325000.0,232994.16
240000.0,136032.55
78000.0,84852.04
585000.0,515942.78
150000.0,127680.24
85500.0,86029.33
199000.0,128290.67
255000.0,288511.6
176000.0,125147.89
120000.0,112784.07
115000.0,110361.984
330000.0,355970.94
115000.0,136116.92
70900.0,101538.98
172216.0,188941.0
109000.0,149973.06
220000.0,224396.47
85000.0,71302.89
145000.0,168248.5
103000.0,112840.73
95000.0,81718.7
180000.0,172975.31
395000.0,409845.3
114000.0,136542.5
94900.0,135957.83
170000.0,200134.62
180000.0,129310.625
145000.0,122804.21
624000.0,678677.1
200000.0,198215.98
94000.0,87254.65
369000.0,236694.64
140000.0,258357.56
115000.0,100022.83
112000.0,130590.51
115000.0,170708.86
360000.0,477203.56
77000.0,107991.445
70000.0,77658.54
223200.0,168171.25
119000.0,106787.14
109000.0,105167.45
165000.0,210367.08
64269.0,67178.46
180000.0,131686.2
90000.0,148404.11
129000.0,150916.53
265000.0,270157.78
279000.0,347530.06
124000.0,99539.26
161300.0,139205.11
189999.0,185303.25
99000.0,161671.08
159000.0,167138.97
88000.0,96816.45
330000.0,372457.2
670000.0,669647.5
235000.0,275054.53
152000.0,160192.58
335000.0,339137.4
95000.0,143940.14
60000.0,72770.87
260000.0,288058.3
215551.0,289657.4
149900.0,125299.58
305000.0,226667.7
340000.0,388486.6
115000.0,129274.91
129000.0,118156.59
179000.0,128445.63
195000.0,182306.38
155000.0,143948.28
120000.0,115630.95
97495.0,115825.85
85000.0,138267.6
110000.0,82584.35
249000.0,342098.06
55000.0,55830.566
238000.0,153082.72
295000.0,648585.75
135000.0,91841.29
370000.0,255687.5
105000.0,132810.86
239900.0,345341.56
53800.0,76066.65
215000.0,216209.02
185000.0,177750.75
175000.0,201098.27
142500.0,159596.7
98000.0,86396.59
155000.0,137267.23
360000.0,230668.78
89000.0,96511.13
207000.0,243553.0
161226.0,134683.7
57000.0,53840.87
128000.0,137559.92
309000.0,297182.0
145000.0,117672.836
108000.0,106599.016
118000.0,87118.27
160000.0,266445.34
137500.0,175281.27
170000.0,235511.42
265000.0,214216.61
99000.0,66905.17
158000.0,184739.69
58000.0,135004.28
165000.0,197106.89
112094.0,159339.53
153720.0,166957.56
95000.0,94225.7
84000.0,72424.49
59900.0,74448.11
395000.0,256538.64
750000.0,648622.8
148000.0,132768.83
109000.0,92575.77
169000.0,142181.83
246500.0,279320.1
239900.0,180679.2
122000.0,125571.875
85000.0,99583.875
61000.0,116988.875
95000.0,86131.54
68000.0,86723.31
585000.0,537600.2
62500.0,69818.5
239000.0,303201.53
109900.0,118047.52
218000.0,244935.9
240000.0,297870.06
355000.0,274723.47
119999.0,117521.625
220000.0,207123.1
115500.0,102460.93
140000.0,188104.7
104000.0,96077.36
259000.0,242855.77
560000.0,366407.5
270000.0,224417.48
185000.0,151093.14
105000.0,131148.33
190000.0,238979.52
160000.0,145349.48
78000.0,110566.48
115000.0,225783.33
169000.0,137519.52
57000.0,58310.215
120000.0,97667.42
75000.0,113372.55
36149.0,110719.766
450000.0,318237.2
174000.0,175599.31
150000.0,192888.05
205000.0,180466.5
148000.0,150027.39
159700.0,133371.94
114000.0,125329.26
385000.0,319502.2
119000.0,121095.67
68000.0,64927.355
62000.0,81978.05
390000.0,142523.89
142000.0,149183.72
97000.0,124136.41
190000.0,203018.73
66000.0,70742.77
66000.0,66608.61
229900.0,280984.47
135000.0,175851.84
180000.0,177202.9
118000.0,130027.97
100000.0,128603.33
149500.0,155485.5
215000.0,311849.22
149000.0,157694.78
134000.0,139331.38
530500.0,346543.12
109000.0,135957.83
189000.0,242125.17
59500.0,92699.625
155552.0,93457.78
95000.0,106767.2
74500.0,68897.62
710000.0,356783.72
115000.0,111791.6
63000.0,120414.07
250000.0,273784.84
56700.0,72514.875
93000.0,82616.83
156000.0,127800.75
475000.0,743902.06
78000.0,107685.42
75000.0,118219.73
130000.0,176572.53
209500.0,184541.8
590000.0,626473.94
123000.0,156813.88
125000.0,174545.78
240000.0,299669.38
255000.0,166185.05
55000.0,54533.04
239000.0,341692.72
160000.0,160071.16
231382.0,239008.38
65000.0,75348.38
100000.0,134181.3
144900.0,142673.39
130000.0,118017.65
110000.0,114549.94
320000.0,301115.56
442000.0,293775.28
295000.0,236111.1
67000.0,88121.586
210000.0,196621.14
500000.0,403649.28
230000.0,233559.06
55000.0,74667.13
279000.0,231931.08
192468.0,154759.84
118000.0,65820.95
64000.0,74228.84
290000.0,304956.78
140000.0,168410.6
399900.0,428348.22
310000.0,289328.3
520000.0,467734.4
66900.0,61298.72
339903.0,269160.97
445000.0,479998.53
55000.0,57157.16
640000.0,568080.75
172000.0,180974.38
235000.0,239848.06
260000.0,170298.55
255000.0,198509.33
289000.0,209233.27
235000.0,126372.055
92000.0,78319.86
90000.0,98270.664
215000.0,390963.3
340000.0,290959.38
670000.0,525251.1
139000.0,109491.29
149000.0,133994.7
126000.0,141664.06
790000.0,739094.2
90000.0,91885.914
135000.0,190861.38
125000.0,98318.836
230000.0,199214.97
144900.0,128087.08
184000.0,204203.1
115000.0,155094.95
58999.0,71719.28
66000.0,80842.516
144900.0,153045.53
46000.0,61184.41
159000.0,168477.22
299000.0,322764.72
260000.0,358129.38
90000.0,86986.85
185000.0,191041.02
53000.0,63600.26
170000.0,154707.52
83800.0,80939.97
285000.0,322782.78
240000.0,270857.97
51000.0,38671.777
159000.0,129465.016
310000.0,183636.88
600000.0,693898.56
135000.0,121301.66
140000.0,146109.31
205000.0,262237.53
85000.0,102420.87
50000.0,101400.65
94000.0,153734.58
105000.0,133784.25
153650.0,186596.78
123000.0,99126.34
129000.0,151109.19
290000.0,379720.06
218000.0,167732.81
270000.0,243989.6
65000.0,82895.87
66000.0,70510.234
239000.0,321469.75
95000.0,88183.76
229000.0,170905.28
930000.0,896512.3
140000.0,209172.94
98000.0,180585.45
285000.0,280858.03
109000.0,122896.32
525000.0,585535.0
105000.0,96948.01
127000.0,140578.0
130000.0,154513.31
165000.0,200134.62
190000.0,137269.56
110000.0,61382.938
201200.0,205649.52
380000.0,295534.72
122500.0,123148.516
224000.0,130637.4
298000.0,354503.47
87500.0,100586.086
100000.0,131372.25
149000.0,149064.25
99500.0,85086.98
97000.0,113067.38
129000.0,292622.25
235000.0,203199.33
93410.0,82547.6
180000.0,156541.95
158860.0,143688.1
310000.0,208841.78
125000.0,97689.95
105000.0,78915.08
119000.0,160533.27
225000.0,203359.08
264900.0,251733.17
129000.0,158763.61
375000.0,332310.44
195000.0,110212.375
104235.0,96847.625
375000.0,461575.56
200000.0,113628.4
67000.0,112566.945
70000.0,77437.49
142375.0,142242.22
1300000.0,1030165.75
1250000.0,641093.3
245000.0,270094.03
192000.0,218988.83
70000.0,97658.914
150000.0,167729.4
105900.0,114075.945
96000.0,90436.164
200000.0,125431.01
285000.0,256320.53
93500.0,121070.43
45000.0,67088.4
320000.0,334393.3
100000.0,104326.54
168000.0,334296.9
134000.0,144429.52
149500.0,167779.16
529000.0,481326.12
215000.0,204165.8
172000.0,147590.11
84900.0,91247.1
428000.0,345148.3
150000.0,96377.59
330000.0,286090.62
220000.0,193877.47
390000.0,403835.06
105000.0,81940.78
123000.0,131744.62
180000.0,130072.945
86000.0,117456.234
79999.0,121896.33
85000.0,93195.59
71000.0,96390.57
150000.0,235927.2
152000.0,395398.53
145000.0,150348.52
390000.0,297652.44
54900.0,55231.46
600000.0,613552.6
76700.0,82505.96
265000.0,216584.86
81000.0,85682.69
620000.0,528109.1
495000.0,615377.06
224000.0,171922.53
180000.0,160208.97
245000.0,297705.0
70000.0,95848.086
125000.0,116593.49
115000.0,138594.84
55000.0,97463.26
102000.0,227823.61
148000.0,138216.33
115000.0,110094.85
185000.0,253087.53
100000.0,77506.33
550000.0,500481.22
370300.0,230094.75
269999.0,340625.06
232000.0,177606.62
87000.0,71166.836
79000.0,115302.12
85000.0,91996.97
90000.0,90734.55
99500.0,104582.45
150000.0,184263.34
79000.0,86404.05
125000.0,95702.99
165000.0,217099.62
99000.0,88623.93
124000.0,136595.67
279000.0,355683.75
490000.0,523664.25
345000.0,352568.12
150000.0,194490.9
480000.0,596226.3
420000.0,289262.34
109000.0,141305.31
72900.0,76571.79
79500.0,86612.41
240000.0,213526.75
81900.0,90679.39
90000.0,92984.25
69500.0,95129.13
136105.0,122248.01
400000.0,488893.8
159900.0,215371.73
615000.0,485852.7
55000.0,90902.625
165000.0,223651.45
190000.0,227669.83
79900.0,127059.01
105000.0,108439.086
140000.0,130073.77
186000.0,213208.72
330000.0,248243.9
280000.0,324465.2
170000.0,133272.34
95000.0,87179.53
93000.0,97546.74
110000.0,108196.945
88000.0,101935.05
90323.0,95173.27
150000.0,147540.86
700000.0,487115.5
140000.0,127461.55
290000.0,448891.84
72000.0,81472.27
720000.0,551628.6
95000.0,112299.27
94005.0,109939.71
160000.0,70784.37
290000.0,222339.92
350000.0,326565.78
190000.0,210845.33
125000.0,115025.375
345000.0,281929.1
209000.0,224336.9
230000.0,261004.2
285000.0,344598.88
159000.0,112949.29
220000.0,145771.64
59500.0,62925.688
290000.0,291106.1
170000.0,275872.84
97000.0,96836.16
76900.0,41123.008
750000.0,580535.1
215000.0,251058.4
137000.0,169636.7
215000.0,258801.84
370000.0,506935.47
129000.0,205841.19
350000.0,338742.6
148000.0,186604.23
99000.0,59938.164
305000.0,330645.62
84000.0,98694.96
195000.0,167185.64
420000.0,355740.62
265000.0,339752.25
168000.0,141009.48
140400.0,144548.58
292500.0,291911.62
134990.0,133093.86
130000.0,177355.39
195000.0,216025.58
470000.0,440416.66
113000.0,181380.3
89000.0,98128.34
44600.0,57268.016
138500.0,106565.63
70000.0,75852.22
165000.0,153047.02
97000.0,77267.59
138000.0,104197.72
72000.0,82895.87
110000.0,184876.97
125000.0,116549.95
92000.0,103440.18
129900.0,156014.16
105000.0,103862.44
182000.0,263935.03
79000.0,79376.74
110000.0,346720.72
92500.0,78309.984
94990.0,93291.77
59000.0,61546.7
86900.0,64699.73
149990.0,124107.27
47500.0,62613.277
110000.0,126375.24
120000.0,121444.36
200000.0,217063.31
159900.0,160805.44
198000.0,147344.8
220000.0,237590.94
91900.0,74302.31
151000.0,115193.3
88683.0,70985.05
89630.0,71972.73
320000.0,373118.28
339000.0,279478.5
105000.0,117064.69
212000.0,269860.2
740000.0,875758.44
95000.0,126410.16
160000.0,158619.42
243000.0,196797.8
119000.0,93968.23
62000.0,92602.84
165000.0,190460.92
81000.0,98424.945
115000.0,85414.31
84900.0,193090.62
79900.0,91617.85
375000.0,355740.62
70000.0,84434.97
107000.0,90227.95
100000.0,140358.05
80000.0,58247.926
189900.0,202641.73
189000.0,186922.48
80535.0,93503.61
110000.0,117058.72
145000.0,120116.22
90000.0,133745.9
75000.0,67050.68
68000.0,78291.8
105000.0,104492.96
520000.0,254301.11
95000.0,115680.79
120000.0,97981.69
138000.0,136538.69
137000.0,144378.23
165000.0,240126.73
126000.0,117238.85
1200000.0,826522.25
96000.0,100982.36
285000.0,270586.6
162604.0,153328.12
179900.0,220398.72
196790.0,208424.58
135000.0,108337.82
199000.0,230878.88
500000.0,670616.7
122000.0,109083.484
350000.0,266095.5
400000.0,198489.28
140000.0,131392.56
135000.0,171614.38
95000.0,110165.25
132000.0,99741.53
219000.0,232488.3
95000.0,96863.81
440000.0,318647.78
179900.0,172313.72
188000.0,100871.98
119031.0,148082.7
120000.0,126195.37
140000.0,169506.12
460000.0,552032.94
99000.0,108112.805
62000.0,113054.12
1200000.0,1073274.2
190000.0,308570.12
50000.0,65013.95
94900.0,129772.37
84999.0,95788.414
120000.0,102617.875
245000.0,293953.8
97000.0,89627.43
192900.0,148929.2
215000.0,133485.31
65371.0,57173.688
137000.0,136673.56
140000.0,123717.61
43000.0,51673.56
80000.0,78864.055
95000.0,98162.01
319000.0,477478.56
225000.0,256499.72
85000.0,112919.61
144000.0,190250.11
750000.0,531136.44
159000.0,184216.5
230000.0,204641.53
217000.0,169891.11
66200.0,104891.81
390000.0,427242.6
75000.0,85851.72
175000.0,206774.06
225000.0,195983.11
335000.0,290249.94
89000.0,90049.59
77520.0,81361.52
87000.0,81718.42
385000.0,399398.7
93000.0,70949.17
184500.0,167139.22
160000.0,142498.02
300000.0,309469.78
470000.0,328207.1
315000.0,262996.7
229000.0,242307.14
66000.0,52645.664
140310.0,161393.3
59500.0,70205.016
90000.0,112886.35
48000.0,61286.23
160000.0,154524.53
77900.0,81547.64
85000.0,90366.74
99000.0,96253.14
95000.0,104589.836
149000.0,125225.33
95000.0,91148.06
260000.0,279207.03
63000.0,70015.88
465000.0,429495.28
79000.0,106786.96
75000.0,136506.66
113000.0,123717.19
390000.0,398624.1
200000.0,175316.03
169000.0,159894.44
237900.0,285867.72
132000.0,116443.22
108000.0,121919.4
159000.0,216109.22
295000.0,295628.47
164000.0,231817.56
74900.0,74302.31
160000.0,115954.65
128000.0,135206.31
115000.0,109474.7
198000.0,231375.72
240000.0,189386.94
490000.0,403817.1
259900.0,231312.78
180000.0,145957.53
117000.0,129249.97
95000.0,90533.95
100000.0,77506.33
52000.0,60828.08
149900.0,139429.73
77500.0,102539.93
410000.0,467336.2
89900.0,113872.7
137000.0,112627.03
255000.0,242218.55
52500.0,63886.34
695000.0,508496.3
69700.0,95159.51
297000.0,382550.8
136000.0,120800.94
75000.0,80071.12
105000.0,99070.47
720000.0,649636.1
130000.0,181693.55
85000.0,75031.19
160000.0,147052.38
1217000.0,892403.9
169000.0,265871.4
265000.0,286336.66
69000.0,71562.06
65000.0,126586.07
185000.0,212353.58
140000.0,129076.164
225000.0,298141.72
110000.0,88850.82
149500.0,207837.16
75400.0,81494.64
149000.0,113454.37
145000.0,171499.31
90000.0,119474.625
45000.0,61104.09
89000.0,100660.9
145000.0,325134.53
79000.0,140993.02
119000.0,124930.09
109000.0,100057.61
87000.0,89939.85
85000.0,73561.92
290000.0,294301.84
278000.0,291777.72
84000.0,101609.234
99000.0,112759.1
97000.0,71371.67
180000.0,187172.25
62000.0,74637.64
297000.0,329942.6
88000.0,150345.64
260000.0,257856.64
110000.0,117613.89
129000.0,159692.75
179000.0,132830.5
118900.0,113590.766
74000.0,71823.52
59000.0,70920.31
199000.0,319549.62
164500.0,197222.4
170000.0,264894.6
71300.0,91544.96
158000.0,166933.73
174000.0,182773.25
99000.0,115724.13
240000.0,273848.03
168000.0,95657.63
510000.0,392915.5
120000.0,99740.37
89500.0,107523.9
210000.0,216196.56
98950.0,98178.89
155000.0,131415.66
83000.0,81923.11
74900.0,111512.11
158000.0,234402.4
149900.0,139662.64
107000.0,119309.51
92900.0,109203.39
86000.0,93414.37
220000.0,203280.47
489000.0,556635.94
110000.0,169549.72
50000.0,47764.83
199000.0,331360.6
110000.0,98508.34
441000.0,427150.88
95000.0,112763.08
76500.0,101766.79
210000.0,233954.03
125000.0,75993.28
129000.0,118753.63
158000.0,197829.86
99900.0,114797.06
1300000.0,1018587.2
220000.0,205417.88
300000.0,332480.3
990000.0,479419.16
58000.0,69893.73
630000.0,521121.75
105000.0,117985.0
80000.0,134865.9
370000.0,404860.78
45900.0,75313.66
130000.0,140866.47
160000.0,125498.47
390000.0,350668.38
95000.0,126389.99
249000.0,261890.12
59900.0,122732.484
79000.0,104567.71
159900.0,143455.72
34900.0,72676.15
189200.0,252280.08
180540.0,263093.34
182000.0,131944.39
110000.0,133419.03
125000.0,101882.27
168000.0,169469.53
240000.0,306128.7
105000.0,99564.984
90000.0,57173.688
269500.0,209333.9
149000.0,126771.78
88000.0,76331.13
147000.0,132236.34
157000.0,126810.55
1250000.0,971577.06
320000.0,329471.75
205000.0,221520.55
92000.0,91727.72
295000.0,422400.62
120000.0,79187.38
355000.0,416299.0
260000.0,170141.86
200000.0,257226.53
180000.0,148180.73
225000.0,293930.84
189000.0,197903.1
230000.0,458151.6
272000.0,349696.47
570000.0,383737.3
380000.0,385079.72
118000.0,134085.92
198000.0,287551.8
65000.0,83939.68
87000.0,90474.055
150000.0,68543.5
86000.0,99641.36
95000.0,161307.2
108000.0,112810.87
85000.0,72532.7
108000.0,143029.23
85000.0,74080.625
87000.0,110983.64
234001.0,267170.16
299000.0,166472.78
520000.0,353398.0
146400.0,115281.05
225000.0,312709.16
60000.0,61574.555
184000.0,141371.27
350000.0,337195.06
180000.0,210613.58
249000.0,173206.5
95000.0,129020.48
129000.0,119342.92
360000.0,227216.89
50000.0,65709.9
140000.0,155586.7
279000.0,315607.28
225000.0,346759.84
410000.0,395825.0
159000.0,202964.84
195000.0,233252.48
76000.0,73157.57
89000.0,82857.64
210000.0,172975.31
980000.0,706641.06
395000.0,372245.12
198000.0,178636.8
270000.0,207196.44
85000.0,137052.7
122000.0,125948.42
229500.0,299159.38
127000.0,134219.0
800000.0,715007.5
490000.0,392891.03
308000.0,379144.84
150000.0,179998.72
79000.0,97788.91
68000.0,60358.43
133000.0,109971.836
595000.0,756936.7
134500.0,158621.69
83000.0,79307.9
210000.0,134525.69
230000.0,251339.62
230000.0,289430.38
178000.0,169382.03
255000.0,225385.45
180000.0,164908.94
125000.0,163774.84
239000.0,267756.22
210000.0,231663.64
230000.0,184139.66
189900.0,252810.34
99000.0,120838.586
139000.0,128796.83
130000.0,157598.28
345000.0,314157.84
155000.0,180379.3
345000.0,281865.84
76500.0,76219.445
550000.0,447193.88
343300.0,291857.2
224500.0,172808.7
320000.0,204822.72
200000.0,186243.56
250000.0,208002.27
71200.0,74437.79
145000.0,201682.4
75000.0,85531.69
180000.0,156648.08
72000.0,87240.52
165000.0,140281.36
179000.0,254049.48
195000.0,157267.75
395000.0,264113.12
750000.0,303826.4
359900.0,378915.78
239000.0,338934.25
450000.0,472439.84
245000.0,324422.12
247000.0,247357.83
240000.0,222847.89
149000.0,133563.28
179000.0,196055.55
85000.0,68025.27
130000.0,130721.39
540000.0,413753.72
48000.0,41982.2
142000.0,143867.83
285000.0,200476.0
114500.0,86116.66
225000.0,270554.97
79900.0,84270.055
300000.0,437441.0
115000.0,105481.38
250000.0,144260.72
94600.0,87450.234
160000.0,229180.84
119000.0,108259.06
146000.0,181051.52
210000.0,362861.78
135000.0,103062.73
64900.0,76613.17
880000.0,589698.2
139440.0,124717.16
273000.0,251806.77
799000.0,402020.2
119900.0,84657.46
290000.0,253824.81
158000.0,154946.47
175000.0,225374.38
159000.0,112949.29
219000.0,155164.03
72000.0,78862.96
120000.0,171544.86
720000.0,401734.03
125000.0,134505.53
308000.0,357600.78
85000.0,145076.47
400000.0,308514.72
95000.0,148289.8
780000.0,815095.9
70000.0,75816.836
130000.0,124356.62
130000.0,117734.03
317550.0,359297.16
395000.0,354759.12
300000.0,269352.5
180000.0,238853.62
179000.0,261822.84
172000.0,217099.62
58000.0,75501.58
135000.0,177369.47
58000.0,106703.086
114280.0,104218.27
298000.0,392922.4
38000.0,41956.234
150000.0,251603.4
380000.0,229405.89
130000.0,135578.16
98000.0,94924.66
230000.0,225555.3
250000.0,313231.12
125000.0,167816.9
168000.0,197588.33
84500.0,94744.87
85000.0,74318.41
109000.0,136768.19
395000.0,523552.94
139000.0,163846.05
130000.0,117921.52
96500.0,101345.92
230000.0,309326.66
550000.0,779381.9
172000.0,178123.58
328000.0,422400.62
49000.0,61818.97
165000.0,157231.66
89900.0,111450.984
146000.0,119816.875
125000.0,124489.88
375000.0,286464.1
220000.0,262521.53
83000.0,117086.22
137000.0,94873.555
165000.0,118002.58
172000.0,181979.33
230000.0,266264.7
49500.0,58175.25
105000.0,125010.11
85000.0,76214.82
250000.0,171519.36
136000.0,127456.484
134900.0,144943.7
89000.0,140169.69
344990.0,426605.38
298000.0,368722.53
253000.0,314908.06
165030.0,205099.95
150000.0,114725.125
107125.0,156121.67
75526.0,75705.8
105000.0,128373.125
94000.0,84962.62
73000.0,55473.402
129900.0,157574.47
470000.0,422602.28
118000.0,139407.62
190000.0,299989.78
120000.0,107851.336
150000.0,163760.08
69000.0,76597.92
170000.0,135095.44
110000.0,107696.305
149000.0,166272.34
99000.0,106516.68
220000.0,122420.99
79950.0,79517.76
139000.0,115327.33
240000.0,268107.03
66000.0,62603.63
75000.0,86782.3
119900.0,97748.39
120000.0,107537.69
75000.0,81324.086
49000.0,59461.21
95000.0,85773.01
69900.0,63661.31
159000.0,178561.1
79500.0,75113.5
65000.0,70767.46
89900.0,122352.414
240000.0,287871.84
55000.0,61382.8
100000.0,193245.7
145000.0,123642.81
175000.0,184537.33
230000.0,182132.5
92000.0,114071.64
86500.0,81805.11
299000.0,291612.94
84500.0,115986.38
560000.0,436275.97
165000.0,154206.97
199000.0,177931.58
169000.0,226392.42
580000.0,461894.62
89000.0,81636.81
92129.0,115346.26
68500.0,77358.87
140000.0,203126.34
64500.0,85746.234
350000.0,343955.06
175000.0,161159.72
145000.0,114827.96
245000.0,160572.23
110000.0,123093.12
66500.0,66138.445
53792.0,63248.32
160000.0,176970.8
121000.0,173624.75
218900.0,180566.75
139000.0,147636.88
115000.0,121260.78
109000.0,99756.96
60000.0,71592.12
450000.0,418112.62
145000.0,177950.67
200000.0,183460.81
139000.0,146800.56
280000.0,264409.75
240000.0,329678.44
849900.0,915476.6
1100000.0,836712.6
111000.0,150186.64
175000.0,184320.5
240000.0,270734.16
125000.0,111602.3
309000.0,248664.75
315000.0,270967.7
95000.0,109874.95
98000.0,96413.39
236200.0,305599.12
125000.0,111585.125
120000.0,183914.98
149000.0,176318.16
230000.0,213156.53
300000.0,278864.8
175000.0,204261.52
190000.0,175713.47
89000.0,118231.94
190000.0,163554.98
1150000.0,531867.0
210000.0,104485.38
110000.0,103409.96
109000.0,87311.84
420000.0,467453.53
114900.0,126174.9
420000.0,376814.6
110000.0,151381.34
495000.0,695189.4
115000.0,67395.3
255000.0,183672.28
107000.0,146237.16
99000.0,91042.914
90000.0,53374.668
125000.0,109068.81
79000.0,120319.51
93000.0,89043.63
220000.0,214800.45
520000.0,477391.6
198000.0,224781.64
185000.0,198292.12
93000.0,96250.74
99900.0,79857.65
79999.0,81267.49
770000.0,650810.5
63000.0,79490.99
285000.0,172500.58
270000.0,254991.34
275000.0,260446.72
212000.0,269860.2
51877.0,46717.83
77000.0,84045.96
240000.0,202049.17
69000.0,85140.27
165000.0,147178.33
230000.0,215617.33
64000.0,80281.27
143000.0,107634.38
143500.0,123992.11
344900.0,387025.72
125001.0,90153.125
489000.0,328154.28
103500.0,133598.58
84350.0,81062.92
419000.0,428787.3
85000.0,100644.055
53071.0,52364.355
289000.0,233908.42
115000.0,147157.34
150000.0,142196.05
100188.0,112556.17
220000.0,296052.12
107000.0,105583.49
89000.0,95667.586
240000.0,259031.5
180000.0,148250.1
159900.0,158904.86
110000.0,89719.2
139000.0,144223.55
110000.0,266282.5
84500.0,77012.02
99900.0,116240.125
110000.0,107582.49
175000.0,162724.95
314900.0,316237.1
78000.0,94168.9
155000.0,217275.42
126750.0,130244.82
130000.0,114672.01
335000.0,293610.84
260000.0,190411.47
91900.0,73073.95
60196.0,174736.28
81770.0,74118.46
145000.0,165941.3
130000.0,109848.836
600000.0,693898.56
155000.0,218243.3
150000.0,170055.89
490000.0,1045588.06
115000.0,127759.125
140000.0,148757.1
165000.0,140084.36
75000.0,88712.99
80000.0,134869.72
109000.0,141305.31
69000.0,75521.97
80000.0,66334.26
155000.0,107141.75
105000.0,124789.81
250000.0,132285.33
72000.0,86776.25
114500.0,136330.4
85000.0,93854.586
200000.0,234842.05
95000.0,86751.39
235000.0,202206.11
99900.0,87186.52
420000.0,584206.6
68000.0,74855.33
94000.0,160062.55
240000.0,198356.62
75000.0,57750.656
150000.0,178068.73
399000.0,335552.66
85000.0,83940.34
230280.0,251396.28
163000.0,159944.89
65000.0,49607.797
140000.0,123890.74
260000.0,183115.27
379900.0,366645.97
450000.0,260442.72
105000.0,120498.33
61000.0,57771.594
80000.0,80241.336
530000.0,687953.75
250000.0,222283.84
125000.0,125397.64
125000.0,144486.34
125000.0,164380.08
215000.0,240037.73
75000.0,90011.35
110000.0,109399.516
188000.0,189090.16
580000.0,332567.62
89000.0,86585.195
75000.0,70128.14
190000.0,229385.86
83925.0,96847.625
184900.0,290019.8
58000.0,71797.83
1190000.0,996897.8
90000.0,81579.07
260000.0,298722.72
1000000.0,1007175.2
250000.0,212772.4
174485.0,157555.17
198000.0,189686.08
134900.0,137231.08
98000.0,110826.2
90000.0,76046.11
209000.0,303869.9
159000.0,204133.6
650000.0,1013624.06
155000.0,179359.0
136000.0,150011.75
47000.0,51671.81
170000.0,170129.98
220000.0,190014.64
68500.0,61888.63
190000.0,196004.12
380000.0,328652.53
72000.0,82331.0
78188.0,73012.52
175000.0,171794.23
270000.0,157006.8
62500.0,64644.246
440000.0,643978.7
129000.0,130804.56
167000.0,260556.4
92000.0,118844.65
168000.0,195669.25
135000.0,111681.28
130000.0,160379.1
105000.0,79747.8
825000.0,815095.9
490000.0,487659.6
134136.0,156448.36
95000.0,104341.82
87000.0,84001.836
145000.0,134603.38
77000.0,82800.59
120000.0,131720.6
35759.0,99421.24
109000.0,150062.86
1050000.0,927119.1
53700.0,70581.49
324000.0,227880.89
68000.0,83160.97
89900.0,98914.43
73000.0,91462.16
131000.0,142148.12
166000.0,168570.42
49900.0,48884.33
185000.0,139874.42
116184.0,148296.61
44900.0,64791.984
107000.0,90447.52
295000.0,227306.1
245000.0,156290.1
94999.0,111158.97
170000.0,138995.72
172500.0,150495.45
57000.0,73943.38
582274.0,500574.78
145000.0,160245.98
170000.0,204264.06
97000.0,148647.05
295000.0,228275.45
57000.0,71376.805
55000.0,52390.39
490000.0,462836.3
240000.0,215693.12
290000.0,235253.39
83900.0,90899.58
210000.0,226395.38
140000.0,130739.29
135000.0,128983.86
248000.0,319600.62
108000.0,164367.03
110000.0,127632.65
42000.0,34217.504
520000.0,452447.1
98000.0,116091.305
63000.0,76674.53
70000.0,73352.414
190000.0,237867.78
87000.0,91410.79
490000.0,329547.34
110000.0,156687.94
220000.0,185456.81
430000.0,406534.16
67000.0,58045.805
185000.0,254704.86
195000.0,131193.73
73000.0,91423.16
200000.0,222199.03
69000.0,78844.914
89000.0,84349.125
123000.0,143457.52
220000.0,427715.06
210000.0,192601.38
88000.0,85552.06
170000.0,123903.1
495000.0,517143.72
130000.0,139228.94
147000.0,139641.77
158000.0,148614.11
118000.0,207522.88
115000.0,136792.72
299000.0,269746.5
119000.0,114672.01
150000.0,169493.44
138000.0,128535.914
129000.0,141949.0
490000.0,600245.9
79900.0,80537.586
253000.0,224497.1
120000.0,107500.15
77500.0,75963.055
120000.0,132909.53
92000.0,64596.867
65000.0,70696.81
125000.0,124764.75
127000.0,109114.89
112000.0,158144.0
109000.0,123330.37
490000.0,561943.44
107000.0,95080.19
139900.0,160343.42
89000.0,121422.33
172000.0,128069.555
155000.0,162302.77
85000.0,81273.2
235000.0,381768.53
120000.0,139612.03
63319.0,58861.19
125000.0,115308.66
230000.0,298511.1
285000.0,302693.97
280000.0,333386.94
125000.0,140055.38
61250.0,72352.84
199900.0,150388.4
490000.0,296261.38
168000.0,156193.44
320000.0,330629.78
160000.0,130816.21
260000.0,234978.75
128000.0,309443.66
619000.0,461296.06
155000.0,182688.61
760000.0,580243.5
195000.0,247693.3
85000.0,90149.97
205000.0,281248.22
185000.0,218650.6
295000.0,321917.0
235000.0,251323.31
67000.0,77324.195
75000.0,91538.805
138000.0,110216.18
80000.0,80241.336
175000.0,258160.44
76000.0,91543.86
1100000.0,888512.75
65000.0,88423.22
76000.0,83070.61
650000.0,602575.25
548000.0,450350.22
150000.0,142090.72
590000.0,404118.34
940000.0,958539.44
195000.0,239413.5
238000.0,298761.6
105000.0,123251.69
69900.0,84443.53
55000.0,62108.535
71400.0,89079.38
280000.0,302776.6
104000.0,108762.77
75000.0,118909.07
860000.0,722301.2
88000.0,94188.36
169000.0,202621.84
43500.0,72294.67
139000.0,120490.13
55000.0,59262.152
155000.0,177092.97
77000.0,142154.19
143000.0,195298.34
185882.0,151693.58
188800.0,151338.95
680000.0,214781.23
75000.0,71409.305
80500.0,95458.53
189000.0,226112.17
189000.0,270868.03
94550.0,132369.31
185000.0,155411.19
258000.0,293657.78
45000.0,41295.43
174000.0,191286.75
75000.0,71766.555
205000.0,229734.28
75000.0,88336.875
690000.0,527394.9
84900.0,96717.22
158000.0,179581.34
1390000.0,1151815.8
75000.0,94885.46
89000.0,79282.766
89700.0,120525.06
188900.0,183782.02
95000.0,87366.89
128000.0,96873.56
350000.0,437440.0
48000.0,42301.254
93000.0,94818.766
182000.0,161030.84
210000.0,275987.94
112000.0,119438.32
165000.0,153262.44
145000.0,107305.125
95000.0,131842.98
320000.0,288649.72
85800.0,89359.34
87000.0,126372.87
65000.0,109688.305
290000.0,254841.27
149500.0,261156.5
77500.0,88847.336
65000.0,75219.79
405000.0,471510.44
349000.0,267382.47
305000.0,243221.14
163000.0,157370.52
57000.0,59666.426
150000.0,148313.55
200000.0,267450.72
159000.0,172741.62
180000.0,183441.5
85000.0,81511.44
110000.0,114567.51
90000.0,76878.28
109000.0,105191.93
140000.0,157562.84
98000.0,110661.27
89900.0,106699.664
137000.0,126664.05
75000.0,80449.11
329000.0,255113.5
119000.0,84328.266
57000.0,55693.688
70000.0,59938.164
159000.0,152572.69
180000.0,156648.08
89000.0,63278.01
184900.0,241192.77
77000.0,113184.32
72000.0,73952.13
85000.0,74041.586
45000.0,65536.8
190000.0,242879.19
166000.0,242125.17
94000.0,103590.82
120000.0,110795.46
750000.0,930092.0
150000.0,247499.38
195000.0,168356.31
640000.0,608927.6
185000.0,171676.89
375000.0,601296.56
75000.0,102373.445
1400000.0,839931.7
199000.0,155586.7
190000.0,140374.19
298000.0,325999.03
126000.0,163042.89
65000.0,63131.918
203000.0,266312.8
62000.0,67951.63
450000.0,369415.44
99000.0,116008.14
185000.0,197694.08
285000.0,366585.94
43047.0,54535.895
198000.0,180940.31
72000.0,83009.086
82000.0,100448.56
76000.0,89880.734
220000.0,128290.67
149000.0,129378.43
65000.0,79447.445
82000.0,82534.73
92400.0,87589.62
118000.0,164644.2
98000.0,122050.38
130000.0,143911.14
99500.0,91475.18
189000.0,120434.38
120000.0,177595.81
154500.0,188240.25
143000.0,222469.56
150000.0,133639.6
355000.0,301128.1
285000.0,349358.5
78000.0,89142.875
300000.0,242426.36
105000.0,112941.664
100000.0,125063.664
295000.0,323834.03
490000.0,534135.6
78000.0,96603.22
130000.0,129550.164
189000.0,239649.77
69900.0,67486.38
69900.0,67784.88
65000.0,66730.35
850000.0,929103.3
99000.0,135075.19
168500.0,211101.14
68000.0,71894.99
67500.0,72693.77
199000.0,173101.3
430000.0,360726.56
119800.0,104197.72
209900.0,180566.75
85000.0,89994.52
155000.0,185115.02
46000.0,60972.9
85800.0,103668.73
72000.0,72017.11
58000.0,100752.18
98000.0,103685.44
75000.0,63313.414
169900.0,239157.33
68000.0,73988.25
315000.0,217092.11
69000.0,99174.98
202000.0,201870.88
65000.0,273786.62
371790.0,360829.28
189000.0,194867.06
114000.0,85612.92
173900.0,157339.69
154900.0,209841.72
146800.0,183624.72
253394.0,277365.66
118000.0,101559.27
155000.0,201410.88
85000.0,91761.234
67000.0,67832.54
69400.0,81361.52
1480000.0,1411058.4
110000.0,123977.36
175000.0,175453.42
795000.0,919628.94
216000.0,210984.84
89000.0,93687.914
79500.0,83181.06
115000.0,119260.07
399000.0,352976.5
379000.0,450129.84
258000.0,222238.77
370000.0,332575.7
140000.0,149906.33
106000.0,132439.16
95000.0,141232.72
75000.0,79215.11
830000.0,951345.1
350000.0,280946.3
355000.0,383361.34
129000.0,143475.92
241050.0,271870.16
280000.0,333776.9
84500.0,79220.016
75000.0,66804.28
105000.0,108534.984
100000.0,91245.24
450000.0,431521.78
650000.0,598524.0
104000.0,104281.58
119000.0,96526.99
179000.0,245659.02
160000.0,143932.75
199000.0,245260.95
185000.0,221867.06
139900.0,190913.33
169000.0,157770.2
1190000.0,1215100.0
140000.0,131392.56
118000.0,140655.14
58000.0,89614.88
88000.0,96776.31
139900.0,144703.62
320000.0,247069.77
85000.0,63531.887
163000.0,168900.86
186000.0,193422.12
110000.0,148264.77
460000.0,735552.75
50000.0,58618.94
250000.0,201667.38
92000.0,73410.55
144999.0,135438.28
105000.0,98574.86
98000.0,80408.76
193000.0,134525.69
93000.0,108361.55
130000.0,146569.72
112000.0,296892.56
118300.0,155884.4
70000.0,56847.207
250000.0,199006.52
110000.0,66018.766
150000.0,164049.89
790000.0,872127.0
69223.0,70477.27
590000.0,561954.25
72000.0,82649.36
760000.0,675455.1
59000.0,55050.434
259900.0,178208.27
269000.0,255315.84
68000.0,81945.984
199000.0,260092.69
43000.0,64384.75
170000.0,183202.7
220000.0,217744.42
380000.0,286308.3
250000.0,302820.12
145000.0,165994.34
89000.0,96445.08
45000.0,108511.836
120000.0,109045.68
298000.0,259912.73
135000.0,224530.5
380000.0,252965.19
220000.0,186780.64
495000.0,275689.28
93000.0,83986.92
120000.0,106996.55
78000.0,100332.125
84900.0,77444.05
105000.0,97614.33
139000.0,110104.85
250000.0,229684.14
259000.0,211381.45
62000.0,68660.41
290000.0,251801.19
72000.0,116252.5
115000.0,127198.98
79900.0,76567.23
89500.0,89820.32
480000.0,423684.56
89000.0,124498.98
68500.0,63963.902
330000.0,311866.1
90000.0,87082.61
105000.0,144696.98
125000.0,162944.86
120000.0,102660.28
315000.0,467237.88
85000.0,80829.4
93000.0,100624.49
190000.0,281221.78
109000.0,100495.19
88000.0,98753.74
160000.0,167420.45
80000.0,75248.81
100000.0,112546.43
148900.0,152031.19
54000.0,61507.37
74000.0,60197.863
130000.0,185901.06
157000.0,92525.37
248790.0,175049.73
125000.0,101002.414
149900.0,123793.31
67000.0,160519.78
230000.0,185619.56
79000.0,95897.836
71497.0,108639.27
109000.0,179922.2
127500.0,88543.58
148000.0,154449.66
210000.0,165462.8
252000.0,304992.94
89900.0,121406.94
300000.0,349142.25
145000.0,145266.58
51000.0,61000.4
170000.0,194485.16
112000.0,97910.15
252000.0,305973.4
180000.0,148683.38
1100000.0,900866.7
360000.0,394356.5
229500.0,288702.9
84500.0,89522.836
57000.0,58423.64
160000.0,148335.02
320000.0,313414.97
115000.0,89283.01
160000.0,179977.36
128000.0,141622.58
26000.0,103985.125
115000.0,72156.83
136000.0,129752.375
187000.0,399127.8
243000.0,331453.62
155000.0,147587.56
190000.0,245463.66
149000.0,125922.14
154950.0,205031.55
39900.0,49872.57
245000.0,293233.53
635000.0,550226.6
125000.0,95847.125
259000.0,346267.2
520000.0,452447.1
48000.0,60039.027
168030.0,172647.94
107000.0,97686.95
112000.0,109250.7
176000.0,177455.95
180000.0,182555.33
119000.0,97559.29
199500.0,223030.5
90000.0,82370.664
103950.0,100168.21
80000.0,58106.562
125000.0,95786.24
120000.0,112104.87
147900.0,130750.86
465000.0,560852.75
279000.0,234237.64
169000.0,135768.03
268000.0,200756.45
249000.0,332300.03
185000.0,135851.02
112000.0,175218.94
89000.0,120447.945
105000.0,173159.3
638000.0,549022.2
195000.0,121150.72
392000.0,529690.1
90720.0,108449.79
100000.0,116923.89
65000.0,57755.508
132000.0,97917.9
64415.0,134316.16
200000.0,272405.8
99000.0,113708.52
59500.0,79900.734
285000.0,394798.84
149900.0,189868.11
59000.0,112781.92
192000.0,208194.84
50000.0,68368.92
95000.0,86480.555
89800.0,74018.234
79000.0,158987.7
95000.0,94089.03
69000.0,77877.664
330000.0,183325.05
110000.0,157319.52
230000.0,184759.88
92000.0,87079.695
95000.0,100855.45
405000.0,191543.2
39900.0,92436.16
149000.0,139459.6
75000.0,69485.98
242000.0,227858.58
118000.0,94974.19
290000.0,286271.06
160000.0,156308.39
89900.0,96302.88
399000.0,546641.56
375000.0,415796.7
113000.0,134224.11
200000.0,138235.47
135000.0,161841.88
134000.0,129082.83
240000.0,290873.38
280000.0,258499.94
125000.0,138098.72
146000.0,127315.305
115000.0,122746.3
145000.0,146741.66
170000.0,249285.08
89500.0,76763.6
108000.0,98477.17
93000.0,91082.25
134900.0,116281.52
195000.0,196812.22
114000.0,104382.44
112000.0,125225.945
300000.0,372359.22
69900.0,91666.6
120000.0,115670.54
850000.0,438468.47
133000.0,121850.39
239000.0,206801.9
227000.0,142292.27
135000.0,142110.44
85000.0,87979.72
275000.0,180262.0
72000.0,88976.63
146000.0,119816.875
144000.0,164933.95
79500.0,88203.47
135000.0,154084.75
255000.0,277520.88
158000.0,168514.97
1400000.0,1027427.94
99000.0,90662.28
100000.0,119487.2
419000.0,580449.7
295000.0,329190.6
162500.0,179473.9
260000.0,279348.62
228000.0,226038.67
273000.0,198509.33
99000.0,129091.15
145000.0,125265.914
120000.0,164331.2
255000.0,220794.42
112500.0,142417.16
59000.0,64000.48
145000.0,193897.3
620000.0,668649.44
77000.0,88437.15
94000.0,96511.13
42000.0,58103.824
36000.0,43510.586
160000.0,165937.56
218000.0,186318.81
220000.0,215867.31
175000.0,202362.11
59500.0,107090.414
158000.0,129742.88
415000.0,503689.22
99000.0,87531.64
108000.0,109140.836
109900.0,141715.69
74900.0,83370.48
580000.0,779193.4
520000.0,350338.28
170000.0,149536.25
90000.0,76442.46
225000.0,240459.33
160000.0,171611.0
150000.0,256451.12
416000.0,571159.7
165000.0,188853.44
62000.0,65811.3
61129.0,58175.25
79900.0,102767.47
420000.0,332952.06
142000.0,172407.12
350000.0,321913.9
159900.0,111068.26
84500.0,97533.39
880000.0,436383.62
135000.0,145177.33
215000.0,242093.16
150000.0,118559.53
85000.0,91078.05
100000.0,108590.37
170000.0,196640.44
180000.0,171102.52
80000.0,94736.19
145000.0,114716.06
85000.0,85816.59
75000.0,110140.3
154900.0,193156.02
189000.0,205863.39
170000.0,102205.49
86527.0,82769.88
115000.0,116664.125
79000.0,79742.58
129500.0,119695.35
390000.0,462754.97
155000.0,148155.12
80000.0,85820.945
75000.0,93633.58
72000.0,90675.055
129500.0,118983.375
71000.0,93745.414
260000.0,259214.61
119000.0,91201.13
489000.0,489972.84
90000.0,98380.24
70000.0,67980.94
65000.0,68145.24
319000.0,359517.6
375163.0,462522.56
118000.0,129593.77
77900.0,93719.375
260000.0,278887.34
95000.0,85378.4
111000.0,124660.26
58700.0,64530.906
229000.0,159262.25
220000.0,255893.03
195000.0,116414.49
149000.0,220250.73
239000.0,216069.14
390000.0,299176.3
219000.0,186525.98
350000.0,274700.84
77100.0,70095.266
112000.0,110650.32
155000.0,166973.62
100000.0,104526.875
55000.0,49030.586
87000.0,88692.24
132500.0,133581.39
100000.0,91935.766
93000.0,89360.875
1100000.0,1029433.75
135000.0,162989.67
119000.0,139195.77
109000.0,114380.195
680000.0,554535.0
490000.0,469337.1
100000.0,108008.04
314000.0,377154.53
99000.0,111114.18
260000.0,230473.56
67500.0,64436.336
70000.0,82547.21
100000.0,216460.89
75000.0,57849.85
126000.0,90110.23
499000.0,511129.7
109545.0,122176.77
169000.0,209321.14
104900.0,130704.516
230000.0,178296.75
65000.0,77403.35
91900.0,115304.84
136000.0,191243.9
88000.0,92320.26
99900.0,130721.39
154000.0,97959.234
200000.0,205984.0
149900.0,120876.02
280000.0,397717.2
110000.0,114873.45
147000.0,142097.66
110000.0,82654.75
140000.0,96664.33
62000.0,83791.234
129000.0,97994.52
68000.0,60831.27
179500.0,196640.7
84800.0,87468.76
139000.0,140048.55
115200.0,97147.984
110000.0,103379.53
750000.0,410558.75
325000.0,328537.5
130000.0,107259.875
218000.0,283232.9
600000.0,877953.06
99000.0,121399.414
110000.0,102900.4
595000.0,432042.75
145000.0,113935.16
75000.0,70658.61
185000.0,216476.8
160000.0,151533.98
99900.0,128324.15
210000.0,251603.58
110000.0,141216.02
980000.0,855837.44
100000.0,81801.97
190000.0,199711.39
165000.0,157067.81
155000.0,201727.8
270000.0,188011.38
98800.0,78366.06
125000.0,97636.57
325000.0,341767.7
180500.0,231619.95
150000.0,172968.03
385000.0,338859.97
110000.0,114637.82
138000.0,174901.3
87000.0,75084.43
149000.0,108729.305
480000.0,431582.2
120000.0,92733.22
70000.0,60536.516
70000.0,77339.22
168000.0,181019.4
175000.0,196796.66
350000.0,305073.8
50000.0,73465.33
75000.0,90811.055
98000.0,97551.56
225000.0,197888.56
99000.0,108592.93
320000.0,316486.84
298000.0,231437.5
99000.0,128183.68
104200.0,132997.17
250000.0,312757.25
146000.0,167656.36
420000.0,233635.45
88900.0,168369.55
265000.0,238788.92
155000.0,102629.38
300000.0,245240.08
89900.0,97147.66
65000.0,70572.31
105000.0,112457.68
79000.0,81750.01
187000.0,247719.86
1300000.0,1209042.4
184900.0,251620.38
235000.0,252361.55
210000.0,245349.03
70000.0,74599.05
190000.0,197204.9
630000.0,471044.84
85000.0,68132.12
279000.0,265141.12
135000.0,127803.82
119900.0,123677.625
79500.0,109976.26
109000.0,80475.5
79000.0,111213.016
85000.0,108761.47
150000.0,136731.5
235000.0,226698.03
245000.0,273039.44
150000.0,100644.28
890000.0,713648.25
137000.0,93969.44
170000.0,148315.97
120000.0,124371.69
105000.0,104630.83
67000.0,68814.64
770000.0,905071.1
185000.0,287121.75
1100000.0,1057894.9
126000.0,198965.88
127000.0,138383.97
55000.0,93436.086
135000.0,123148.516
265000.0,308347.44
389000.0,397984.94
168000.0,161658.28
149000.0,168141.02
179000.0,246089.38
109000.0,141305.31
89000.0,120905.766
295000.0,178490.61
137000.0,134953.69
235269.0,208939.77
118000.0,96812.766
86000.0,73681.836
129000.0,120758.484
120000.0,82378.5
92000.0,109704.336
320000.0,305299.78
109000.0,92494.68
74900.0,79794.54
117500.0,154429.81
132000.0,110772.3
199000.0,159176.25
109900.0,117243.375
435000.0,513918.66
65000.0,55371.34
245000.0,233599.6
250000.0,360832.94
219000.0,312710.75
105000.0,148832.17
210000.0,166780.64
125000.0,97575.64
550000.0,594047.7
375000.0,276867.0
195000.0,217086.45
159000.0,177556.0
83000.0,103665.39
75000.0,128940.305
220000.0,159321.08
345000.0,324181.3
110000.0,138279.03
245000.0,212033.9
260000.0,273287.28
86500.0,109636.56
118000.0,124215.234
135000.0,156653.83
89000.0,98890.5
84000.0,117728.6
78000.0,114530.16
175000.0,180537.5
119000.0,90297.7
278000.0,223411.19
140000.0,129908.0
278000.0,366884.44
104000.0,106195.22
188200.0,196596.11
289000.0,293951.3
51000.0,106720.484
260000.0,379426.06
188000.0,100871.98
104900.0,91642.71
209000.0,160044.3
115000.0,92230.086
298000.0,296478.47
330000.0,372535.47
520000.0,451662.4
125000.0,142488.56
75000.0,85896.125
120000.0,88055.34
115000.0,126064.45
109900.0,125833.82
146000.0,127884.99
225000.0,217223.6
185000.0,168088.88
150000.0,159078.22
440000.0,720229.7
78700.0,85820.945
72000.0,78532.53
97000.0,143651.81
95000.0,88460.195
99900.0,139704.61
203000.0,190773.12
150000.0,201939.25
79000.0,75044.63
115000.0,150818.97
270000.0,182863.11
128000.0,84216.39
315000.0,313860.78
75000.0,65253.383
220000.0,149481.39
120000.0,111096.27
100000.0,281995.22
149000.0,127301.87
198000.0,444228.28
149000.0,160023.11
68000.0,99835.375
330000.0,254816.52
178000.0,250202.92
69000.0,67040.74
195000.0,207047.42
99000.0,122722.61
350000.0,358098.03
90000.0,91605.29
158000.0,174868.05
250000.0,211444.14
272900.0,308944.53
290000.0,285305.66
111000.0,137252.14
370000.0,327246.62
179000.0,208203.8
170000.0,143039.48
66640.0,83097.73
108000.0,104283.38
150000.0,144783.28
206000.0,167537.25
210000.0,169180.73
147000.0,104204.67
135000.0,93389.95
420000.0,483000.5
158000.0,113107.11
125000.0,112101.74
109000.0,122659.91
650000.0,671837.9
228000.0,192601.38
62000.0,74892.14
278000.0,173102.27
225000.0,195661.88
113000.0,118754.836
92000.0,72102.41
69048.0,68488.55
139000.0,100391.47
420000.0,289559.5
199000.0,258483.16
950000.0,348057.53
215000.0,242914.33
74500.0,94937.63
135000.0,155300.19
175000.0,199043.06
130000.0,89041.2
175000.0,227017.95
189000.0,203524.61
340000.0,367652.44
82000.0,67348.03
450000.0,984980.94
99000.0,84713.625
239000.0,419189.84
45000.0,60740.75
139000.0,173145.7
142000.0,162638.3
328000.0,292823.4
45000.0,38538.7
137500.0,175281.27
200000.0,202474.66
90000.0,147374.28
140000.0,132958.3
80000.0,78147.16
119000.0,121917.24
550000.0,579472.7
255000.0,279299.75
175000.0,186433.22
169000.0,256548.84
125000.0,124694.945
210000.0,169432.92
230000.0,286516.62
114000.0,167585.64
250000.0,189195.25
128000.0,163053.83
145000.0,148625.61
329000.0,226815.67
95000.0,82595.75
140000.0,140698.92
138000.0,172674.0
82000.0,91922.1
78000.0,66378.43
149000.0,149262.5
590000.0,389101.28
66000.0,80984.484
255000.0,289294.66
152000.0,166962.58
649000.0,767209.3
114900.0,126857.58
117900.0,103636.61
140000.0,200066.94
132000.0,137603.53
55300.0,68872.65
75000.0,101612.06
229000.0,251954.95
238000.0,340339.62
950000.0,750597.9
625000.0,504397.84
237000.0,273415.4
300000.0,311161.38
175000.0,187127.3
310000.0,401911.16
130000.0,151221.14
360000.0,296912.7
89000.0,86441.695
349000.0,340276.4
95000.0,71302.31
90000.0,90199.13
169000.0,167192.02
420000.0,332152.9
330000.0,334384.16
54000.0,65950.91
74000.0,80540.445
46500.0,57892.58
90000.0,83525.734
250000.0,161573.52
380000.0,208900.0
530000.0,338733.25
59000.0,83681.91
255676.0,213901.53
165000.0,137024.58
110000.0,142278.08
68000.0,79908.73
72000.0,87337.78
269000.0,230797.11
140000.0,123518.875
85000.0,82544.336
111000.0,94746.03
100000.0,92780.77
144000.0,127824.234
85000.0,113830.64
160000.0,210461.11
250000.0,212772.4
140000.0,132433.4
1100000.0,1057894.9
110000.0,122248.01
244000.0,231894.34
142500.0,155586.7
230000.0,258463.4
95000.0,120148.555
185000.0,186905.89
210000.0,156299.83
475000.0,329729.03
67000.0,59146.766
120000.0,171619.42
90500.0,148152.75
235000.0,240471.31
155000.0,219364.89
170000.0,228764.33
325000.0,271166.88
120000.0,118579.43
160000.0,227212.38
170000.0,136994.86
119000.0,119279.875
69000.0,94378.85
88363.0,113267.23
118501.0,143201.61
490000.0,592004.0
69000.0,100443.195
275000.0,222499.89
197000.0,191466.52
175000.0,124411.77
240000.0,218170.1
67000.0,67832.54
40000.0,90639.3
115000.0,94211.05
115000.0,154204.53
139000.0,163986.02
180000.0,244760.9
72000.0,75557.24
285000.0,200914.97
66000.0,85242.04
80028.0,66226.34
78000.0,87538.72
200000.0,207795.42
119000.0,151669.48
79000.0,76214.84
220000.0,199009.3
315000.0,300570.16
165000.0,129549.86
319000.0,323351.62
189000.0,187500.84
590000.0,657764.75
150000.0,139483.12
110000.0,134396.53
155000.0,187510.62
97500.0,172468.4
109000.0,56909.06
42000.0,55894.33
180000.0,181485.73
159900.0,138419.4
128000.0,119219.15
98000.0,94490.516
120000.0,106614.25
99000.0,188678.58
220000.0,207642.06
84500.0,86748.17
110000.0,111967.64
88000.0,95547.37
239000.0,237218.9
180000.0,185008.61
92000.0,87164.21
90000.0,122447.81
520000.0,582274.44
98000.0,119377.46
102000.0,129465.71
82000.0,91407.6
145000.0,261052.39
185000.0,143610.39
180000.0,158514.88
279900.0,323614.06
155000.0,154383.97
165000.0,168514.97
85000.0,62666.81
156000.0,157469.69
60500.0,81199.49
58000.0,64500.055
75000.0,112481.44
62000.0,78197.44
85000.0,66232.586
149990.0,115325.945
970000.0,780074.25
24000.0,65909.41
375000.0,392984.75
78000.0,123086.51
275000.0,282840.25
260000.0,246956.7
750000.0,644766.75
115000.0,142355.05
150000.0,130053.734
300000.0,307267.94
155000.0,190656.06
96000.0,119438.62
60000.0,58612.992
78000.0,65718.38
390000.0,387643.5
105000.0,111527.73
225000.0,265553.72
350000.0,210557.66
285000.0,267155.34
90000.0,105263.234
190000.0,154579.7
72000.0,82637.21
195000.0,225858.3
115000.0,224504.14
206000.0,219533.44
169900.0,137557.8
99000.0,120666.016
89500.0,88314.63
590000.0,719049.06
120000.0,116838.6
74000.0,100163.4
139000.0,225577.23
85000.0,93013.695
300000.0,400018.8
119900.0,150931.08
117000.0,93982.75
130000.0,142446.44
52000.0,116769.42
223000.0,152595.89
70000.0,109917.65
160000.0,183019.69
100000.0,162080.95
590000.0,621720.8
109000.0,141305.31
81600.0,92238.34
78862.0,101850.445
239000.0,243757.62
245000.0,307154.06
135000.0,110434.44
169900.0,212142.31
189200.0,252280.08
90000.0,114620.805
149000.0,156335.03
133000.0,128806.234
460000.0,407920.72
168000.0,165866.27
92000.0,81214.99
89000.0,109469.93
186109.0,149931.3
130000.0,148826.88
500000.0,347669.03
210000.0,196127.45
115000.0,98477.17
35800.0,48328.1
265000.0,167656.36
49000.0,52351.613
116000.0,95758.1
150000.0,142577.89
210000.0,204792.55
112000.0,80137.83
134000.0,101421.164
259000.0,254290.47
135000.0,164049.89
82000.0,111290.48
170000.0,169033.44
119000.0,231333.72
119000.0,135128.44
139000.0,106929.51
285000.0,347844.03
135000.0,143756.64
258000.0,197185.1
97900.0,108185.47
85000.0,119717.1
115000.0,136799.77
650000.0,745379.56
110000.0,105347.94
132000.0,100164.0
80000.0,94636.805
117000.0,137276.7
585000.0,489412.8
55000.0,55489.414
250000.0,198474.12
300000.0,184972.72
179900.0,249755.78
245000.0,195217.02
314000.0,401028.4
140000.0,154302.72
169000.0,161970.72
85000.0,88727.04
460000.0,535134.4
40000.0,507563.25
89000.0,68328.71
220000.0,234637.25
69900.0,67621.1
85000.0,105218.15
145000.0,184976.34
89000.0,97775.68
79500.0,98471.3
80000.0,77230.76
59500.0,66644.67
75000.0,71347.49
268000.0,266206.94
49500.0,58175.25
135000.0,116182.32
165000.0,124451.36
210000.0,160517.42
137000.0,170441.62
149000.0,201024.92
143000.0,101985.14
159000.0,117432.74
225000.0,258424.92
330000.0,381316.25
365000.0,262510.88
71000.0,87610.1
280000.0,189896.42
168000.0,137431.27
180000.0,213094.28
159000.0,178382.19
46000.0,55086.973
70000.0,108196.945
259000.0,226607.39
139900.0,138074.52
120000.0,145823.11
52000.0,61966.73
74900.0,78021.27
116000.0,114521.75
98000.0,134278.27
245000.0,196261.28
20000.0,45155.35
318000.0,324124.53
92000.0,123308.35
121577.0,129034.41
110000.0,113440.305
74900.0,84004.25
129000.0,117713.74
137900.0,117199.0
610000.0,475867.9
104000.0,93319.52
75000.0,158536.2
170000.0,260737.36
149000.0,165277.47
155000.0,154749.14
198000.0,139919.8
220000.0,219053.78
730000.0,540173.5
148000.0,136464.72
174900.0,158019.5
112500.0,123148.516
179000.0,140897.06
159900.0,152247.95
277000.0,211388.75
490000.0,356950.2
159000.0,277563.12
89000.0,112305.82
75000.0,44660.29
385000.0,245268.36
149000.0,149297.42
90000.0,95821.766
280000.0,210980.0
339900.0,396139.9
128000.0,160619.23
200000.0,136671.8
112100.0,103919.96
165000.0,147014.69
216000.0,168302.36
110000.0,122599.31
79900.0,119439.69
85000.0,51093.664
195000.0,182970.9
95000.0,135088.19
119000.0,217441.62
105350.0,112915.055
84000.0,89463.54
130000.0,130389.555
190000.0,115430.39
88000.0,114812.08
100000.0,111588.984
72000.0,104537.72
79500.0,98471.3
98000.0,104482.43
78000.0,101937.766
140000.0,125288.07
288000.0,219463.72
39000.0,47422.57
135000.0,208239.53
350000.0,371035.62
230000.0,204748.5
110000.0,181525.47
430000.0,199626.08
94000.0,94765.41
1150000.0,1061632.8
156000.0,118783.414
79000.0,128964.09
570000.0,588884.6
180000.0,194441.53
138000.0,128086.1
449000.0,535683.56
227909.0,277365.66
150000.0,160688.08
210000.0,208234.78
75000.0,85827.01
145000.0,153577.62
89000.0,67142.45
85000.0,115763.55
88800.0,93389.56
155000.0,204507.67
275000.0,220660.83
590000.0,467259.22
220000.0,208500.12
114900.0,141269.16
229000.0,147915.88
153125.0,125875.3
119000.0,152563.27
295000.0,256385.92
260000.0,213044.62
175000.0,186249.47
140000.0,171535.39
165000.0,148883.1
150000.0,132343.02
62000.0,63393.293
109000.0,120631.164
210000.0,134551.16
420000.0,313433.6
78000.0,84402.75
85682.0,95470.34
62500.0,61897.76
162000.0,240399.92
153000.0,93989.336
56900.0,71266.6
94700.0,86864.305
172000.0,186249.47
100000.0,133166.86
215000.0,261304.28
162000.0,225548.45
235000.0,270246.62
329000.0,225210.64
94000.0,149472.77
235000.0,426939.3
145000.0,167692.27
390000.0,277308.16
129000.0,99552.35
140000.0,155105.78
275000.0,204675.64
115000.0,130325.14
150000.0,134895.33
215000.0,212868.64
87500.0,105126.18
285000.0,231989.72
154600.0,159975.55
130000.0,175963.75
46654.0,49957.39
270000.0,195259.62
520000.0,536900.4
97000.0,118784.81
229000.0,219830.62
69500.0,77420.61
94000.0,133717.98
175000.0,154410.84
88000.0,141988.36
97000.0,93861.19
335000.0,250317.03
138000.0,160977.34
139900.0,121489.375
107500.0,177741.9
93000.0,83386.836
135000.0,127730.69
120460.0,111762.91
490000.0,547828.5
126000.0,131097.42
175000.0,263938.75
210000.0,290012.66
390000.0,246004.11
115000.0,111455.12
149000.0,125928.4
770000.0,688711.75
45000.0,49206.688
179900.0,186614.77
84141.0,80147.016
350000.0,522336.66
179900.0,157339.69
115000.0,114972.47
175000.0,117359.836
270000.0,312099.3
90000.0,111733.766
69000.0,58623.926
89900.0,100980.35
154000.0,182333.83
330000.0,473016.6
118000.0,128954.26
80000.0,86843.62
160000.0,131488.28
155000.0,142148.89
89500.0,87841.29
189418.0,162013.64
259000.0,216780.03
66700.0,70604.31
81000.0,72817.414
115000.0,127525.36
66150.0,72800.29
155000.0,175307.2
120000.0,143912.75
75900.0,72909.25
458000.0,440257.75
200000.0,174134.69
120000.0,92433.8
56000.0,60153.6
120000.0,125492.4
79000.0,76100.836
152000.0,139191.47
45000.0,57434.35
230000.0,190791.69
69000.0,122429.055
157200.0,150791.2
110000.0,129979.79
198000.0,182367.83
110000.0,94312.7
225000.0,258424.92
115000.0,81700.68
159000.0,222343.94
580000.0,512624.28
59900.0,98920.14
175000.0,138902.38
80850.0,118808.08
190000.0,289095.72
195000.0,246199.52
135000.0,118121.805
185000.0,213785.92
190000.0,165418.95
180000.0,230512.33
160000.0,262168.66
110000.0,97274.46
270000.0,377117.56
122900.0,116464.48
176628.0,269572.4
184800.0,217204.05
135000.0,146741.66
155000.0,139521.4
230000.0,184710.08
240000.0,236953.25
72000.0,70201.4
68900.0,91073.01
250000.0,289111.62
240000.0,333318.84
172329.0,168807.38
84000.0,98356.54
240000.0,230331.45
131000.0,163165.66
215000.0,246403.81
195000.0,202534.0
169000.0,192673.6
97000.0,82288.8
135000.0,112802.76
158000.0,185339.55
89000.0,76983.61
99990.0,117375.14
110000.0,110609.336
84200.0,96847.625
165000.0,161124.88
169000.0,209760.62
299500.0,286943.7
115000.0,90322.78
105000.0,77654.28
155000.0,134558.36
420000.0,343809.12
450000.0,644868.2
310000.0,361804.38
125000.0,108552.85
79900.0,71639.555
269000.0,249705.11
150000.0,144783.28
129900.0,120861.72
89000.0,70248.89
220000.0,298492.25
149000.0,175872.5
220000.0,186297.39
103900.0,102819.195
145000.0,148625.61
139000.0,302048.8
75000.0,60545.02
135000.0,172743.42
80000.0,108534.984
890000.0,931991.5
167000.0,167200.8
289000.0,201763.3
120000.0,141072.8
92000.0,72848.89
69900.0,65456.742
105000.0,94622.03
150000.0,119539.61
195000.0,161947.8
190000.0,301645.38
180000.0,143514.48
231900.0,176512.58
140000.0,146983.67
259000.0,253433.47
110000.0,126464.68
85000.0,111733.766
187000.0,231552.06
210000.0,183692.38
149000.0,237724.34
107000.0,96584.47
238000.0,230632.45
170000.0,127918.3
1300000.0,952742.06
140000.0,147983.62
137000.0,114794.21
55928.0,56887.555
229500.0,223149.89
125000.0,229676.2
220590.0,201118.22
183000.0,156167.28
145000.0,153800.53
189000.0,206206.55
230000.0,272622.44
119500.0,198406.19
115000.0,87408.984
89500.0,79631.1
275000.0,250060.36
125000.0,214229.69
112000.0,125769.03
100000.0,78913.89
76000.0,104215.0
119000.0,138178.5
110000.0,84543.33
64000.0,74825.805
395000.0,416211.2
195000.0,260512.89
140000.0,92965.28
480000.0,372065.1
155000.0,143703.95
88000.0,113387.555
69000.0,84045.96
158000.0,173350.78
189000.0,259081.69
400000.0,441707.2
730000.0,1029582.0
55000.0,71420.61
88000.0,89480.56
175000.0,168013.92
820000.0,1021093.2
89000.0,89373.766
51000.0,51266.414
195000.0,181715.61
165000.0,161249.61
93000.0,88545.39
290000.0,295513.53
120000.0,196550.14
155000.0,160545.69
130000.0,104004.516
310000.0,377116.97
180000.0,166046.78
59000.0,69174.14
120000.0,104525.17
79600.0,82582.33
168000.0,193790.33
112499.0,97442.96
85000.0,108496.336
159000.0,197593.78
953000.0,707735.0
134000.0,147259.38
135000.0,109958.87
110000.0,90164.516
198000.0,297273.84
110000.0,112875.7
159000.0,177126.48
89500.0,101984.516
313000.0,300879.97
143000.0,165859.27
1300000.0,1201879.5
500000.0,410941.72
120000.0,113561.66
103520.0,101614.26
157000.0,165646.98
600000.0,591883.75
294000.0,243871.42
63000.0,73007.305
94000.0,134749.9
110000.0,69581.03
850000.0,971806.1
308000.0,210393.58
180000.0,132246.66
105000.0,131472.97
109000.0,120024.68
72000.0,58175.637
93000.0,141496.92
107000.0,86795.12
330000.0,166472.78
110000.0,110516.28
68000.0,69788.76
60000.0,74398.2
45000.0,39175.945
85000.0,153599.5
139900.0,217919.02
220000.0,201443.52
220000.0,302042.9
195000.0,144516.78
112000.0,95758.414
168500.0,225548.45
90000.0,132769.05
239000.0,267756.22
147000.0,210764.94
45000.0,49872.57
139000.0,146089.42
195000.0,145149.23
75000.0,103251.97
470000.0,492869.94
69000.0,81824.09
425000.0,358371.75
125000.0,128436.086
489000.0,437020.34
69900.0,82908.84
85000.0,105524.55
180000.0,170958.55
165000.0,207716.03
79000.0,79237.81
145000.0,114669.12
269000.0,438596.3
145000.0,133609.92
74900.0,106153.336
750000.0,729424.94
125000.0,92555.76
265000.0,271017.0
114000.0,123148.516
122000.0,119838.234
79000.0,67956.58
230000.0,245778.69
425000.0,356541.75
99000.0,201017.98
139900.0,124056.72
110051.0,109819.2
415000.0,330042.3
152000.0,179709.05
150000.0,158969.03
49000.0,50386.4
198000.0,164624.83
149000.0,197829.86
385000.0,406301.72
420000.0,305404.28
269000.0,247852.33
195000.0,242684.0
125000.0,125117.17
155000.0,150949.55
168000.0,191988.5
223000.0,245911.73
104500.0,141173.28
168000.0,160017.08
109500.0,111325.414
375000.0,270910.5
289000.0,282408.62
270000.0,277653.12
218000.0,191185.61
330000.0,286538.03
260000.0,318421.0
240000.0,275748.94
180000.0,227629.14
170000.0,173729.77
148000.0,150374.22
124900.0,118644.71
166068.0,168807.38
223000.0,148822.55
99000.0,132731.45
150000.0,128977.41
125000.0,129031.664
168000.0,151510.53
99000.0,105271.516
99000.0,105773.016
530000.0,543265.2
280000.0,238225.4
100000.0,116741.56
118000.0,112059.31
225000.0,310142.22
115000.0,103734.734
115000.0,112627.39
149900.0,231559.67
84000.0,58366.445
42000.0,40741.33
60000.0,75722.445
599000.0,588884.6
125340.0,91889.11
198000.0,252111.38
92000.0,96077.36
210000.0,209333.23
125000.0,107851.336
110000.0,128839.016
85000.0,84744.62
80000.0,78415.945
112000.0,114235.29
750000.0,798285.8
300000.0,462530.3
81900.0,74833.2
166000.0,128087.72
145000.0,129060.54
39500.0,42946.703
85289.0,66226.34
60000.0,49314.676
55000.0,78197.44
69000.0,114326.836
125000.0,108639.79
52000.0,59559.504
245000.0,197892.52
240000.0,195408.2
120000.0,123427.95
289000.0,349737.9
156000.0,122751.65
300000.0,423628.06
109900.0,128051.78
290000.0,339759.0
225000.0,258424.92
89000.0,84604.92
260000.0,277929.34
255000.0,267808.62
220000.0,177218.33
139500.0,123237.89
99999.0,121705.62
149000.0,155174.61
99000.0,108399.164
112000.0,102985.49
230000.0,236052.6
225000.0,244189.47
85000.0,84394.086
490000.0,541949.44
205000.0,145804.64
110000.0,123235.15
92000.0,125116.945
235000.0,260995.88
120000.0,162596.08
129000.0,171671.5
510000.0,745267.7
95000.0,108193.43
97000.0,124284.05
79660.0,85880.34
83500.0,99070.25
98000.0,93891.56
125000.0,114215.19
74000.0,67452.19
179000.0,146681.44
60000.0,76890.11
70000.0,89187.125
98700.0,112680.15
63900.0,102769.26
190000.0,167603.81
430000.0,222787.11
110000.0,153587.89
77000.0,88652.836
350000.0,203104.2
232000.0,195983.11
95000.0,99531.805
130000.0,141059.34
695000.0,225085.83
178000.0,338752.4
93000.0,86703.33
129000.0,144345.5
163000.0,137475.53
56000.0,50559.086
150000.0,128894.48
78500.0,73482.87
350000.0,305789.53
76000.0,75840.44
58000.0,73833.95
53000.0,57724.305
160000.0,167951.95
250000.0,311060.75
258500.0,143506.14
68000.0,87783.74
300000.0,261225.88
395000.0,373831.22
185000.0,217792.27
270000.0,270387.7
145000.0,102752.63
110000.0,166055.02
63000.0,76080.586
72000.0,100047.59
697000.0,465488.75
78000.0,72153.17
50000.0,75747.6
112000.0,121621.1
1300000.0,980393.6
174800.0,152766.72
135000.0,189503.86
97000.0,145883.5
118417.0,118507.055
195000.0,212394.62
590000.0,489643.72
167000.0,130417.5
1100000.0,1029433.75
224780.0,239870.67
62000.0,45337.215
69900.0,77293.34
78000.0,77601.01
51000.0,71199.15
239900.0,373644.7
69000.0,86882.055
750000.0,610727.7
55000.0,67795.96
63500.0,89448.586
56000.0,164038.77
220000.0,327047.5
105000.0,102647.67
61000.0,94109.58
245000.0,301130.16
194000.0,225998.28
38000.0,56962.54
270000.0,234710.69
249000.0,236229.19
85000.0,100599.03
290000.0,272024.84
96000.0,174269.03
145000.0,206498.11
50100.0,62774.77
85000.0,86992.02
78500.0,110967.43
80000.0,79457.79
105000.0,142242.22
119000.0,115423.11
145000.0,135640.52
1200000.0,601579.9
160345.0,139582.72
1050000.0,646325.1
135000.0,149791.23
62000.0,65572.7
125000.0,195233.98
300000.0,272517.3
120000.0,98806.266
140000.0,95241.77
157000.0,163041.17
105000.0,125010.11
295000.0,344953.16
474300.0,328057.4
78000.0,79231.9
105000.0,157645.94
190000.0,218789.86
500000.0,687883.44
398000.0,383361.34
180000.0,218481.02
115000.0,105399.01
75000.0,86725.72
89000.0,95611.46
65000.0,86618.88
1200000.0,434472.1
132500.0,113935.16
70000.0,54206.39
124000.0,135229.3
200000.0,205839.73
720000.0,488224.97
155000.0,153149.45
74900.0,104132.85
115000.0,119807.055
94900.0,108930.07
54000.0,92902.79
99000.0,172468.4
187000.0,220887.25
140000.0,227895.9
186000.0,237682.92
195000.0,233767.97
180000.0,266179.88
204604.0,220649.66
79000.0,80446.91
48000.0,54038.598
135000.0,96148.22
95000.0,141849.03
54000.0,67599.28
460000.0,364585.25
78050.0,72164.96
114000.0,108146.42
238000.0,243075.17
225000.0,240243.4
105000.0,106558.22
490000.0,486350.5
95000.0,92800.59
450000.0,413523.34
450000.0,316558.25
245000.0,296227.1
52000.0,63248.7
105000.0,134431.92
129000.0,148913.94
199000.0,238010.42
1080000.0,644738.7
127000.0,142857.39
179900.0,128612.31
195000.0,253060.62
69000.0,85963.77
65000.0,95751.695
199900.0,200763.17
91000.0,84863.27
88368.0,82769.88
127500.0,158891.31
69972.0,83009.07
85000.0,87905.22
71000.0,68767.68
329000.0,249089.75
89500.0,103261.07
1390000.0,1151815.8
540000.0,355221.06
56000.0,66249.96
128000.0,156409.56
278000.0,204096.1
119999.0,81963.2
290000.0,295980.4
134000.0,128353.484
87000.0,125931.48
63000.0,64318.188
110000.0,89395.55
364000.0,406627.34
60000.0,62945.402
220000.0,182231.17
125000.0,104954.16
115000.0,124728.81
189500.0,230587.62
189000.0,165562.3
130000.0,196653.62
152000.0,175518.95
45000.0,57831.586
165000.0,281705.62
110000.0,103409.96
270000.0,277218.03
138000.0,217131.95
80000.0,78903.1
184000.0,115368.68
195000.0,198331.05
398000.0,383361.34
250000.0,201270.92
219000.0,248201.33
145000.0,110655.09
45000.0,48674.406
143000.0,133522.55
85000.0,111532.73
149000.0,150716.88
153000.0,106558.49
185000.0,173786.44
175000.0,202709.98
179000.0,144493.61
105000.0,100599.67
180000.0,198305.78
85000.0,89501.97
95000.0,99744.93
338000.0,361413.06
625000.0,354331.1
185000.0,139464.25
200000.0,192153.94
160000.0,146979.73
75000.0,123710.33
549900.0,609144.1
155000.0,184630.22
320000.0,363885.1
160000.0,114600.7
120000.0,176342.64
130000.0,94065.234
100000.0,91863.516
598000.0,558616.0
135000.0,281634.75
98000.0,143301.66
138000.0,109330.75
275000.0,325284.62
67000.0,134827.73
50000.0,71871.17
115000.0,104763.55
117000.0,142584.4
100000.0,105523.43
450000.0,453580.22
160000.0,152611.9
260000.0,162516.42
440000.0,449383.9
163000.0,143856.34
45000.0,51487.203
55000.0,82770.56
77000.0,86326.71
260000.0,230379.11
69900.0,82748.945
125000.0,116532.12
450000.0,381924.25
89000.0,138869.5
89900.0,105261.57
72000.0,64531.02
110000.0,101298.43
280000.0,245494.23
189500.0,198701.52
155000.0,136361.52
165000.0,191202.89
410000.0,343860.1
159873.0,168807.38
132000.0,125948.42
179540.0,195789.98
64990.0,76449.63
139900.0,90798.46
139000.0,159777.84
129000.0,125139.52
79900.0,140817.23
445000.0,540715.06
90000.0,85192.67
150000.0,140296.61
89000.0,92748.77
69500.0,72029.27
119000.0,142021.2
95000.0,83967.84
157905.0,160661.47
220000.0,215448.03
149000.0,195400.56
285000.0,262009.31
79000.0,63278.01
180000.0,151713.6
72000.0,76861.016
570000.0,808317.06
84000.0,86789.3
85000.0,110270.266
430000.0,199626.08
158000.0,129623.625
495000.0,577781.7
215000.0,257041.55
312273.0,326077.97
175000.0,195233.98
89900.0,74304.83
99000.0,114673.74
139000.0,161239.81
360000.0,714236.3
299000.0,209955.89
299000.0,230183.48
96800.0,103038.83
890000.0,596320.06
295000.0,254231.98
110000.0,98841.164
99000.0,102796.88
417000.0,421377.25
185000.0,256809.12
700000.0,582401.8
114900.0,125203.24
203000.0,154630.28
225000.0,180183.67
239000.0,152963.56
70000.0,100544.3
159900.0,136236.22
110000.0,82194.35
430000.0,399395.16
191520.0,166028.45
127000.0,124623.57
104900.0,103665.39
219999.0,191213.67
430000.0,668560.94
119000.0,161734.3
92000.0,93399.02
255000.0,245526.64
168000.0,155775.97
249000.0,267170.16
95000.0,107750.91
60000.0,112326.15
145000.0,111770.86
175000.0,166048.28
310000.0,290588.03
70000.0,71246.18
230000.0,209050.06
149900.0,166287.52
398000.0,383361.34
89000.0,101420.63
55000.0,69837.9
45000.0,62475.75
55000.0,65060.062
108000.0,109011.484
300000.0,304219.2
100000.0,74877.11
95000.0,144783.28
75000.0,117086.22
360090.0,356743.3
113000.0,110520.94
99000.0,102006.31
150000.0,129306.33
78000.0,116091.2
79000.0,73961.74
435000.0,361307.72
75000.0,99452.19
490000.0,356792.9
270000.0,198801.97
179900.0,256663.45
880000.0,665950.1
108000.0,86710.5
68000.0,71632.83
120000.0,232357.36
115000.0,187645.4
98000.0,138354.78
146000.0,110111.586
60703.0,84503.53
154000.0,163422.34
129800.0,141743.34
72500.0,85631.14
108000.0,95749.82
149000.0,136917.2
110000.0,154610.17
140000.0,156990.61
38000.0,47422.57
118000.0,123127.625
110000.0,124396.914
65000.0,84557.36
256000.0,237353.11
345000.0,299383.2
62000.0,78674.92
79000.0,74549.266
219000.0,333361.3
99500.0,108803.46
690000.0,565552.3
439900.0,509355.12
157207.0,181815.77
188000.0,234310.92
114000.0,107824.23
132000.0,166286.98
55000.0,56265.84
186533.0,166691.17
105000.0,127992.875
249500.0,276693.72
175000.0,158152.02
230000.0,233189.39
120000.0,145710.64
589628.0,328754.06
250000.0,260935.5
571100.0,355407.8
177000.0,153807.84
700000.0,394735.88
105000.0,124009.43
165000.0,153729.97
120000.0,105087.37
110000.0,132323.92
85000.0,90905.234
224000.0,224009.33
80000.0,159028.22
104500.0,136476.28
64600.0,56714.53
119000.0,120452.055
170000.0,143212.83
65000.0,64474.34
280000.0,324339.0
128000.0,160099.86
135000.0,158243.19
88000.0,72879.914
270000.0,265248.4
130000.0,147707.0
475000.0,916702.56
129000.0,119207.97
181000.0,139191.47
138000.0,163074.47
92000.0,96077.36
89000.0,56267.68
160000.0,112984.46
163000.0,199659.8
310000.0,305949.0
155000.0,126719.39
99900.0,134313.47
260000.0,196524.31
299900.0,240530.7
320000.0,402402.8
159000.0,227905.38
28000.0,65832.92
172000.0,148114.89
150000.0,139998.78
140000.0,155345.28
128000.0,77322.28
275000.0,304649.16
239000.0,257983.39
122000.0,132857.89
150000.0,183441.92
79500.0,79284.31
119000.0,143935.62
134000.0,103633.984
269000.0,230183.42
215000.0,183510.44
47000.0,66264.37
310000.0,217256.25
64000.0,75914.23
98000.0,118343.38
55000.0,70063.3
340000.0,406504.66
91000.0,99976.01
110000.0,115990.57
75000.0,82547.21
155000.0,237040.48
218000.0,234249.44
120000.0,106911.03
169000.0,181632.23
750000.0,560455.3
320000.0,277629.62
115000.0,120941.266
159000.0,181368.14
59500.0,116769.42
185000.0,173648.69
420000.0,375947.8
85000.0,96335.16
360000.0,434717.28
84000.0,89673.164
94000.0,84801.62
263000.0,474308.84
200000.0,161672.31
145000.0,168331.19
295000.0,216300.88
60000.0,108907.77
206000.0,100570.94
430000.0,248639.89
145000.0,155324.6
790000.0,566340.5
175000.0,158840.17
99000.0,166702.27
109000.0,143854.67
89000.0,114991.3
52000.0,69157.2
147000.0,127329.875
205000.0,217528.69
440000.0,402354.16
295000.0,151457.48
135000.0,272256.78
212800.0,93984.97
109900.0,131623.56
82584.0,71966.234
299000.0,625527.44
108000.0,174764.22
68000.0,84723.26
199500.0,157603.23
142000.0,114582.59
64800.0,58541.4
154000.0,130528.805
119000.0,132958.3
197000.0,114665.64
54900.0,72464.55
67500.0,104891.81
69000.0,75390.32
79900.0,79036.305
98000.0,69962.67
115000.0,110669.77
450000.0,394109.66
59000.0,79544.71
148800.0,137426.36
124988.0,133619.38
170000.0,180502.83
770000.0,851565.3
400000.0,384750.0
52000.0,63224.105
339000.0,404205.66
119000.0,166413.86
122900.0,106190.33
245000.0,282618.62
200000.0,184080.67
213000.0,217792.0
148000.0,192051.2
105000.0,110833.336
65000.0,70008.695
98000.0,113339.18
90000.0,117056.19
130000.0,119689.266
300000.0,266138.44
169900.0,155329.14
189200.0,252280.08
130000.0,116131.08
198000.0,148335.02
179000.0,224408.8
142000.0,139166.08
585000.0,561311.75
225000.0,258652.73
75000.0,83659.17
89900.0,153969.17
80000.0,125611.42
89000.0,100458.39
160000.0,148796.3
102999.0,122376.16
95000.0,109557.484
85000.0,97019.41
64000.0,58262.574
249900.0,196810.78
145000.0,134744.1
89000.0,109304.39
119000.0,158225.03
300000.0,304700.28
169000.0,165348.02
64900.0,72983.164
495000.0,505967.66
67000.0,102801.21
65000.0,99740.11
91821.0,95470.34
84900.0,113663.46
980000.0,686857.8
42000.0,73192.63
145000.0,134746.42
140000.0,142206.69
570000.0,511811.22
85000.0,87136.18
210000.0,187793.33
440000.0,365895.1
85000.0,85633.516
43000.0,62405.4
560000.0,392915.5
178000.0,201125.14
85000.0,87079.695
215000.0,215206.73
480000.0,382063.84
143900.0,151720.86
96000.0,139573.78
140000.0,166493.38
55000.0,63506.465
48000.0,59953.42
320000.0,344833.03
90000.0,74303.84
268000.0,185136.72
361000.0,312022.2
32703.0,110941.29
290000.0,434369.25
94000.0,74154.32
199000.0,175067.72
149900.0,142673.39
403000.0,423090.9
119000.0,121369.92
295000.0,370022.12
67000.0,102138.016
74890.0,109467.71
169000.0,155184.42
298000.0,522197.9
205000.0,250999.69
102000.0,83033.63
85000.0,142309.73
45000.0,50412.766
179000.0,169129.06
350000.0,665606.6
115000.0,88492.41
199000.0,176527.27
210000.0,201521.81
130000.0,169495.34
121000.0,129724.84
360000.0,399981.5
124000.0,158475.45
279000.0,418882.88
670000.0,919349.6
114900.0,85334.68
190775.0,199170.56
71100.0,55201.863
699000.0,477789.06
79000.0,103235.73
89000.0,93641.13
105000.0,68679.63
210000.0,179597.67
280000.0,279718.7
240000.0,205409.36
115000.0,136984.17
580000.0,548150.75
106999.0,153823.94
149000.0,146989.38
89000.0,102905.57
72000.0,99292.875
520000.0,491591.75
389000.0,544535.06
128675.0,156409.56
590000.0,555696.4
140000.0,174929.73
168000.0,171054.34
360000.0,269154.0
570000.0,539537.2
204700.0,195064.55
219000.0,181097.33
400000.0,363889.66
265000.0,178208.27
550000.0,724504.44
175000.0,210085.8
185000.0,154065.61
180000.0,210582.38
65000.0,63431.055
145000.0,103388.58
66000.0,75464.836
1300000.0,1285234.4
165000.0,190863.23
340000.0,310209.5
127500.0,158357.78
330000.0,233572.9
145000.0,227523.06
165000.0,159385.42
520000.0,480954.06
79000.0,79861.766
220000.0,237458.02
100000.0,106311.43
75000.0,53533.12
128000.0,145270.83
69000.0,92039.086
64000.0,76979.375
150000.0,121923.63
134000.0,148270.23
128000.0,172613.83
198000.0,193909.98
99000.0,143615.69
152000.0,124401.68
65000.0,84557.36
112500.0,122500.625
140000.0,156196.12
170000.0,137770.42
260000.0,337341.5
119900.0,125879.875
103000.0,114127.33
159000.0,159871.86
240000.0,239752.45
265000.0,265275.5
170000.0,176917.75
39900.0,49872.57
79000.0,77903.84
110000.0,112162.25
96000.0,72796.555
66700.0,93999.9
182000.0,172436.69
75000.0,79570.836
145000.0,144681.36
115000.0,120806.16
330000.0,269154.0
160000.0,159979.17
319000.0,532813.2
129000.0,112081.93
250000.0,156869.47
67000.0,93763.41
84000.0,87507.96
195000.0,132642.86
165000.0,94264.734
75000.0,111539.3
149000.0,180251.56
356000.0,266943.62
79500.0,108672.41
275000.0,395605.5
137900.0,167692.72
190000.0,377468.03
115000.0,144081.8
98000.0,76103.05
139000.0,150736.14
390000.0,403350.3
158000.0,142392.39
87000.0,77347.89
135000.0,199190.02
155000.0,154865.39
1500000.0,1306422.4
235000.0,292888.88
135000.0,134211.34
425000.0,364283.44
200000.0,149285.88
280000.0,257881.95
260000.0,360211.88
95000.0,136496.52
600000.0,524440.44
340000.0,422499.22
159000.0,175299.2
149000.0,166272.34
72000.0,65695.65
160000.0,280820.03
299900.0,254099.28
174000.0,213208.72
55462.0,122760.56
75000.0,74473.05
470000.0,297650.1
125000.0,208435.81
90000.0,91341.2
89000.0,117317.67
189000.0,284412.62
69900.0,69255.77
195000.0,227911.61
370000.0,413819.1
190000.0,191901.83
140000.0,147281.19
178000.0,246381.47
55000.0,54732.188
215000.0,212678.86
108000.0,231105.6
79900.0,101794.62
99000.0,86542.555
200000.0,258412.23
85000.0,77617.65
360000.0,469959.44
290000.0,276566.34
195000.0,121150.72
80000.0,78214.25
60000.0,67040.74
390000.0,426190.88
245000.0,220794.42
175000.0,203604.11
109000.0,143559.55
99000.0,107598.64
280000.0,256769.5
255000.0,230819.61
185000.0,294346.47
190000.0,247666.14
142000.0,222062.16
129000.0,133973.97
241000.0,279891.72
78000.0,69692.336
291000.0,343563.25
110000.0,98685.305
199000.0,232201.88
95000.0,117237.336
1350000.0,1013752.75
89500.0,86442.484
79900.0,94154.36
92000.0,75747.58
225000.0,264079.8
185000.0,153197.92
530000.0,568763.2
135000.0,142567.55
115000.0,160313.19
90209.0,82769.88
95000.0,92619.47
80000.0,95316.61
130000.0,151637.62
150000.0,184942.36
92000.0,99387.51
89000.0,100935.625
199000.0,166490.98
260000.0,331550.3
83000.0,83273.875
128000.0,121259.75
76000.0,70371.83
206000.0,148696.23
175000.0,268341.66
490000.0,471457.5
520000.0,559622.7
80000.0,82119.32
102900.0,113033.71
389900.0,422592.7
96300.0,114236.54
215000.0,183432.1
75000.0,105157.53
94500.0,99694.63
130000.0,140559.88
268000.0,127518.484
180000.0,259500.94
98000.0,118475.27
82000.0,172767.3
180000.0,68995.625
200000.0,128960.22
365000.0,250466.53
395000.0,538352.75
187000.0,157669.89
180000.0,333815.6
219900.0,236945.44
75000.0,83464.02
55000.0,85478.37
295000.0,294913.3
169800.0,131391.67
72000.0,84640.625
285000.0,282893.25
408000.0,318301.62
199500.0,182714.47
58000.0,77794.53
115000.0,82084.01
75000.0,86194.266
375000.0,175832.97
150000.0,144619.66
85000.0,110600.86
160000.0,113740.16
156000.0,139509.56
117779.0,160205.12
94500.0,109939.02
104900.0,71785.305
205000.0,123338.43
75000.0,70138.96
220000.0,156211.8
127000.0,169343.55
208000.0,157412.0
125000.0,173532.58
490000.0,461827.8
59500.0,67799.9
185000.0,194168.98
690000.0,467547.66
750000.0,1069558.8
90000.0,103071.26
88000.0,125028.83
90000.0,107484.3
450000.0,300471.47
88000.0,133220.42
125000.0,113396.95
650000.0,450266.16
56000.0,68562.84
190000.0,182272.92
99000.0,91819.79
870000.0,880402.7
345000.0,311654.4
143000.0,106970.68
159000.0,147979.7
290000.0,293016.88
150000.0,97456.39
595508.0,500574.78
85900.0,84004.65
82000.0,100518.15
168000.0,198345.25
538000.0,475236.34
370000.0,320286.0
88000.0,96442.055
145000.0,173037.77
59000.0,61395.074
105000.0,98841.164
43000.0,51757.01
155000.0,119449.836
124000.0,145054.47
135000.0,118065.27
259500.0,296878.94
125000.0,149413.83
140000.0,225687.2
185000.0,186727.05
130000.0,124426.6
142000.0,132081.77
169000.0,159409.92
61500.0,78823.59
62000.0,105050.92
270000.0,261741.27
155000.0,213469.9
175000.0,178628.1
350000.0,262013.75
164000.0,199959.75
275000.0,324908.1
140000.0,80957.98
189000.0,191574.0
102000.0,127817.57
160000.0,207543.95
116025.0,144292.73
99500.0,85086.98
62000.0,83915.53
95000.0,98634.18
174900.0,130439.72
255000.0,234635.45
84000.0,100696.26
105000.0,124920.875
220000.0,236291.97
780000.0,829109.75
280000.0,225597.03
60000.0,113992.34
333000.0,308573.8
670000.0,566054.1
240000.0,226144.12
85000.0,89345.766
72000.0,78093.484
77000.0,73814.5
225000.0,213842.52
169900.0,204117.23
159000.0,241564.81
165000.0,224010.14
67500.0,67285.61
169900.0,251940.84
220000.0,243080.34
231900.0,176512.58
142000.0,181151.77
42900.0,46245.516
550000.0,569942.6
110000.0,142992.14
220000.0,227061.23
150300.0,140674.61
192500.0,244738.75
137000.0,171533.44
120000.0,88806.65
215000.0,220482.8
690000.0,850388.8
359900.0,378915.78
92000.0,72899.69
65000.0,77933.336
274900.0,190861.28
198000.0,200041.33
120000.0,262818.7
107800.0,90715.05
95000.0,129032.19
310000.0,331173.4
119000.0,101599.4
185000.0,274875.38
74900.0,95904.13
78000.0,105082.99
90000.0,91605.29
160000.0,165554.58
265000.0,152229.48
77000.0,73607.984
92823.0,95470.34
199000.0,155586.7
235000.0,340317.7
365000.0,238271.17
59000.0,84747.89
205000.0,280625.9
205000.0,150200.55
126325.0,127786.12
890000.0,651463.9
138500.0,151834.67
510000.0,392915.5
230000.0,243124.86
82000.0,96523.91
187900.0,132579.6
1200000.0,1159932.6
79000.0,81266.1
250000.0,287367.56
67000.0,67526.14
206016.0,217947.88
148000.0,160217.06
108000.0,109800.58
210000.0,255237.64
89500.0,98302.25
139000.0,153601.52
985000.0,982905.56
130000.0,173528.14
199000.0,161079.88
125000.0,106922.01
320000.0,370919.84
90000.0,98089.41
140000.0,198597.2
499000.0,526507.1
265000.0,310846.7
85000.0,84824.5
318000.0,257172.64
119000.0,118691.45
132000.0,169074.69
659900.0,610699.7
108000.0,86356.016
1200000.0,676120.5
115000.0,267070.12
99000.0,141901.0
98000.0,134252.75
120000.0,122971.836
65000.0,67040.74
470000.0,457599.4
109500.0,100224.125
50000.0,75210.84
95000.0,131870.7
73000.0,81039.95
160000.0,172293.12
170000.0,153307.94
95000.0,99611.3
63500.0,97338.47
98000.0,102496.51
120000.0,125460.74
158000.0,220651.77
119900.0,116643.66
169000.0,159409.92
99900.0,123284.17
220000.0,207837.05
195000.0,199807.72
275000.0,138976.89
170000.0,100462.32
114000.0,123148.516
230000.0,242879.19
139000.0,162671.17
285000.0,233197.19
455000.0,357792.06
148200.0,154034.12
155000.0,189762.83
69000.0,78295.56
115000.0,89707.086
160000.0,106322.38
160000.0,144801.77
97612.0,95427.586
370000.0,453339.0
75000.0,300775.47
95000.0,114787.93
295000.0,319251.25
46000.0,62302.312
105000.0,115051.62
66900.0,65667.79
230000.0,160880.06
168000.0,149297.48
127000.0,93666.38
104000.0,92939.6
260000.0,234635.45
304247.0,304556.75
89000.0,90130.72
1190000.0,1135827.5
140000.0,179571.94
850000.0,718827.4
198000.0,204227.78
320000.0,203462.45
128000.0,125555.95
157000.0,302048.8
150000.0,159477.69
230000.0,377279.22
499000.0,368520.4
168000.0,140857.31
1500000.0,1024469.75
165000.0,199140.97
119000.0,123674.66
120000.0,139514.05
260000.0,311498.25
221000.0,156305.47
197000.0,180229.31
149000.0,145998.72
159900.0,137109.28
135000.0,118157.78
69500.0,88221.29
85000.0,107737.57
80438.0,86307.91
650000.0,429544.75
130000.0,104582.414
289000.0,273230.6
375000.0,241103.7
119000.0,151940.22
84900.0,91755.39
740000.0,681689.2
204815.0,176186.17
67000.0,76902.56
119000.0,115818.71
104500.0,80789.52
104200.0,132997.17
650000.0,921074.5
65000.0,192992.03
665000.0,942212.0
180000.0,312686.16
550000.0,534125.1
99000.0,96408.39
125000.0,83382.04
185000.0,259934.6
253000.0,171736.86
300000.0,240651.81
131300.0,107246.12
95900.0,96695.945
245000.0,291261.22
185000.0,178295.39
85000.0,92676.31
145000.0,150117.61
92000.0,75080.77
182000.0,202162.45
180000.0,143081.69
220000.0,212038.42
199000.0,249630.02
118000.0,123148.516
58000.0,88715.95
310000.0,237699.4
37900.0,57716.605
75000.0,105816.3
145000.0,121450.44
750000.0,382806.8
440000.0,462754.97
850000.0,705608.06
228000.0,188539.16
250000.0,318909.9
88000.0,83864.445
103000.0,122696.38
210000.0,251749.78
430000.0,496168.94
70000.0,79240.234
123000.0,93686.54
99000.0,99439.56
120000.0,129739.555
67500.0,104891.81
160000.0,111486.055
155000.0,130072.945
185000.0,139874.42
76700.0,85810.18
200000.0,232527.19
169000.0,169514.0
160000.0,176410.56
59000.0,90367.13
240000.0,329764.12
179300.0,168827.3
210000.0,312504.28
220000.0,159314.6
155000.0,95906.51
120000.0,92767.914
145000.0,137980.47
195000.0,261214.02
155000.0,176841.22
120000.0,132831.8
163000.0,147546.12
158000.0,197588.33
63750.0,76242.43
140000.0,149906.33
119000.0,160869.33
63000.0,55731.348
63000.0,59735.227
400000.0,276835.72
199900.0,136572.44
209000.0,163741.72
426000.0,367409.4
97000.0,87922.22
65000.0,60508.13
125000.0,118731.21
70000.0,66447.97
77000.0,101349.05
135000.0,138083.17
120000.0,97069.86
459000.0,491932.6
260000.0,173265.88
92000.0,114347.734
66600.0,74243.77
174000.0,146194.34
119000.0,146636.08
110000.0,105654.695
430000.0,343750.28
125000.0,119342.92
500000.0,573555.25
59500.0,66644.67
55000.0,68852.11
89700.0,71146.42
375000.0,390755.0
50000.0,88218.25
425000.0,595995.25
155000.0,138399.88
99900.0,78821.89
276000.0,300650.25
345000.0,261739.27
195000.0,246938.61
270000.0,277501.78
780000.0,716728.3
104000.0,130550.93
90000.0,112929.84
64000.0,85499.31
700000.0,512345.94
53500.0,62960.824
55000.0,64881.145
89000.0,98502.56
115000.0,100526.36
220500.0,249172.39
77000.0,85228.86
255000.0,241394.39
92000.0,102781.914
54500.0,45937.953
395000.0,410083.03
70000.0,71221.89
290000.0,271273.56
310000.0,298838.56
580000.0,659161.56
54000.0,66429.56
579000.0,914394.8
175000.0,179949.56
245000.0,219942.98
285000.0,327626.66
250000.0,197515.45
282000.0,226667.7
55000.0,61845.516
460000.0,335092.3
132000.0,230407.4
239000.0,307075.6
240000.0,308458.88
130000.0,1285234.4
150000.0,227785.56
135000.0,95878.586
389000.0,322818.94
65000.0,112066.32
139000.0,154672.52
151000.0,134534.3
79000.0,92731.47
139500.0,176595.03
288000.0,231664.84
260000.0,215341.9
101383.0,104170.6
104200.0,121282.98
85500.0,76088.93
49500.0,65964.586
180000.0,146500.47
130000.0,88168.664
47000.0,49967.64
215000.0,140913.33
240000.0,226501.66
84000.0,109322.4
360000.0,270122.9
57900.0,51135.418
329000.0,269102.88
890000.0,628643.8
130000.0,175825.12
698000.0,561033.4
149000.0,118522.58
245000.0,248514.08
899900.0,624278.4
60000.0,71080.61
65000.0,76536.73
225000.0,178915.9
268000.0,269470.84
72999.0,60845.168
85000.0,80037.41
87000.0,84579.78
49500.0,61788.793
124900.0,135434.44
85000.0,92296.516
119000.0,146379.89
720000.0,552029.25
163000.0,148031.34
270000.0,268358.7
490000.0,296261.38
63000.0,72004.56
99000.0,93216.32
195000.0,180384.42
115000.0,114138.555
269000.0,247852.33
195000.0,246684.62
49500.0,58175.25
81900.0,83277.33
370000.0,351824.66
566000.0,849514.9
79900.0,108540.516
134900.0,117432.66
169000.0,161731.84
95000.0,130542.5
169900.0,245936.95
110000.0,149485.11
74000.0,88513.45
59000.0,88378.86
450000.0,346292.84
415000.0,418926.1
89000.0,113445.67
190000.0,112024.984
68250.0,87610.1
198000.0,168386.95
350000.0,388562.47
410000.0,386007.22
65000.0,79887.55
165000.0,149034.3
110000.0,121230.445
390000.0,568924.25
65000.0,76973.7
69900.0,134521.56
275000.0,359827.9
280000.0,274398.75
52500.0,70067.71
73000.0,67289.68
141600.0,127406.54
107000.0,111029.24
155000.0,133941.11
79000.0,83058.65
135000.0,151810.66
180000.0,206153.72
320000.0,294539.47
249000.0,210867.75
37000.0,47439.08
690000.0,513900.25
65000.0,63580.383
89900.0,106132.88
148000.0,121449.39
310000.0,189882.86
116000.0,157430.22
400000.0,298087.16
135000.0,160107.7
199000.0,301934.62
230000.0,227955.2
87000.0,84055.45
83000.0,126958.875
78000.0,87381.31
475000.0,473557.6
299000.0,286131.4
115000.0,117864.72
250000.0,262859.44
290000.0,171740.98
105000.0,87255.13
44000.0,63622.664
150000.0,128591.41
129000.0,149933.08
210000.0,176911.34
82000.0,113537.61
1300000.0,1199708.9
300000.0,359215.06
210000.0,200568.75
56000.0,73857.5
80000.0,76507.49
270000.0,244013.78
179500.0,254114.7
920000.0,459205.5
70000.0,75146.43
850000.0,622581.44
115000.0,153602.97
125000.0,145367.47
72000.0,87538.06
129000.0,97047.77
162000.0,152545.64
220000.0,225877.89
280000.0,205469.94
105000.0,96198.03
105000.0,135488.22
150800.0,140780.0
89000.0,127700.43
155000.0,160651.52
450000.0,323982.16
185000.0,363437.94
160000.0,127813.29
315000.0,374300.4
292000.0,255755.94
60000.0,49658.734
119000.0,117420.695
196500.0,141924.31
120000.0,117766.7
128000.0,89020.78
73000.0,51790.84
99900.0,100856.14
240000.0,248616.77
120000.0,121175.49
130000.0,128545.234
75000.0,104744.88
283000.0,192064.95
95000.0,106497.41
62000.0,68981.42
78000.0,104591.71
225000.0,267661.25
470000.0,685393.56
69900.0,74092.195
119000.0,144468.2
450000.0,596443.25
192000.0,165097.28
169000.0,273892.84
360000.0,685397.0
105000.0,150057.2
90000.0,105244.32
175000.0,184517.88
137000.0,101390.71
97455.0,93719.375
105000.0,99857.62
349000.0,269830.66
114900.0,100397.13
115000.0,100020.32
295000.0,406284.72
109000.0,94931.01
200000.0,211524.38
70000.0,78765.66
129000.0,184844.34
127654.0,137236.58
630000.0,812700.4
89900.0,85142.055
146000.0,223250.5
230000.0,271933.88
255000.0,269668.25
190000.0,186315.39
195500.0,211207.3
85000.0,84250.45
105000.0,163141.55
131000.0,111580.48
83000.0,109600.76
133000.0,115668.44
158000.0,190597.31
53000.0,59557.758
109000.0,135301.64
50100.0,62774.77
270000.0,304700.28
40000.0,100790.59
95000.0,112234.2
85000.0,75467.6
75000.0,106293.54
80000.0,87045.836
85000.0,75465.27
297000.0,221454.67
95000.0,89373.766
255000.0,172940.88
85000.0,66453.836
235000.0,181237.3
135000.0,139910.56
198000.0,171466.86
45000.0,60863.875
65000.0,67152.99
159000.0,111575.37
220000.0,188241.11
215000.0,181815.77
340000.0,333017.44
82612.0,96847.625
88000.0,104421.516
640000.0,529525.44
359900.0,378915.78
205000.0,192851.33
60000.0,77882.44
200000.0,141421.88
65000.0,94837.39
72900.0,101906.12
92000.0,108859.48
159000.0,221402.14
125000.0,125071.305
850000.0,883620.1
160000.0,145044.27
65000.0,62523.91
190000.0,135354.08
195000.0,186897.73
89500.0,99821.7
170500.0,140126.1
299000.0,260640.33
112000.0,141306.45
229800.0,266433.25
427000.0,322145.28
125000.0,154002.58
172000.0,140137.33
550000.0,529324.44
39000.0,62304.59
240000.0,247771.83
118000.0,117502.86
65000.0,44648.184
255000.0,340221.7
125000.0,119948.16
210000.0,178615.1
260000.0,234851.06
79000.0,105833.55
699000.0,320029.03
355000.0,434174.78
140000.0,150870.45
160000.0,111486.055
129500.0,123871.71
49900.0,44254.92
139000.0,109290.25
320000.0,286506.84
135913.0,141372.08
118000.0,81248.836
74000.0,74533.26
265000.0,163981.77
110000.0,180940.19
339000.0,512681.56
210000.0,212761.34
55000.0,71651.234
155000.0,155228.61
310000.0,219185.92
88000.0,92905.664
268000.0,209663.1
140000.0,136400.62
185000.0,181937.08
269000.0,377012.3
210000.0,126138.66
135000.0,118195.414
94500.0,89286.266
136500.0,168954.33
135000.0,171195.28
208000.0,242330.67
103000.0,98064.945
115000.0,131246.02
175000.0,274065.1
1390000.0,769899.75
180000.0,260152.11
359000.0,415127.34
220000.0,163392.0
160000.0,233157.97
269000.0,285830.53
165000.0,204673.67
272300.0,197899.34
400000.0,383431.38
110000.0,110100.125
530000.0,505202.38
118000.0,130719.36
297000.0,323351.62
89000.0,111117.65
69999.0,69466.05
62000.0,75399.95
220000.0,214800.45
75000.0,82995.73
225000.0,147195.52
67000.0,80365.74
125000.0,156634.77
67000.0,74804.31
119000.0,177308.2
49900.0,50385.918
155000.0,186615.62
118000.0,125750.33
293000.0,354297.53
85000.0,74814.27
145000.0,103388.58
134000.0,164535.11
175000.0,164456.86
86900.0,91903.6
280000.0,223472.45
110000.0,106764.2
160000.0,131739.5
114000.0,109046.72
850000.0,883620.1
60000.0,55130.55
160000.0,124015.18
125000.0,153200.34
74000.0,92711.734
188000.0,183297.33
60000.0,94142.32
245000.0,294658.06
56000.0,74969.95
69300.0,75179.8
350000.0,339477.62
90000.0,104045.766
115000.0,131724.33
228000.0,222665.64
145000.0,197094.8
37000.0,48608.2
80000.0,108184.14
139000.0,123296.27
619000.0,692184.25
219000.0,180229.78
98000.0,115082.164
118000.0,139391.22
114000.0,110173.59
70000.0,80988.14
106900.0,103711.35
599000.0,610757.8
235000.0,254066.3
1430000.0,1112595.6
115000.0,68842.73
145000.0,160647.12
92000.0,97229.49
190000.0,217713.12
87000.0,105212.63
320000.0,273471.38
130000.0,148134.94
50000.0,60472.68
250000.0,289257.1
120000.0,96455.016
68000.0,60567.06
128000.0,122333.34
254900.0,207545.73
228000.0,162647.94
101100.0,119765.32
363000.0,444849.9
93000.0,103393.92
85000.0,139192.38
81000.0,59917.176
145000.0,117545.375
115000.0,118655.73
87000.0,65557.11
1400000.0,1090179.1
250000.0,331529.47
230000.0,185591.06
169000.0,135534.52
159000.0,185409.7
245000.0,205832.42
95000.0,129834.48
188000.0,100871.98
990000.0,844694.7
65000.0,104523.78
82000.0,89832.19
106500.0,110173.59
65000.0,77549.61
159000.0,203505.1
72500.0,139835.08
189000.0,165083.66
145000.0,156639.77
240000.0,275709.03
116500.0,127874.84
230000.0,243075.17
120000.0,129902.29
158000.0,202896.31
345000.0,302622.47
209000.0,294917.75
184900.0,159853.47
167000.0,180964.97
118000.0,195739.03
672000.0,548515.5
215000.0,216349.88
109900.0,103733.85
107500.0,140760.9
88000.0,76306.59
99000.0,114724.195
369900.0,330614.44
720000.0,469051.4
195000.0,183274.25
225000.0,244566.28
165000.0,155300.19
180000.0,168777.27
630000.0,626351.75
158900.0,142486.77
93000.0,105463.77
310000.0,216549.73
125000.0,132196.42
85200.0,77759.43
93410.0,82547.6
140000.0,118968.51
120000.0,148657.1
370000.0,247757.12
240000.0,192391.12
57350.0,76041.15
335000.0,320005.22
125000.0,127570.62
49500.0,98312.83
205000.0,150866.34
125000.0,178130.97
84000.0,104321.3
142000.0,219574.22
192375.0,197881.19
84000.0,80087.16
139000.0,109290.25
110000.0,99744.85
250000.0,401915.78
145000.0,141518.1
340000.0,232326.36
125000.0,109383.734
55000.0,74876.7
178000.0,499513.78
105000.0,97790.89
1355000.0,1148553.0
275000.0,189989.19
78000.0,61414.28
190000.0,235652.16
110000.0,200120.03
65000.0,74495.77
78000.0,72880.09
398000.0,523257.28
191000.0,159227.25
144900.0,130001.76
395000.0,345547.7
185000.0,224151.38
78500.0,63238.047
165000.0,138245.27
135000.0,104147.07
134000.0,108734.664
72500.0,79160.69
170000.0,168595.02
74000.0,290203.62
359000.0,363011.7
385000.0,279875.34
174000.0,134783.64
125000.0,122372.94
90000.0,103925.56
240000.0,258325.17
360000.0,360211.88
245000.0,137697.5
145000.0,103388.58
103000.0,129344.35
90000.0,93072.65
189000.0,131325.11
76000.0,82440.664
95000.0,111280.25
260000.0,285469.7
335000.0,321704.47
195000.0,255315.97
89000.0,86922.64
430000.0,470820.03
135000.0,143564.5
170000.0,117911.74
225000.0,408746.28
80000.0,152077.12
290000.0,403454.34
205000.0,194904.3
850000.0,934936.0
159500.0,148270.23
470000.0,380390.03
72600.0,99044.78
160000.0,184645.58
110000.0,114341.266
185000.0,151994.8
395000.0,405883.47
98900.0,112266.78
209000.0,176634.58
395000.0,338739.72
60000.0,66447.97
89000.0,95458.53
295000.0,274002.72
199000.0,272715.56
148000.0,104743.38
250000.0,162251.02
123000.0,148617.64
92000.0,86805.44
152000.0,160565.6
95000.0,92433.8
135000.0,103188.68
120000.0,115581.88
365000.0,447291.94
55000.0,46212.95
120000.0,111399.02
185000.0,180341.1
175000.0,192007.47
330000.0,404974.34
218000.0,199162.88
140000.0,168410.6
195000.0,208740.12
750000.0,432355.94
60000.0,62626.0
112000.0,118049.84
439000.0,287903.62
51000.0,64906.434
250000.0,210246.86
140000.0,191317.92
220000.0,218742.88
94999.0,103320.76
135000.0,112702.266
95000.0,105323.63
70000.0,65981.79
129900.0,151635.55
124600.0,144644.77
120000.0,107295.91
155000.0,227149.22
65000.0,92937.01
680000.0,675853.9
370000.0,381292.8
175000.0,145179.55
140000.0,165961.4
1390000.0,754241.1
160000.0,188137.36
90000.0,101432.49
164900.0,130439.72
79000.0,89999.68
220000.0,172494.47
172000.0,222969.02
85600.0,77976.17
78000.0,101745.16
269000.0,212028.27
190000.0,146296.52
78000.0,59504.387
173000.0,167274.4
130000.0,308266.94
299886.0,230294.28
230000.0,240647.62
190000.0,243395.47
110000.0,65314.984
235000.0,157157.34
82900.0,113020.66
129000.0,125489.33
219000.0,243082.05
130000.0,131337.19
150000.0,140310.66
129500.0,174730.44
156000.0,151506.36
80000.0,85531.69
225000.0,198764.47
125000.0,197924.52
540000.0,139118.69
180000.0,209857.06
420000.0,332152.9
63000.0,59796.98
149000.0,152888.89
99000.0,137175.89
75000.0,85800.92
115000.0,115561.516
106750.0,95791.84
110000.0,108714.555
129000.0,149870.58
530000.0,427577.0
119000.0,103278.04
245000.0,357844.25
149000.0,122700.52
58900.0,76731.73
99000.0,99208.38
130000.0,215458.28
113000.0,115533.99
97200.0,86281.92
172000.0,136824.9
129000.0,135529.47
298000.0,335078.3
205000.0,237838.55
270000.0,282114.5
79000.0,95213.914
179000.0,234632.69
85000.0,80326.164
78000.0,149062.9
300000.0,546041.2
119000.0,121352.695
144900.0,134588.56
234000.0,271185.3
145000.0,117498.805
580000.0,512624.28
68000.0,91658.64
207000.0,225471.7
255000.0,242693.92
82000.0,115917.61
95000.0,84550.56
760000.0,586019.9
198000.0,237342.83
157000.0,225244.0
430000.0,555258.5
320000.0,447642.44
990000.0,377875.66
78000.0,151037.5
168000.0,160545.69
830000.0,1086657.5
160000.0,249967.75
80000.0,98424.945
209000.0,219897.5
270000.0,257028.47
550000.0,774785.25
445000.0,403764.22
118000.0,123381.24
45633.0,68200.65
129000.0,213584.86
165000.0,209143.7
550000.0,446332.47
127086.0,159406.7
360000.0,463479.84
113500.0,93165.95
239000.0,231467.7
219000.0,298215.0
135000.0,164911.22
165000.0,169286.83
136000.0,114901.74
139000.0,209537.08
370000.0,465027.4
56500.0,79566.26
90000.0,88699.79
110000.0,124935.234
360000.0,378571.06
67900.0,86913.74
184000.0,186790.98
82840.0,69206.21
540000.0,667538.3
169000.0,166749.69
372000.0,367998.28
275000.0,257310.03
128000.0,166260.58
118000.0,96607.23
1480000.0,1156870.5
150000.0,251029.52
105553.0,108633.195
72000.0,97381.99
72700.0,75765.43
183000.0,178295.39
240000.0,279799.28
58000.0,77418.266
590000.0,719049.06
185000.0,232976.97
95000.0,104972.17
320000.0,351023.97
127000.0,116903.97
312000.0,272338.53
170000.0,220725.27
540000.0,363095.8
210000.0,244513.66
53000.0,51680.5
144900.0,178287.25
1290000.0,1100808.5
176000.0,160067.36
89000.0,86421.5
105807.0,121745.445
370000.0,192921.9
225000.0,303201.53
104000.0,137580.6
520000.0,494963.9
152000.0,160192.58
47000.0,44842.89
145500.0,110114.17
279000.0,361996.44
130000.0,175979.08
85000.0,68316.734
60000.0,90121.445
165000.0,124411.234
189000.0,222650.7
370000.0,221858.98
165000.0,202954.95
140000.0,179319.52
45000.0,61058.152
560000.0,538566.06
228000.0,251556.42
315000.0,253661.53
94000.0,80743.36
870000.0,676345.4
150000.0,211086.73
160000.0,147910.3
595000.0,619706.25
95000.0,135352.23
410000.0,393536.2
115000.0,86666.94
105000.0,92420.336
145024.0,206955.39
210000.0,238005.33
275000.0,206614.88
219540.0,237822.33
91700.0,84669.79
117000.0,148884.31
149500.0,134780.19
171164.0,124211.34
95000.0,74321.18
425000.0,543690.7
650000.0,437736.38
78100.0,112996.305
86000.0,78036.34
142700.0,169488.77
108000.0,155427.83
180000.0,190766.11
205000.0,239195.73
105000.0,154129.0
250000.0,356199.28
126000.0,112755.37
135000.0,139431.8
320525.0,322912.12
493000.0,309455.44
65000.0,63814.152
68000.0,67683.516
81500.0,98424.945
89900.0,106952.52
180250.0,160813.27
144500.0,164379.45
129900.0,141120.56
109080.0,126532.29
269000.0,326842.3
192000.0,213623.44
93500.0,104117.38
300000.0,329666.75
215000.0,201172.22
130000.0,155434.02
139000.0,145543.95
69963.0,72164.96
126900.0,111860.484
65000.0,73699.84
77000.0,74946.17
160000.0,128749.516
230000.0,203578.8
135000.0,151435.67
66500.0,48186.87
175000.0,170795.33
93000.0,74885.734
103000.0,94278.84
167000.0,156962.58
155000.0,172306.08
130000.0,124437.32
233000.0,177043.61
45000.0,61058.152
64000.0,55672.938
120000.0,142491.19
435000.0,428270.84
142000.0,147395.03
220000.0,173580.28
145000.0,145271.0
88500.0,76790.414
225000.0,181312.42
149900.0,130455.34
105000.0,134199.92
330000.0,324355.94
125000.0,123332.305
230000.0,209134.3
60000.0,80016.086
265000.0,241237.3
75000.0,65560.11
96000.0,863697.75
70000.0,100610.92
83000.0,136335.73
298000.0,299920.78
89600.0,99232.53
360000.0,388125.28
109000.0,118417.63
99000.0,89480.56
320000.0,298527.1
1350000.0,1063825.5
650000.0,745379.56
125000.0,184840.42
85000.0,90805.945
248000.0,263385.6
65000.0,66835.8
65000.0,75226.914
147000.0,148923.5
154000.0,132314.64
110000.0,141889.7
113000.0,75425.766
124900.0,150971.36
98900.0,84937.88
135000.0,131408.1
86000.0,103414.54
160000.0,248668.52
114000.0,114043.86
68000.0,71204.55
380000.0,310578.12
99999.0,98972.19
64900.0,69420.33
55000.0,40336.445
260000.0,274508.0
125000.0,163559.75
59000.0,93414.414
95000.0,78370.586
157000.0,130586.2
165000.0,154206.97
225000.0,173891.8
258900.0,246321.5
99000.0,116104.33
87000.0,70964.15
330000.0,475222.44
330000.0,224421.72
395000.0,419394.75
398000.0,260196.92
940000.0,475656.94
250000.0,222513.75
385000.0,475613.3
150000.0,126512.45
225000.0,395684.0
99000.0,110743.37
80000.0,96451.984
69000.0,104891.81
170000.0,166183.69
95950.0,117967.2
168000.0,145040.39
680000.0,1102277.4
74000.0,100521.67
89000.0,84309.91
92000.0,100669.234
240000.0,186462.98
128000.0,127931.93
52000.0,84181.4
215000.0,156612.78
179900.0,198907.7
67500.0,72147.69
125000.0,148070.7
122900.0,125641.37
162000.0,172354.1
220000.0,252257.36
110000.0,88295.03
178000.0,202641.73
160000.0,184884.72
350000.0,289429.0
117900.0,134007.0
142000.0,127510.66
64000.0,72476.73
215000.0,181626.89
185000.0,199082.81
117500.0,124898.555
149000.0,174824.17
118000.0,159369.45
422614.0,360250.12
85000.0,73606.76
77716.0,95458.53
125000.0,203007.39
85000.0,119104.33
950000.0,843834.9
145000.0,173287.38
69900.0,75978.95
109000.0,122659.91
110000.0,96167.234
183000.0,140823.84
400000.0,534701.9
225000.0,240459.33
790000.0,946599.94
280000.0,374133.94
98000.0,131563.58
82000.0,82256.16
159500.0,144107.34
115000.0,121282.586
115000.0,105060.0
130000.0,87979.77
80845.0,66226.34
180000.0,238236.61
160000.0,155294.77
359000.0,155925.14
235000.0,118994.61
47000.0,37486.93
99500.0,88578.59
54900.0,81629.81
69000.0,104500.07
219000.0,252652.22
145000.0,142799.95
109000.0,100244.586
124000.0,154830.62
230000.0,287483.97
80000.0,100511.12
289000.0,260007.22
95000.0,106498.6
298000.0,250453.98
110000.0,85729.875
125000.0,118262.52
85000.0,73585.55
105000.0,96584.33
215000.0,272816.97
80000.0,91127.555
105000.0,130556.9
75000.0,96222.57
209000.0,156520.7
97000.0,88445.28
450000.0,370036.03
78000.0,115801.59
56000.0,69855.92
62000.0,78657.91
29000.0,70472.78
185000.0,139484.25
580000.0,523602.25
59000.0,72049.63
450000.0,345960.25
279000.0,322910.22
69000.0,86909.12
1300000.0,1209042.4
69000.0,95362.55
135000.0,138381.8
630000.0,343250.72
115000.0,225687.2
140000.0,138417.36
131000.0,110590.67
135000.0,96039.445
250000.0,153294.84
280000.0,319110.06
45790.0,41649.89
95000.0,124493.46
175000.0,181006.47
220000.0,183707.17
82000.0,88499.7
154606.0,141986.2
250000.0,190539.81
194000.0,144748.48
235000.0,277634.0
980000.0,904975.2
690000.0,463671.62
129000.0,144803.61
350000.0,282473.38
165000.0,106075.6
49000.0,53905.832
410000.0,339618.16
187000.0,219125.17
76000.0,77391.5
390000.0,288188.16
180000.0,178621.95
490000.0,280067.3
598000.0,543765.1
195000.0,166674.31
90000.0,134722.34
126000.0,75382.95
62300.0,68567.78
77500.0,79233.69
65000.0,84398.734
210000.0,222957.47
69000.0,68594.04
145000.0,87739.81
249000.0,205812.27
619900.0,518071.9
79000.0,70761.62
265000.0,193689.48
105000.0,93475.35
70000.0,74973.875
82000.0,82257.82
129900.0,145081.11
415000.0,357739.7
140000.0,170475.03
220000.0,170290.3
235000.0,288306.16
140000.0,146338.92
69900.0,69429.664
122000.0,122696.38
85000.0,141754.27
140000.0,143689.19
210000.0,176447.42
60000.0,66052.52
575000.0,503509.16
120000.0,158726.97
243000.0,191649.45
135000.0,150260.81
115900.0,117143.7
170000.0,194753.36
180000.0,161286.0
85000.0,97388.04
750000.0,529034.0
110000.0,108975.9
135000.0,166841.58
190000.0,166688.42
165640.0,145536.16
150000.0,168693.47
55000.0,149959.39
78000.0,120874.74
148000.0,144848.86
284900.0,307558.2
155000.0,183420.86
480000.0,641011.0
215000.0,224480.61
64765.0,65678.05
109000.0,132303.88
280000.0,266192.66
150000.0,127223.32
149000.0,136917.2
153900.0,144274.38
89000.0,103248.484
160000.0,136013.3
725000.0,726160.75
103000.0,110457.664
210000.0,152271.25
599000.0,346251.62
65000.0,60270.87
119900.0,128614.02
399999.0,783394.06
215000.0,214052.58
65000.0,71394.96
118000.0,107573.11
149000.0,142455.03
72000.0,79184.61
74500.0,67812.43
128000.0,137750.42
350000.0,453928.5
84900.0,92672.52
169000.0,215377.22
85000.0,130290.71
75000.0,131777.5
67500.0,104891.81
280000.0,227616.27
83000.0,64753.867
169000.0,134558.36
420000.0,376814.6
109500.0,89814.5
118000.0,109044.46
208000.0,148225.19
42000.0,76189.67
79000.0,62784.1
60000.0,85365.09
129000.0,157361.02
101050.0,131191.8
140000.0,123787.02
47250.0,55083.22
198000.0,137898.4
47000.0,53623.625
105000.0,106528.49
103000.0,101175.36
72000.0,115551.49
109999.0,113914.41
76000.0,65189.92
220000.0,218096.56
680000.0,558180.25
278000.0,241701.19
139900.0,148520.25
97000.0,107598.64
69000.0,95401.805
60000.0,62626.0
245000.0,301333.47
119900.0,113047.08
87282.0,96847.625
112000.0,105347.94
65000.0,68313.72
340000.0,381390.12
184000.0,189170.5
78545.0,118182.15
690000.0,444247.94
175000.0,241374.19
295000.0,151457.48
108000.0,123148.516
80000.0,81049.4
75000.0,74626.06
80000.0,109491.29
319000.0,239501.11
165000.0,130138.0
282680.0,471856.47
100000.0,89034.48
124900.0,108887.81
164000.0,129745.414
163000.0,190165.34
139000.0,147636.88
56000.0,66604.06
150000.0,106940.914
329900.0,398130.16
65000.0,77886.97
125000.0,100248.41
275000.0,267630.03
315000.0,299710.2
125000.0,153723.14
240000.0,258980.4
128574.0,119848.47
97000.0,88300.98
150000.0,130411.57
89000.0,91876.34
149000.0,131292.36
187000.0,247719.86
195000.0,208633.75
139000.0,178178.48
239000.0,202375.73
169000.0,180807.77
90000.0,110479.2
138000.0,145996.47
230000.0,268756.03
105000.0,119348.69
90000.0,77317.06
98000.0,79058.54
125000.0,106946.336
598000.0,610727.1
250000.0,186257.69
85000.0,93302.11
138000.0,196240.53
159000.0,162239.6
89000.0,71492.38
255000.0,248566.3
78000.0,75055.55
240000.0,323816.56
93000.0,83804.414
105000.0,110164.836
71000.0,85188.02
169900.0,176512.48
104000.0,100848.94
95000.0,94287.57
55000.0,46722.305
82400.0,97552.29
105000.0,158052.67
118000.0,118639.695
57000.0,76015.1
155000.0,146758.92
240000.0,260666.53
350000.0,377116.97
239000.0,300775.47
420000.0,387593.97
86000.0,63897.883
250000.0,201321.22
120000.0,153513.06
109900.0,115746.58
90000.0,83525.734
149000.0,137323.97
99000.0,141459.89
298000.0,332855.8
135000.0,142580.34
532500.0,446105.3
179000.0,176559.28
98700.0,87589.62
230000.0,223780.86
117000.0,138151.86
159000.0,143236.56
298000.0,204953.36
120000.0,156920.12
139900.0,110114.17
57000.0,91468.01
86900.0,62697.03
59900.0,63158.895
84900.0,133334.73
137000.0,108734.664
275000.0,266206.94
85000.0,73968.57
135000.0,108362.43
89900.0,100074.06
189000.0,261199.4
79900.0,80537.586
199000.0,225429.33
228000.0,162905.44
255000.0,187472.8
89000.0,59052.133
98500.0,115463.17
355000.0,278099.03
150000.0,193901.7
580000.0,331108.06
109680.0,153647.5
300000.0,438701.78
180000.0,218656.25
76000.0,99297.37
260000.0,194272.25
52000.0,88756.72
249000.0,259541.42
75000.0,97528.7
93059.0,117752.16
129000.0,147744.9
229000.0,242711.55
120000.0,112109.09
200000.0,138235.47
480000.0,304134.8
169000.0,149149.44
350000.0,272301.62
74900.0,78996.195
125000.0,126664.05
96000.0,134460.67
220000.0,343963.84
370000.0,242108.03
340000.0,336434.34
128900.0,160825.72
109000.0,104422.125
92000.0,75861.88
375000.0,359825.6
250000.0,231087.52
460000.0,441366.8
230000.0,263201.94
137000.0,159056.17
119000.0,122881.8
790000.0,672090.9
220000.0,304760.47
429900.0,744735.25
330000.0,272338.53
222000.0,218878.81
79500.0,110179.46
89000.0,93527.28
96000.0,83765.266
73112.0,71289.01
82000.0,97444.74
450000.0,405674.22
740000.0,943253.4
90000.0,136128.39
289900.0,304872.2
395000.0,264990.72
82900.0,84109.54
215000.0,195887.33
160034.0,153982.72
105000.0,96489.42
108000.0,96534.78
199900.0,378767.06
112000.0,153946.4
205700.0,207366.27
220000.0,148562.06
199000.0,177459.98
199900.0,122098.48
430000.0,415994.97
64900.0,67924.29
125000.0,96585.88
89000.0,112752.086
178500.0,102694.695
85000.0,79587.08
280819.0,310102.34
150000.0,152775.78
140000.0,112911.984
110000.0,118985.18
110000.0,112888.97
650000.0,696449.3
110000.0,83307.664
85000.0,90381.34
130000.0,119756.79
167000.0,160625.7
180000.0,238183.86
800000.0,715355.44
87000.0,90708.336
185000.0,216388.88
340000.0,241153.95
185000.0,195305.89
69900.0,85907.31
170000.0,149420.9
355000.0,279553.94
119000.0,119521.55
249000.0,231881.08
226000.0,247608.94
96000.0,99351.99
197808.0,149931.3
110000.0,186309.28
75000.0,104744.88
95000.0,87592.4
370000.0,427225.25
135000.0,121158.09
219000.0,148759.2
126000.0,140490.25
109900.0,111158.97
84100.0,89277.65
175000.0,266798.06
315000.0,167573.56
105000.0,141885.72
339000.0,329535.06
102000.0,106733.97
149900.0,156009.52
212000.0,170447.3
350000.0,249822.2
155000.0,132303.88
248000.0,150890.53
950000.0,912764.7
170000.0,120185.31
180000.0,109436.234
190000.0,236029.33
93000.0,89360.875
119900.0,136688.55
250000.0,297935.44
87000.0,90264.2
300000.0,302860.8
540000.0,520067.06
89900.0,75345.266
141900.0,155343.3
108000.0,102163.18
700000.0,379193.97
134900.0,121732.89
260000.0,406784.78
119000.0,233635.03
124800.0,154034.12
360000.0,382922.25
500000.0,659671.75
95000.0,88401.484
330000.0,251896.17
115000.0,124891.484
422000.0,522831.9
110000.0,160754.45
124800.0,128527.586
104000.0,95700.35
83000.0,94263.22
58000.0,49201.24
79000.0,110576.86
860000.0,524194.94
149000.0,141462.16
119900.0,163774.84
141362.0,159703.7
83000.0,79452.74
95000.0,101884.53
129000.0,149904.58
99500.0,96769.086
80000.0,81679.16
130000.0,157985.48
120000.0,161695.23
360000.0,358209.0
235000.0,245637.16
295000.0,150272.2
192000.0,155823.2
50000.0,62161.727
47000.0,45969.12
135000.0,146908.58
89000.0,117502.86
120000.0,119577.17
185000.0,141441.31
322000.0,309123.2
410000.0,382017.53
199000.0,186538.55
189000.0,156677.38
200000.0,223890.44
120000.0,112549.805
79000.0,74640.336
79000.0,62820.98
348000.0,437971.53
480000.0,501179.0
166000.0,177105.97
430000.0,352778.9
126000.0,174531.02
135000.0,213090.84
85000.0,97691.555
1100000.0,808395.1
118044.0,104170.6
374900.0,299556.3
85000.0,79070.23
379000.0,349050.06
145000.0,96812.766
169000.0,138995.72
950000.0,581633.44
105000.0,76520.195
145000.0,132337.53
219782.0,169548.84
169900.0,158492.08
320000.0,253696.17
680000.0,519502.2
150000.0,149585.64
165000.0,182728.55
330000.0,249862.98
99157.0,111519.21
205000.0,247361.28
140000.0,147550.53
409999.0,361451.4
39500.0,63006.152
115000.0,77121.05
482000.0,335592.06
95000.0,104487.08
78000.0,96834.53
289000.0,331589.28
75000.0,66406.9
80000.0,99799.06
275000.0,289976.78
139000.0,268580.66
158000.0,160413.94
99000.0,90352.0
146000.0,169092.9
90000.0,89244.445
147000.0,136820.95
115000.0,125871.33
490000.0,463018.28
165001.0,139138.11
300000.0,559228.1
75000.0,81785.43
129500.0,182638.14
117000.0,132675.22
128000.0,146776.67
260000.0,349756.1
175000.0,129213.016
117000.0,102413.73
98000.0,84349.31
500000.0,329791.8
135000.0,126062.15
86000.0,128086.375
130000.0,141883.84
184559.0,168345.23
120000.0,74877.11
120000.0,120835.016
150000.0,131365.62
118500.0,132847.02
134000.0,164660.39
400000.0,771882.75
165000.0,132575.95
135000.0,128250.8
119000.0,97144.516
195000.0,141434.2
346000.0,460949.25
212000.0,269860.2
180000.0,243912.84
160000.0,162269.92
143000.0,95609.016
196000.0,225767.03
110000.0,130307.734
69900.0,93180.55
248000.0,296545.9
78500.0,113533.15
249000.0,192643.7
799000.0,395840.7
108000.0,102640.71
159000.0,114893.02
279000.0,324855.06
201590.0,157295.45
450000.0,444526.2
125000.0,176264.12
50000.0,74748.4
69000.0,72041.516
89000.0,103170.31
219000.0,201805.5
111089.0,123464.75
1300000.0,985628.3
81000.0,92873.43
189000.0,216979.92
360000.0,462474.84
63000.0,111659.9
190000.0,212266.7
320000.0,325717.25
107000.0,83590.9
83000.0,133577.6
219000.0,209562.19
89900.0,111694.36
159000.0,133444.58
226000.0,729641.0
195000.0,162314.83
199000.0,212936.75
79000.0,96043.86
139000.0,115985.93
74500.0,71719.28
219000.0,235069.83
43500.0,72294.67
248000.0,187552.6
120000.0,98652.516
89000.0,71371.67
109000.0,98082.32
104999.0,126514.586
130000.0,141029.62
265000.0,293370.94
162200.0,133920.6
520000.0,499605.5
370000.0,315371.22
148000.0,194161.75
87500.0,92609.516
235000.0,260935.5
74000.0,76132.766
619999.0,489043.6
49500.0,58175.25
105000.0,116220.055
320000.0,302617.88
1300000.0,1114380.6
49450.0,59005.38
438000.0,404570.62
140000.0,109168.44
460000.0,299083.06
130000.0,141384.08
319000.0,299928.88
49900.0,60941.37
80000.0,73932.055
75000.0,72993.34
110000.0,117851.37
48000.0,44457.89
330000.0,405285.1
149500.0,164619.83
680000.0,368158.6
108000.0,98820.78
199000.0,280083.34
135000.0,86715.414
59900.0,64738.242
350000.0,342852.5
72000.0,61417.152
130000.0,148695.72
492000.0,381638.44
109000.0,127915.2
690000.0,362572.03
350000.0,353913.44
79200.0,85635.414
350000.0,510386.88
129000.0,96079.875
139000.0,210317.44
150000.0,144783.28
549000.0,565312.06
85000.0,105896.85
130000.0,97425.164
150000.0,221303.1
179000.0,155531.84
80000.0,92156.6
139000.0,119675.24
70000.0,79642.98
85000.0,96543.73
169000.0,141878.8
170000.0,129649.47
103000.0,100694.54
55000.0,83299.88
48000.0,56306.36
79000.0,84462.484
74900.0,84706.73
220000.0,188775.23
210000.0,198781.36
575000.0,444557.25
95000.0,107917.34
49500.0,53277.64
110000.0,67426.52
147898.0,191655.11
460000.0,488743.4
252000.0,308682.9
120000.0,135402.03
580000.0,516044.2
75000.0,69234.1
39000.0,26108.42
45000.0,62309.234
265000.0,241618.2
270000.0,336183.78
310000.0,376307.25
180000.0,241493.25
70000.0,81241.516
104000.0,119328.68
179000.0,208811.84
149000.0,167908.88
180000.0,200475.78
135000.0,136652.92
164000.0,114154.76
595000.0,432042.75
68000.0,69895.37
182000.0,251759.36
94000.0,109483.3
119000.0,143831.19
81500.0,66822.68
280000.0,323728.56
132000.0,107751.47
382487.0,356406.44
263000.0,266012.84
139000.0,146089.42
175000.0,153838.36
175000.0,192934.48
109000.0,116726.22
59000.0,66689.67
1500000.0,746697.44
258000.0,232294.61
320000.0,263656.28
250000.0,296651.5
680000.0,1040491.94
199000.0,222013.52
280000.0,344485.3
224000.0,288341.9
1500000.0,653633.0
197000.0,174676.81
295000.0,407236.75
88935.0,67976.47
485000.0,327524.34
83379.0,136162.33
165000.0,172662.28
1190000.0,1108639.2
225000.0,139917.33
165625.0,166028.45
252000.0,238366.56
615000.0,312185.34
450000.0,331493.5
139900.0,153505.22
295000.0,366561.88
355000.0,302817.34
55000.0,70892.77
105000.0,128188.23
320000.0,258633.11
172200.0,167061.56
275000.0,311493.28
114900.0,115746.58
229000.0,282584.9
260000.0,159477.33
190000.0,187793.33
92417.0,70985.05
65000.0,99498.65
150000.0,153644.77
129000.0,142148.89
95000.0,104142.516
270000.0,213474.19
112500.0,119203.72
80000.0,85021.445
63000.0,80164.75
175000.0,234172.42
129000.0,142866.92
198000.0,183318.55
125000.0,133102.64
750000.0,560320.4
480000.0,479437.12
212000.0,135731.95
70000.0,92450.88
280000.0,248116.7
180000.0,199144.14
83000.0,79631.3
125000.0,137759.67
345000.0,297330.97
50000.0,78643.336
125000.0,128055.8
150000.0,207088.3
69048.0,71448.15
450000.0,531512.0
80438.0,97480.914
880000.0,378146.3
355000.0,326708.1
129900.0,146325.56
170000.0,184283.48
69500.0,69052.086
279990.0,206435.88
57000.0,126686.22
259900.0,176207.47
153000.0,132363.28
165000.0,159795.8
345000.0,284996.2
330000.0,203117.27
389000.0,514014.3
100000.0,122696.38
98000.0,85993.29
340000.0,375725.88
90000.0,78789.25
225000.0,269628.0
350000.0,365982.56
130000.0,124053.875
250000.0,105827.81
37500.0,54474.293
115000.0,115643.33
580000.0,610836.56
100000.0,94112.41
260000.0,264096.66
48900.0,92033.805
138000.0,156815.69
149000.0,132043.7
110000.0,102631.85
750000.0,1130068.2
320000.0,380763.53
51500.0,78970.63
80000.0,115818.36
73612.0,64606.098
124500.0,100529.52
155000.0,310625.38
78500.0,81792.39
66500.0,79571.35
138000.0,150339.5
218900.0,180566.75
125000.0,119212.24
230000.0,205712.4
160000.0,225067.42
173000.0,210543.33
72000.0,94211.06
59990.0,73123.695
180000.0,202752.28
220000.0,184364.64
92000.0,195061.3
110000.0,95248.81
274000.0,302776.6
110000.0,94023.586
59000.0,73184.23
320000.0,327296.47
790000.0,881461.3
150000.0,211413.98
1020000.0,859000.4
135000.0,112037.92
135000.0,129971.664
130000.0,102157.36
230600.0,192913.77
105000.0,118844.34
144900.0,137063.27
185000.0,189308.08
445000.0,205463.78
79900.0,95974.43
265000.0,386701.88
139900.0,123497.29
135000.0,142817.89
196500.0,107531.04
329000.0,342846.72
110000.0,101143.68
135000.0,187430.31
75000.0,109158.484
530000.0,774267.0
165000.0,311162.8
129000.0,111967.64
68000.0,90831.79
90000.0,74247.125
108000.0,101097.64
280000.0,341624.5
180000.0,227290.77
315000.0,333235.34
245000.0,207128.3
179500.0,169879.03
345000.0,327174.8
175000.0,203319.7
195000.0,138362.61
68000.0,87252.46
155000.0,148673.28
120000.0,119728.125
115000.0,148664.23
90000.0,105481.43
82000.0,72517.77
140000.0,132025.8
120000.0,117964.17
649000.0,555890.4
131918.0,129549.86
95000.0,83256.28
238000.0,286502.16
110000.0,100055.4
145000.0,227709.03
110000.0,76352.97
285000.0,339009.66
175000.0,257801.6
360000.0,378815.2
194000.0,243161.28
118000.0,104861.695
365000.0,409845.3
54000.0,93915.836
320000.0,226297.75
113900.0,111583.836
140000.0,176192.55
370000.0,313547.66
149900.0,218815.34
650000.0,568644.1
195000.0,184023.77
135000.0,147984.16
240000.0,348403.9
135000.0,165461.98
249000.0,275509.97
130000.0,106269.12
495000.0,493921.62
150000.0,123969.125
850000.0,687525.44
70000.0,91131.93
89000.0,103106.91
125000.0,124623.57
79900.0,108779.89
157000.0,164049.89
73940.0,90966.24
175000.0,354603.2
75000.0,60134.957
199000.0,309589.5
69400.0,99001.586
520000.0,242435.2
97000.0,75227.61
219000.0,164033.84
82900.0,83363.56
116000.0,106413.28
159000.0,156541.95
42325.0,54535.895
120000.0,122602.24
110000.0,152518.69
82000.0,75417.195
120000.0,146989.47
134800.0,126006.19
165000.0,151233.06
180000.0,114070.54
430000.0,509504.2
212750.0,621750.1
189900.0,197521.6
520000.0,569202.2
82000.0,61964.863
70000.0,80333.74
118000.0,164146.42
360000.0,445626.22
120000.0,110912.84
250000.0,210430.95
155000.0,165950.02
200000.0,161142.72
112000.0,91485.875
620000.0,679170.7
469000.0,389981.78
75000.0,80209.41
219000.0,243082.05
80000.0,97913.05
98106.0,133729.92
210000.0,188350.05
140000.0,161331.05
65000.0,89915.61
580000.0,416252.66
500000.0,813418.5
120000.0,105421.06
241385.0,177453.0
99000.0,114673.74
175000.0,171293.8
189000.0,245277.23
132900.0,112658.99
155000.0,127222.92
53900.0,61396.418
81090.0,110179.46
770000.0,901419.8
135000.0,160387.39
511850.0,644403.9
185000.0,219050.89
390000.0,325116.8
199900.0,269929.25
89000.0,100279.0
295000.0,285052.94
245000.0,227090.22
270000.0,211760.81
155000.0,150093.52
245000.0,267342.0
375000.0,234327.3
130000.0,85065.82
110000.0,146384.45
115000.0,143282.62
85000.0,157477.48
172000.0,140284.64
85000.0,82528.51
640000.0,571596.44
180000.0,165420.78
77000.0,82107.45
100000.0,85126.96
125000.0,135534.08
144000.0,157842.42
212000.0,240517.06
87475.0,122760.56
119900.0,101431.72
170000.0,199640.23
155000.0,176313.84
300000.0,317721.94
150000.0,194753.36
275000.0,229260.22
129800.0,128373.92
89000.0,84579.32
89000.0,99783.77
84900.0,86697.11
78000.0,152027.88
170000.0,142708.52
460000.0,269911.0
78900.0,71533.7
140000.0,123657.36
95800.0,81946.57
99000.0,100917.79
369000.0,484367.84
134900.0,127210.26
68000.0,76618.61
185000.0,158998.28
1190000.0,1108639.2
299000.0,228370.27
85000.0,74299.016
104200.0,125932.15
98400.0,79930.7
306000.0,422474.3
486500.0,397142.0
77000.0,69881.0
110000.0,96333.16
123000.0,78741.33
375000.0,249411.28
245000.0,307154.06
